species,gear_type,start_date,spec_num,id_genetics,TL,wgt,sex,gonad_stage,gonad_wgt,lat,lon,site_1,site_2,gene,otoliths
Lates calcarifer,Unknown,3/5/2017,BA170503-01,NA,713,NA,f,NA,NA,NA,NA,Lower Prince Regent,St George Basin,TRUE,2
Lates calcarifer,Unknown,3/5/2017,BA170503-02,NA,765,NA,m,NA,NA,NA,NA,Lower Prince Regent,St George Basin,TRUE,2
Lates calcarifer,Unknown,3/5/2017,BA170503-03,NA,815,NA,NA,NA,NA,NA,NA,Lower Prince Regent,St George Basin,TRUE,2
Lates calcarifer,Gillnet,4/5/2017,BA170504-01,NA,810,NA,f,2,NA,-15.60156944,125.2883388888889,Lower Prince Regent,St George Basin,TRUE,2
Lates calcarifer,Gillnet,4/5/2017,BA170504-02,NA,850,NA,f,2,NA,-15.60156944,125.2883388888889,Lower Prince Regent,St George Basin,TRUE,2
Lates calcarifer,Gillnet,4/5/2017,BA170504-03,NA,650,NA,m,NA,NA,-15.60156944,125.2883388888889,Lower Prince Regent,St George Basin,TRUE,2
Lates calcarifer,Gillnet,4/5/2017,BA170504-04,NA,710,NA,m,2,NA,-15.60156944,125.2883388888889,Lower Prince Regent,St George Basin,TRUE,2
Lates calcarifer,Gillnet,4/5/2017,BA170504-05,NA,740,NA,NA,2,NA,-15.60156944,125.2883388888889,Lower Prince Regent,St George Basin,TRUE,2
Lates calcarifer,Gillnet,5/5/2017,BA170505-01,NA,862,NA,f,2,NA,-15.6253,125.31772708333334,Lower Prince Regent,St George Basin,TRUE,1
Lates calcarifer,Gillnet,5/5/2017,BA170505-02,NA,761,NA,f,2,NA,-15.6253,125.31772708333334,Lower Prince Regent,St George Basin,TRUE,2
Lates calcarifer,Gillnet,5/5/2017,BA170505-03,NA,795,NA,f,NA,NA,-15.6253,125.31772708333334,Lower Prince Regent,St George Basin,TRUE,2
Lates calcarifer,Gillnet,5/5/2017,BA170505-04,NA,923,NA,f,2,NA,-15.6253,125.31772708333334,Lower Prince Regent,St George Basin,TRUE,2
Lates calcarifer,Gillnet,5/5/2017,BA170505-05,NA,856,NA,m,2,NA,-15.6253,125.31772708333334,Lower Prince Regent,St George Basin,TRUE,2
Lates calcarifer,Gillnet,5/5/2017,BA170505-06,NA,826,NA,f,2,NA,-15.6253,125.31772708333334,Lower Prince Regent,St George Basin,TRUE,2
Lates calcarifer,Gillnet,5/5/2017,BA170505-07,NA,800,NA,f,2,NA,-15.6253,125.31772708333334,Lower Prince Regent,St George Basin,TRUE,2
Lates calcarifer,Gillnet,5/5/2017,BA170505-08,NA,780,NA,f,2,NA,-15.6253,125.31772708333334,Lower Prince Regent,St George Basin,TRUE,2
Lates calcarifer,Gillnet,5/5/2017,BA170505-09,NA,870,NA,f,2,NA,-15.6253,125.31772708333334,Lower Prince Regent,St George Basin,TRUE,2
Lates calcarifer,Gillnet,5/5/2017,BA170505-10,NA,880,NA,f,2,NA,-15.6253,125.31772708333334,Lower Prince Regent,St George Basin,TRUE,2
Lates calcarifer,Gillnet,6/5/2017,BA170506-01,NA,780,NA,m,2,NA,-15.53345417,125.21413749999999,Lower Prince Regent,St George Basin,TRUE,2
Lates calcarifer,Gillnet,6/5/2017,BA170506-02,NA,890,NA,f,2,NA,-15.53345417,125.21413749999999,Lower Prince Regent,St George Basin,TRUE,2
Lates calcarifer,Gillnet,6/5/2017,BA170506-03,NA,835,NA,f,2,NA,-15.53345417,125.21413749999999,Lower Prince Regent,St George Basin,TRUE,2
Lates calcarifer,Gillnet,6/5/2017,BA170506-04,NA,909,NA,m,2,NA,-15.53345417,125.21413749999999,Lower Prince Regent,St George Basin,TRUE,2
Lates calcarifer,Gillnet,6/5/2017,BA170506-05,NA,811,NA,m,2,NA,-15.53345417,125.21413749999999,Lower Prince Regent,St George Basin,TRUE,2
Lates calcarifer,Gillnet,6/5/2017,BA170506-06,NA,876,NA,m,2,NA,-15.53345417,125.21413749999999,Lower Prince Regent,St George Basin,TRUE,2
Lates calcarifer,Gillnet,6/5/2017,BA170506-07,NA,756,NA,m,2,NA,-15.53345417,125.21413749999999,Lower Prince Regent,St George Basin,TRUE,2
Lates calcarifer,Gillnet,7/5/2017,BA170507-01,NA,875,NA,m,2,NA,-15.50044815,125.06919444444445,Lower Prince Regent,St George Basin,TRUE,2
Lates calcarifer,Gillnet,7/5/2017,BA170507-02,NA,770,NA,f,2,NA,-15.50044815,125.06919444444445,Lower Prince Regent,St George Basin,TRUE,2
Lates calcarifer,Gillnet,7/5/2017,BA170507-03,NA,840,NA,m,2,NA,-15.50044815,125.06919444444445,Lower Prince Regent,St George Basin,TRUE,2
Lates calcarifer,Gillnet,7/5/2017,BA170507-04,NA,780,NA,f,2,NA,-15.50044815,125.06919444444445,Lower Prince Regent,St George Basin,TRUE,2
Lates calcarifer,Gillnet,7/5/2017,BA170507-05,NA,865,NA,m,2,NA,-15.50044815,125.06919444444445,Lower Prince Regent,St George Basin,TRUE,2
Lates calcarifer,Gillnet,7/5/2017,BA170507-06,NA,810,NA,f,2,NA,-15.50044815,125.06919444444445,Lower Prince Regent,St George Basin,TRUE,2
Lates calcarifer,Gillnet,7/5/2017,BA170507-07,NA,835,NA,f,2,NA,-15.50044815,125.06919444444445,Lower Prince Regent,St George Basin,TRUE,0
Lates calcarifer,Gillnet,8/5/2017,BA170508-01,NA,737,NA,m,2,NA,-15.48649,124.96696166666668,Lower Prince Regent,St George Basin,TRUE,2
Lates calcarifer,Gillnet,8/5/2017,BA170508-02,NA,935,NA,m,2,NA,-15.48649,124.96696166666668,Lower Prince Regent,St George Basin,TRUE,2
Lates calcarifer,Gillnet,8/5/2017,BA170508-03,NA,897,NA,m,2,NA,-15.48649,124.96696166666668,Lower Prince Regent,St George Basin,TRUE,2
Lates calcarifer,Gillnet,8/5/2017,BA170508-04,NA,784,NA,f,2,NA,-15.48649,124.96696166666668,Lower Prince Regent,St George Basin,TRUE,2
Lates calcarifer,Gillnet,8/5/2017,BA170508-05,NA,769,NA,m,2,NA,-15.48649,124.96696166666668,Lower Prince Regent,St George Basin,TRUE,2
Lates calcarifer,Gillnet,8/5/2017,BA170508-06,NA,756,NA,f,2,NA,-15.48649,124.96696166666668,Lower Prince Regent,St George Basin,TRUE,2
Lates calcarifer,Gillnet,8/5/2017,BA170508-07,NA,881,NA,f,2,NA,-15.48649,124.96696166666668,Lower Prince Regent,St George Basin,TRUE,2
Lates calcarifer,Gillnet,8/5/2017,BA170508-08,NA,675,NA,NA,2,NA,-15.48649,124.96696166666668,Lower Prince Regent,St George Basin,TRUE,1
Lates calcarifer,Gillnet,8/5/2017,BA170508-09,NA,902,NA,f,2,NA,-15.48649,124.96696166666668,Lower Prince Regent,St George Basin,TRUE,2
Lates calcarifer,Gillnet,8/5/2017,BA170508-10,NA,893,NA,m,2,NA,-15.48649,124.96696166666668,Lower Prince Regent,St George Basin,TRUE,2
Lates calcarifer,Gillnet,8/5/2017,BA170508-11,NA,707,NA,m,NA,NA,-15.48649,124.96696166666668,Lower Prince Regent,St George Basin,TRUE,2
Lates calcarifer,Gillnet,8/5/2017,BA170508-12,NA,854,NA,NA,2,NA,-15.48649,124.96696166666668,Lower Prince Regent,St George Basin,TRUE,2
Lates calcarifer,Gillnet,8/5/2017,BA170508-13,NA,780,NA,f,2,NA,-15.48649,124.96696166666668,Lower Prince Regent,St George Basin,TRUE,2
Lates calcarifer,Gillnet,8/5/2017,BA170508-14,NA,741,NA,f,2,NA,-15.48649,124.96696166666668,Lower Prince Regent,St George Basin,TRUE,2
Lates calcarifer,Gillnet,8/5/2017,BA170508-15,NA,716,NA,m,NA,NA,-15.48649,124.96696166666668,Lower Prince Regent,St George Basin,TRUE,2
Lates calcarifer,Gillnet,8/5/2017,BA170508-16,NA,828,NA,m,2,NA,-15.48649,124.96696166666668,Lower Prince Regent,St George Basin,FALSE,2
Lates calcarifer,Gillnet,8/5/2017,BA170508-17,NA,857,NA,m,2,NA,-15.48649,124.96696166666668,Lower Prince Regent,St George Basin,FALSE,2
Lates calcarifer,Gillnet,8/5/2017,BA170508-18,NA,756,NA,f,2,NA,-15.48649,124.96696166666668,Lower Prince Regent,St George Basin,FALSE,2
Lates calcarifer,Gillnet,9/5/2017,BA170509-01,NA,796,NA,f,2,NA,-15.496045,125.00023000000002,Lower Prince Regent,St George Basin,TRUE,2
Lates calcarifer,Gillnet,9/5/2017,BA170509-02,NA,810,NA,m,2,NA,-15.496045,125.00023000000002,Lower Prince Regent,St George Basin,TRUE,2
Lates calcarifer,Gillnet,9/5/2017,BA170509-03,NA,885,NA,m,2,NA,-15.496045,125.00023000000002,Lower Prince Regent,St George Basin,TRUE,2
Lates calcarifer,Gillnet,9/5/2017,BA170509-04,NA,801,NA,m,2,NA,-15.496045,125.00023000000002,Lower Prince Regent,St George Basin,TRUE,1
Lates calcarifer,Gillnet,9/5/2017,BA170509-05,NA,751,NA,f,2,NA,-15.496045,125.00023000000002,Lower Prince Regent,St George Basin,TRUE,2
Lates calcarifer,Gillnet,9/5/2017,BA170509-06,NA,760,NA,f,2,NA,-15.496045,125.00023000000002,Lower Prince Regent,St George Basin,FALSE,2
Lates calcarifer,Gillnet,9/5/2017,BA170509-07,NA,755,NA,m,2,NA,-15.496045,125.00023000000002,Lower Prince Regent,St George Basin,FALSE,2
Lates calcarifer,Gillnet,9/5/2017,BA170509-08,NA,829,NA,m,2,NA,-15.496045,125.00023000000002,Lower Prince Regent,St George Basin,FALSE,2
Lates calcarifer,Gillnet,9/5/2017,BA170509-09,NA,892,NA,f,2,NA,-15.496045,125.00023000000002,Lower Prince Regent,St George Basin,FALSE,2
Lates calcarifer,Gillnet,9/5/2017,BA170509-10,NA,691,NA,f,2,NA,-15.496045,125.00023000000002,Lower Prince Regent,St George Basin,FALSE,2
Lates calcarifer,Gillnet,10/5/2017,BA170510-01,NA,800,NA,f,2,NA,-15.32320667,125.15238833333335,Spitfire creek,St George Basin,TRUE,2
Lates calcarifer,Gillnet,10/5/2017,BA170510-02,NA,812,NA,f,2,NA,-15.32320667,125.15238833333335,Spitfire creek,St George Basin,TRUE,2
Lates calcarifer,Gillnet,10/5/2017,BA170510-03,NA,841,NA,m,2,NA,-15.32320667,125.15238833333335,Spitfire creek,St George Basin,TRUE,2
Lates calcarifer,Gillnet,10/5/2017,BA170510-04,NA,860,NA,f,2,NA,-15.32320667,125.15238833333335,Spitfire creek,St George Basin,TRUE,2
Lates calcarifer,Gillnet,10/5/2017,BA170510-05,NA,842,NA,m,2,NA,-15.32320667,125.15238833333335,Spitfire creek,St George Basin,TRUE,2
Lates calcarifer,Gillnet,10/5/2017,BA170510-06,NA,806,NA,f,2,NA,-15.32320667,125.15238833333335,Spitfire creek,St George Basin,FALSE,2
Lates calcarifer,Gillnet,10/5/2017,BA170510-07,NA,810,NA,m,2,NA,-15.32320667,125.15238833333335,Spitfire creek,St George Basin,FALSE,2
Lates calcarifer,Gillnet,10/5/2017,BA170510-08,NA,747,NA,f,2,NA,-15.32320667,125.15238833333335,Spitfire creek,St George Basin,FALSE,2
Lates calcarifer,Gillnet,10/5/2017,BA170510-09,NA,812,NA,f,2,NA,-15.32320667,125.15238833333335,Spitfire creek,St George Basin,FALSE,2
Lates calcarifer,Gillnet,10/5/2017,BA170510-10,NA,821,NA,f,2,NA,-15.32320667,125.15238833333335,Spitfire creek,St George Basin,FALSE,2
Lates calcarifer,Gillnet,10/5/2017,BA170510-11,NA,828,NA,f,2,NA,-15.32320667,125.15238833333335,Spitfire creek,St George Basin,FALSE,2
Lates calcarifer,Gillnet,10/5/2017,BA170510-12,NA,838,NA,f,2,NA,-15.32320667,125.15238833333335,Spitfire creek,St George Basin,FALSE,2
Lates calcarifer,Gillnet,10/5/2017,BA170510-13,NA,818,NA,m,2,NA,-15.32320667,125.15238833333335,Spitfire creek,St George Basin,FALSE,2
Lates calcarifer,Gillnet,10/5/2017,BA170510-14,NA,844,NA,NA,2,NA,-15.32320667,125.15238833333335,Spitfire creek,St George Basin,FALSE,2
Lates calcarifer,Gillnet,10/5/2017,BA170510-15,NA,831,NA,f,2,NA,-15.32320667,125.15238833333335,Spitfire creek,St George Basin,FALSE,2
Lates calcarifer,Gillnet,10/5/2017,BA170510-16,NA,812,NA,NA,2,NA,-15.32320667,125.15238833333335,Spitfire creek,St George Basin,FALSE,2
Lates calcarifer,Gillnet,10/5/2017,BA170510-17,NA,789,NA,f,NA,NA,-15.32320667,125.15238833333335,Spitfire creek,St George Basin,FALSE,2
Lates calcarifer,Gillnet,10/5/2017,BA170510-18,NA,830,NA,NA,2,NA,-15.32320667,125.15238833333335,Spitfire creek,St George Basin,FALSE,2
Lates calcarifer,Gillnet,10/5/2017,BA170510-19,NA,800,NA,f,NA,NA,-15.32320667,125.15238833333335,Spitfire creek,St George Basin,FALSE,2
Lates calcarifer,Gillnet,10/5/2017,BA170510-20,NA,865,NA,f,2,NA,-15.32320667,125.15238833333335,Spitfire creek,St George Basin,FALSE,2
Lates calcarifer,Gillnet,10/5/2017,BA170510-21,NA,828,NA,m,NA,NA,-15.32320667,125.15238833333335,Spitfire creek,St George Basin,FALSE,2
Lates calcarifer,Gillnet,10/5/2017,BA170510-22,NA,844,NA,m,2,NA,-15.32320667,125.15238833333335,Spitfire creek,St George Basin,FALSE,2
Lates calcarifer,Gillnet,10/5/2017,BA170510-23,NA,810,NA,m,2,NA,-15.32320667,125.15238833333335,Spitfire creek,St George Basin,FALSE,2
Lates calcarifer,Gillnet,12/5/2017,BA170512-40,NA,915,NA,f,2,28.58,-16.10119167,124.47525416666667,Raft Point,Doubtful Bay,TRUE,2
Lates calcarifer,Gillnet,12/5/2017,BA170512-41,NA,765,NA,f,2,2.48,-16.10119167,124.47525416666667,Raft Point,Doubtful Bay,TRUE,2
Lates calcarifer,Gillnet,12/5/2017,BA170512-42,NA,907,NA,m,2,30.44,-16.10119167,124.47525416666667,Raft Point,Doubtful Bay,FALSE,2
Lates calcarifer,Gillnet,12/5/2017,BA170512-43,NA,842,NA,f,2,46.88,-16.10119167,124.47525416666667,Raft Point,Doubtful Bay,TRUE,2
Lates calcarifer,Gillnet,12/5/2017,BA170512-44,NA,832,NA,m,2,17.04,-16.10119167,124.47525416666667,Raft Point,Doubtful Bay,TRUE,2
Lates calcarifer,Gillnet,12/5/2017,BA170512-45,NA,705,NA,f,2,0.94,-16.10119167,124.47525416666667,Raft Point,Doubtful Bay,TRUE,2
Lates calcarifer,Gillnet,12/5/2017,BA170512-46,NA,805,NA,f,2,32.16,-16.10119167,124.47525416666667,Raft Point,Doubtful Bay,FALSE,2
Lates calcarifer,Gillnet,12/5/2017,BA170512-47,NA,750,NA,f,2,2.6,-16.10119167,124.47525416666667,Raft Point,Doubtful Bay,FALSE,2
Lates calcarifer,Gillnet,12/5/2017,BA170512-48,NA,836,NA,f,2,17.34,-16.10119167,124.47525416666667,Raft Point,Doubtful Bay,FALSE,2
Lates calcarifer,Gillnet,12/5/2017,BA170512-49,NA,872,NA,f,2,18.24,-16.10119167,124.47525416666667,Raft Point,Doubtful Bay,FALSE,2
Lates calcarifer,Gillnet,12/5/2017,BA170512-50,NA,795,NA,m,2,NA,-16.10119167,124.47525416666667,Raft Point,Doubtful Bay,FALSE,2
Lates calcarifer,Gillnet,12/5/2017,BA170512-51,NA,773,NA,f,2,16.92,-16.10119167,124.47525416666667,Raft Point,Doubtful Bay,FALSE,2
Lates calcarifer,Gillnet,12/5/2017,BA170512-52,NA,795,NA,m,2,13.2,-16.10119167,124.47525416666667,Raft Point,Doubtful Bay,FALSE,2
Lates calcarifer,Gillnet,12/5/2017,BA170512-53,NA,810,NA,m,2,3.26,-16.10119167,124.47525416666667,Raft Point,Doubtful Bay,FALSE,2
Lates calcarifer,Gillnet,12/5/2017,BA170512-01,NA,750,NA,m,2,1.2,-16.09182167,124.61297166666668,Red Cone Bay,Doubtful Bay,TRUE,2
Lates calcarifer,Gillnet,12/5/2017,BA170512-02,NA,651,NA,m,2,1.1,-16.09182167,124.61297166666668,Red Cone Bay,Doubtful Bay,TRUE,2
Lates calcarifer,Gillnet,12/5/2017,BA170512-03,NA,750,NA,f,2,3.2,-16.09182167,124.61297166666668,Red Cone Bay,Doubtful Bay,TRUE,1
Lates calcarifer,Gillnet,12/5/2017,BA170512-04,NA,740,NA,m,2,1.4,-16.09182167,124.61297166666668,Red Cone Bay,Doubtful Bay,TRUE,2
Lates calcarifer,Gillnet,12/5/2017,BA170512-05,NA,748,NA,m,2,2.1,-16.09182167,124.61297166666668,Red Cone Bay,Doubtful Bay,TRUE,2
Lates calcarifer,Gillnet,12/5/2017,BA170512-06,NA,986,NA,f,2,NA,-16.09182167,124.61297166666668,Red Cone Bay,Doubtful Bay,FALSE,2
Lates calcarifer,Gillnet,12/5/2017,BA170512-07,NA,685,NA,m,2,2.26,-16.09182167,124.61297166666668,Red Cone Bay,Doubtful Bay,FALSE,2
Lates calcarifer,Gillnet,12/5/2017,BA170512-08,NA,664,NA,m,2,1.56,-16.09182167,124.61297166666668,Red Cone Bay,Doubtful Bay,FALSE,2
Lates calcarifer,Gillnet,12/5/2017,BA170512-09,NA,741,NA,m,2,9.76,-16.09182167,124.61297166666668,Red Cone Bay,Doubtful Bay,FALSE,2
Lates calcarifer,Gillnet,12/5/2017,BA170512-10,NA,650,NA,m,2,1.94,-16.09182167,124.61297166666668,Red Cone Bay,Doubtful Bay,FALSE,2
Lates calcarifer,Gillnet,12/5/2017,BA170512-11,NA,731,NA,m,2,1.1,-16.09182167,124.61297166666668,Red Cone Bay,Doubtful Bay,FALSE,2
Lates calcarifer,Gillnet,12/5/2017,BA170512-12,NA,680,NA,m,2,0.88,-16.09182167,124.61297166666668,Red Cone Bay,Doubtful Bay,FALSE,2
Lates calcarifer,Gillnet,12/5/2017,BA170512-13,NA,748,NA,NA,2,1.84,-16.09182167,124.61297166666668,Red Cone Bay,Doubtful Bay,FALSE,2
Lates calcarifer,Gillnet,12/5/2017,BA170512-14,NA,615,NA,m,2,1.3,-16.09182167,124.61297166666668,Red Cone Bay,Doubtful Bay,FALSE,2
Lates calcarifer,Gillnet,12/5/2017,BA170512-15,NA,795,NA,f,2,2.64,-16.09182167,124.61297166666668,Red Cone Bay,Doubtful Bay,FALSE,2
Lates calcarifer,Gillnet,12/5/2017,BA170512-16,NA,652,NA,m,NA,NA,-16.09182167,124.61297166666668,Red Cone Bay,Doubtful Bay,FALSE,2
Lates calcarifer,Gillnet,12/5/2017,BA170512-17,NA,616,NA,m,2,1.68,-16.09182167,124.61297166666668,Red Cone Bay,Doubtful Bay,FALSE,2
Lates calcarifer,Gillnet,12/5/2017,BA170512-18,NA,745,NA,f,2,11.48,-16.09182167,124.61297166666668,Red Cone Bay,Doubtful Bay,FALSE,2
Lates calcarifer,Gillnet,12/5/2017,BA170512-19,NA,713,NA,m,2,NA,-16.09182167,124.61297166666668,Red Cone Bay,Doubtful Bay,FALSE,2
Lates calcarifer,Gillnet,12/5/2017,BA170512-20,NA,708,NA,f,2,NA,-16.09182167,124.61297166666668,Red Cone Bay,Doubtful Bay,FALSE,2
Lates calcarifer,Gillnet,12/5/2017,BA170512-21,NA,757,NA,NA,2,9.5,-16.09182167,124.61297166666668,Red Cone Bay,Doubtful Bay,FALSE,2
Lates calcarifer,Gillnet,12/5/2017,BA170512-22,NA,610,NA,f,2,1.44,-16.09182167,124.61297166666668,Red Cone Bay,Doubtful Bay,FALSE,2
Lates calcarifer,Gillnet,12/5/2017,BA170512-23,NA,915,NA,m,2,21.74,-16.09182167,124.61297166666668,Red Cone Bay,Doubtful Bay,FALSE,2
Lates calcarifer,Gillnet,12/5/2017,BA170512-24,NA,703,NA,m,NA,NA,-16.09182167,124.61297166666668,Red Cone Bay,Doubtful Bay,FALSE,2
Lates calcarifer,Gillnet,12/5/2017,BA170512-25,NA,800,NA,m,2,12,-16.09182167,124.61297166666668,Red Cone Bay,Doubtful Bay,FALSE,1
Lates calcarifer,Gillnet,12/5/2017,BA170512-26,NA,698,NA,m,2,1.06,-16.09182167,124.61297166666668,Red Cone Bay,Doubtful Bay,FALSE,2
Lates calcarifer,Gillnet,12/5/2017,BA170512-27,NA,730,NA,m,2,1.94,-16.09182167,124.61297166666668,Red Cone Bay,Doubtful Bay,FALSE,2
Lates calcarifer,Gillnet,12/5/2017,BA170512-28,NA,660,NA,m,2,0.64,-16.09182167,124.61297166666668,Red Cone Bay,Doubtful Bay,FALSE,2
Lates calcarifer,Gillnet,12/5/2017,BA170512-29,NA,700,NA,m,2,1.66,-16.09182167,124.61297166666668,Red Cone Bay,Doubtful Bay,FALSE,2
Lates calcarifer,Gillnet,12/5/2017,BA170512-30,NA,640,NA,m,2,NA,-16.09182167,124.61297166666668,Red Cone Bay,Doubtful Bay,FALSE,2
Lates calcarifer,Gillnet,12/5/2017,BA170512-31,NA,750,NA,m,2,NA,-16.09182167,124.61297166666668,Red Cone Bay,Doubtful Bay,FALSE,2
Lates calcarifer,Gillnet,12/5/2017,BA170512-32,NA,678,NA,f,2,NA,-16.09182167,124.61297166666668,Red Cone Bay,Doubtful Bay,FALSE,2
Lates calcarifer,Gillnet,12/5/2017,BA170512-33,NA,710,NA,m,2,NA,-16.09182167,124.61297166666668,Red Cone Bay,Doubtful Bay,FALSE,2
Lates calcarifer,Gillnet,12/5/2017,BA170512-34,NA,757,NA,m,2,1.96,-16.09182167,124.61297166666668,Red Cone Bay,Doubtful Bay,FALSE,2
Lates calcarifer,Gillnet,12/5/2017,BA170512-35,NA,770,NA,m,2,14.08,-16.09182167,124.61297166666668,Red Cone Bay,Doubtful Bay,FALSE,2
Lates calcarifer,Gillnet,12/5/2017,BA170512-36,NA,704,NA,m,2,2.56,-16.09182167,124.61297166666668,Red Cone Bay,Doubtful Bay,FALSE,2
Lates calcarifer,Gillnet,12/5/2017,BA170512-37,NA,704,NA,f,2,1.54,-16.09182167,124.61297166666668,Red Cone Bay,Doubtful Bay,FALSE,2
Lates calcarifer,Gillnet,12/5/2017,BA170512-38,NA,625,NA,m,2,NA,-16.09182167,124.61297166666668,Red Cone Bay,Doubtful Bay,FALSE,2
Lates calcarifer,Gillnet,12/5/2017,BA170512-39,NA,666,NA,f,2,NA,-16.09182167,124.61297166666668,Red Cone Bay,Doubtful Bay,FALSE,2
Lates calcarifer,Gillnet,13/5/2017,BA170513-57,NA,710,NA,m,2,NA,-16.07328333,124.60911875000001,Red Cone Bay,Doubtful Bay,FALSE,2
Lates calcarifer,Gillnet,13/5/2017,BA170513-41,NA,755,NA,m,2,NA,-16.07328333,124.60911875000001,Red Cone Bay,Doubtful Bay,TRUE,2
Lates calcarifer,Gillnet,13/5/2017,BA170513-42,NA,740,NA,f,2,5.88,-16.07328333,124.60911875000001,Red Cone Bay,Doubtful Bay,TRUE,2
Lates calcarifer,Gillnet,13/5/2017,BA170513-43,NA,734,NA,m,2,1.98,-16.07328333,124.60911875000001,Red Cone Bay,Doubtful Bay,TRUE,2
Lates calcarifer,Gillnet,13/5/2017,BA170513-44,NA,846,NA,m,2,1.64,-16.07328333,124.60911875000001,Red Cone Bay,Doubtful Bay,TRUE,2
Lates calcarifer,Gillnet,13/5/2017,BA170513-45,NA,783,NA,m,2,13.64,-16.07328333,124.60911875000001,Red Cone Bay,Doubtful Bay,FALSE,2
Lates calcarifer,Gillnet,13/5/2017,BA170513-46,NA,876,NA,NA,2,NA,-16.07328333,124.60911875000001,Red Cone Bay,Doubtful Bay,FALSE,2
Lates calcarifer,Gillnet,13/5/2017,BA170513-47,NA,752,NA,f,2,2.06,-16.07328333,124.60911875000001,Red Cone Bay,Doubtful Bay,FALSE,2
Lates calcarifer,Gillnet,13/5/2017,BA170513-48,NA,834,NA,m,2,2.24,-16.07328333,124.60911875000001,Red Cone Bay,Doubtful Bay,FALSE,2
Lates calcarifer,Gillnet,13/5/2017,BA170513-53,NA,727,NA,m,NA,NA,-16.07328333,124.60911875000001,Red Cone Bay,Doubtful Bay,FALSE,2
Lates calcarifer,Gillnet,13/5/2017,BA170513-54,NA,722,NA,f,2,8.02,-16.07328333,124.60911875000001,Red Cone Bay,Doubtful Bay,FALSE,2
Lates calcarifer,Gillnet,13/5/2017,BA170513-55,NA,722,NA,m,2,1.14,-16.07328333,124.60911875000001,Red Cone Bay,Doubtful Bay,FALSE,2
Lates calcarifer,Gillnet,13/5/2017,BA170513-56,NA,786,NA,f,2,NA,-16.07328333,124.60911875000001,Red Cone Bay,Doubtful Bay,FALSE,2
Lates calcarifer,Gillnet,13/5/2017,BA170513-01,NA,804,NA,m,2,22.6,-16.18107381,124.51098095238095,Three Ways,Doubtful Bay,TRUE,2
Lates calcarifer,Gillnet,13/5/2017,BA170513-02,NA,793,NA,m,2,0.91,-16.18107381,124.51098095238095,Three Ways,Doubtful Bay,TRUE,2
Lates calcarifer,Gillnet,13/5/2017,BA170513-03,NA,717,NA,m,2,1.66,-16.18107381,124.51098095238095,Three Ways,Doubtful Bay,TRUE,2
Lates calcarifer,Gillnet,13/5/2017,BA170513-04,NA,742,NA,m,2,0.66,-16.18107381,124.51098095238095,Three Ways,Doubtful Bay,TRUE,2
Lates calcarifer,Gillnet,13/5/2017,BA170513-05,NA,758,NA,m,2,NA,-16.18107381,124.51098095238095,Three Ways,Doubtful Bay,FALSE,2
Lates calcarifer,Gillnet,13/5/2017,BA170513-06,NA,675,NA,m,2,NA,-16.18107381,124.51098095238095,Three Ways,Doubtful Bay,FALSE,2
Lates calcarifer,Gillnet,13/5/2017,BA170513-07,NA,621,NA,f,2,NA,-16.18107381,124.51098095238095,Three Ways,Doubtful Bay,FALSE,2
Lates calcarifer,Gillnet,13/5/2017,BA170513-08,NA,774,NA,m,2,2.46,-16.18107381,124.51098095238095,Three Ways,Doubtful Bay,FALSE,2
Lates calcarifer,Gillnet,13/5/2017,BA170513-09,NA,736,NA,m,2,1.22,-16.18107381,124.51098095238095,Three Ways,Doubtful Bay,FALSE,2
Lates calcarifer,Gillnet,13/5/2017,BA170513-10,NA,840,NA,m,2,NA,-16.18107381,124.51098095238095,Three Ways,Doubtful Bay,FALSE,2
Lates calcarifer,Gillnet,13/5/2017,BA170513-11,NA,639,NA,m,2,NA,-16.18107381,124.51098095238095,Three Ways,Doubtful Bay,FALSE,2
Lates calcarifer,Gillnet,13/5/2017,BA170513-12,NA,702,NA,m,2,1.32,-16.18107381,124.51098095238095,Three Ways,Doubtful Bay,FALSE,2
Lates calcarifer,Gillnet,13/5/2017,BA170513-13,NA,633,NA,m,2,NA,-16.18107381,124.51098095238095,Three Ways,Doubtful Bay,FALSE,2
Lates calcarifer,Gillnet,13/5/2017,BA170513-14,NA,663,NA,f,2,NA,-16.18107381,124.51098095238095,Three Ways,Doubtful Bay,FALSE,2
Lates calcarifer,Gillnet,13/5/2017,BA170513-15,NA,760,NA,m,2,2.5,-16.18107381,124.51098095238095,Three Ways,Doubtful Bay,FALSE,2
Lates calcarifer,Gillnet,13/5/2017,BA170513-16,NA,796,NA,m,2,2.76,-16.18107381,124.51098095238095,Three Ways,Doubtful Bay,FALSE,2
Lates calcarifer,Gillnet,13/5/2017,BA170513-17,NA,835,NA,m,2,13.52,-16.18107381,124.51098095238095,Three Ways,Doubtful Bay,FALSE,2
Lates calcarifer,Gillnet,13/5/2017,BA170513-18,NA,660,NA,m,2,NA,-16.18107381,124.51098095238095,Three Ways,Doubtful Bay,FALSE,2
Lates calcarifer,Gillnet,13/5/2017,BA170513-19,NA,719,NA,m,2,NA,-16.18107381,124.51098095238095,Three Ways,Doubtful Bay,FALSE,2
Lates calcarifer,Gillnet,13/5/2017,BA170513-20,NA,662,NA,f,2,1.2,-16.18107381,124.51098095238095,Three Ways,Doubtful Bay,FALSE,2
Lates calcarifer,Gillnet,13/5/2017,BA170513-21,NA,676,NA,m,2,1.99,-16.18107381,124.51098095238095,Three Ways,Doubtful Bay,FALSE,2
Lates calcarifer,Gillnet,13/5/2017,BA170513-22,NA,655,NA,m,2,2.22,-16.18107381,124.51098095238095,Three Ways,Doubtful Bay,FALSE,2
Lates calcarifer,Gillnet,13/5/2017,BA170513-23,NA,845,NA,m,2,18.5,-16.18107381,124.51098095238095,Three Ways,Doubtful Bay,FALSE,2
Lates calcarifer,Gillnet,13/5/2017,BA170513-24,NA,632,NA,m,2,0.5,-16.18107381,124.51098095238095,Three Ways,Doubtful Bay,FALSE,2
Lates calcarifer,Gillnet,13/5/2017,BA170513-25,NA,663,NA,m,2,NA,-16.18107381,124.51098095238095,Three Ways,Doubtful Bay,FALSE,2
Lates calcarifer,Gillnet,13/5/2017,BA170513-26,NA,758,NA,f,2,1.9,-16.18107381,124.51098095238095,Three Ways,Doubtful Bay,FALSE,2
Lates calcarifer,Gillnet,13/5/2017,BA170513-27,NA,750,NA,NA,2,NA,-16.18107381,124.51098095238095,Three Ways,Doubtful Bay,FALSE,2
Lates calcarifer,Gillnet,13/5/2017,BA170513-28,NA,714,NA,m,2,NA,-16.18107381,124.51098095238095,Three Ways,Doubtful Bay,FALSE,2
Lates calcarifer,Gillnet,13/5/2017,BA170513-29,NA,790,NA,m,2,13.28,-16.18107381,124.51098095238095,Three Ways,Doubtful Bay,FALSE,2
Lates calcarifer,Gillnet,13/5/2017,BA170513-30,NA,838,NA,m,NA,NA,-16.18107381,124.51098095238095,Three Ways,Doubtful Bay,FALSE,2
Lates calcarifer,Gillnet,13/5/2017,BA170513-31,NA,732,NA,m,2,0.88,-16.18107381,124.51098095238095,Three Ways,Doubtful Bay,FALSE,2
Lates calcarifer,Gillnet,13/5/2017,BA170513-32,NA,768,NA,m,2,NA,-16.18107381,124.51098095238095,Three Ways,Doubtful Bay,FALSE,2
Lates calcarifer,Gillnet,13/5/2017,BA170513-33,NA,690,NA,m,2,2.04,-16.18107381,124.51098095238095,Three Ways,Doubtful Bay,FALSE,2
Lates calcarifer,Gillnet,13/5/2017,BA170513-34,NA,720,NA,m,2,1.64,-16.18107381,124.51098095238095,Three Ways,Doubtful Bay,FALSE,2
Lates calcarifer,Gillnet,13/5/2017,BA170513-35,NA,670,NA,m,2,1.3,-16.18107381,124.51098095238095,Three Ways,Doubtful Bay,FALSE,2
Lates calcarifer,Gillnet,13/5/2017,BA170513-36,NA,682,NA,m,2,1.1,-16.18107381,124.51098095238095,Three Ways,Doubtful Bay,FALSE,2
Lates calcarifer,Gillnet,13/5/2017,BA170513-37,NA,715,NA,m,2,NA,-16.18107381,124.51098095238095,Three Ways,Doubtful Bay,FALSE,2
Lates calcarifer,Gillnet,13/5/2017,BA170513-38,NA,710,NA,m,2,1.2,-16.18107381,124.51098095238095,Three Ways,Doubtful Bay,FALSE,2
Lates calcarifer,Gillnet,13/5/2017,BA170513-39,NA,766,NA,m,2,1.9,-16.18107381,124.51098095238095,Three Ways,Doubtful Bay,FALSE,2
Lates calcarifer,Gillnet,13/5/2017,BA170513-40,NA,680,NA,m,2,NA,-16.18107381,124.51098095238095,Three Ways,Doubtful Bay,FALSE,2
Lates calcarifer,Gillnet,13/5/2017,BA170513-49,NA,750,NA,m,2,2.02,-16.18107381,124.51098095238095,Three Ways,Doubtful Bay,FALSE,2
Lates calcarifer,Gillnet,13/5/2017,BA170513-50,NA,615,NA,m,2,NA,-16.18107381,124.51098095238095,Three Ways,Doubtful Bay,FALSE,2
Lates calcarifer,Gillnet,13/5/2017,BA170513-51,NA,725,NA,m,2,NA,-16.18107381,124.51098095238095,Three Ways,Doubtful Bay,FALSE,2
Lates calcarifer,Gillnet,13/5/2017,BA170513-52,NA,660,NA,f,2,NA,-16.18107381,124.51098095238095,Three Ways,Doubtful Bay,FALSE,2
Lates calcarifer,Gillnet,14/5/2017,BA170514-01,NA,848,NA,m,2,NA,-16.15545556,124.53911666666666,Southern Doubtful Bay,Doubtful Bay,TRUE,2
Lates calcarifer,Gillnet,14/5/2017,BA170514-02,NA,746,NA,m,2,2.6,-16.15545556,124.53911666666666,Southern Doubtful Bay,Doubtful Bay,TRUE,2
Lates calcarifer,Gillnet,14/5/2017,BA170514-03,NA,815,NA,m,2,23.9,-16.15545556,124.53911666666666,Southern Doubtful Bay,Doubtful Bay,TRUE,2
Lates calcarifer,Gillnet,14/5/2017,BA170514-04,NA,800,NA,f,2,1.98,-16.15545556,124.53911666666666,Southern Doubtful Bay,Doubtful Bay,TRUE,2
Lates calcarifer,Gillnet,14/5/2017,BA170514-05,NA,748,NA,m,2,NA,-16.15545556,124.53911666666666,Southern Doubtful Bay,Doubtful Bay,TRUE,2
Lates calcarifer,Gillnet,14/5/2017,BA170514-06,NA,725,NA,f,2,NA,-16.15545556,124.53911666666666,Southern Doubtful Bay,Doubtful Bay,FALSE,2
Lates calcarifer,Gillnet,14/5/2017,BA170514-07,NA,795,NA,m,2,12.07,-16.15545556,124.53911666666666,Southern Doubtful Bay,Doubtful Bay,FALSE,2
Lates calcarifer,Gillnet,14/5/2017,BA170514-08,NA,775,NA,m,2,1.88,-16.15545556,124.53911666666666,Southern Doubtful Bay,Doubtful Bay,FALSE,2
Lates calcarifer,Gillnet,14/5/2017,BA170514-09,NA,885,NA,NA,2,18.08,-16.15545556,124.53911666666666,Southern Doubtful Bay,Doubtful Bay,FALSE,2
Lates calcarifer,Gillnet,14/5/2017,BA170514-10,NA,773,NA,f,2,1.82,-16.15545556,124.53911666666666,Southern Doubtful Bay,Doubtful Bay,FALSE,2
Lates calcarifer,Gillnet,14/5/2017,BA170514-11,NA,825,NA,NA,2,NA,-16.15545556,124.53911666666666,Southern Doubtful Bay,Doubtful Bay,FALSE,2
Lates calcarifer,Gillnet,14/5/2017,BA170514-12,NA,810,NA,m,NA,NA,-16.15545556,124.53911666666666,Southern Doubtful Bay,Doubtful Bay,FALSE,2
Lates calcarifer,Gillnet,14/5/2017,BA170514-13,NA,838,NA,f,2,44.02,-16.15545556,124.53911666666666,Southern Doubtful Bay,Doubtful Bay,FALSE,2
Lates calcarifer,Gillnet,14/5/2017,BA170514-14,NA,833,NA,m,NA,NA,-16.15545556,124.53911666666666,Southern Doubtful Bay,Doubtful Bay,FALSE,2
Lates calcarifer,Gillnet,14/5/2017,BA170514-15,NA,775,NA,m,2,3.5,-16.15545556,124.53911666666666,Southern Doubtful Bay,Doubtful Bay,FALSE,2
Lates calcarifer,Gillnet,14/5/2017,BA170514-16,NA,780,NA,f,2,13.2,-16.15545556,124.53911666666666,Southern Doubtful Bay,Doubtful Bay,FALSE,2
Lates calcarifer,Gillnet,14/5/2017,BA170514-17,NA,725,NA,NA,2,NA,-16.15545556,124.53911666666666,Southern Doubtful Bay,Doubtful Bay,FALSE,2
Lates calcarifer,Gillnet,14/5/2017,BA170514-18,NA,784,NA,m,2,NA,-16.15545556,124.53911666666666,Southern Doubtful Bay,Doubtful Bay,FALSE,2
Lates calcarifer,Gillnet,14/5/2017,BA170514-19,NA,830,NA,m,2,13.02,-16.15545556,124.53911666666666,Southern Doubtful Bay,Doubtful Bay,FALSE,2
Lates calcarifer,Gillnet,14/5/2017,BA170514-20,NA,752,NA,f,NA,NA,-16.15545556,124.53911666666666,Southern Doubtful Bay,Doubtful Bay,FALSE,2
Lates calcarifer,Gillnet,14/5/2017,BA170514-21,NA,852,NA,m,2,2.76,-16.15545556,124.53911666666666,Southern Doubtful Bay,Doubtful Bay,FALSE,2
Lates calcarifer,Gillnet,14/5/2017,BA170514-22,NA,732,NA,m,2,NA,-16.15545556,124.53911666666666,Southern Doubtful Bay,Doubtful Bay,FALSE,2
Lates calcarifer,Gillnet,14/5/2017,BA170514-23,NA,840,NA,f,2,31.8,-16.15545556,124.53911666666666,Southern Doubtful Bay,Doubtful Bay,FALSE,2
Lates calcarifer,Gillnet,14/5/2017,BA170514-24,NA,645,NA,m,2,NA,-16.15545556,124.53911666666666,Southern Doubtful Bay,Doubtful Bay,FALSE,2
Lates calcarifer,Gillnet,14/5/2017,BA170514-25,NA,750,NA,m,2,NA,-16.15545556,124.53911666666666,Southern Doubtful Bay,Doubtful Bay,FALSE,2
Lates calcarifer,Gillnet,14/5/2017,BA170514-26,NA,932,NA,m,2,32.6,-16.15545556,124.53911666666666,Southern Doubtful Bay,Doubtful Bay,FALSE,2
Lates calcarifer,Gillnet,14/5/2017,BA170514-27,NA,729,NA,m,2,NA,-16.15545556,124.53911666666666,Southern Doubtful Bay,Doubtful Bay,FALSE,2
Lates calcarifer,Gillnet,14/5/2017,BA170514-28,NA,720,NA,m,2,NA,-16.15545556,124.53911666666666,Southern Doubtful Bay,Doubtful Bay,FALSE,2
Lates calcarifer,Gillnet,14/5/2017,BA170514-29,NA,755,NA,f,2,1.92,-16.15545556,124.53911666666666,Southern Doubtful Bay,Doubtful Bay,FALSE,2
Lates calcarifer,Gillnet,14/5/2017,BA170514-30,NA,700,NA,m,2,NA,-16.15545556,124.53911666666666,Southern Doubtful Bay,Doubtful Bay,FALSE,2
Lates calcarifer,Gillnet,14/5/2017,BA170514-31,NA,680,NA,f,2,1.31,-16.15545556,124.53911666666666,Southern Doubtful Bay,Doubtful Bay,FALSE,2
Lates calcarifer,Gillnet,14/5/2017,BA170514-32,NA,802,NA,m,2,20.7,-16.15545556,124.53911666666666,Southern Doubtful Bay,Doubtful Bay,FALSE,2
Lates calcarifer,Gillnet,14/5/2017,BA170514-33,NA,755,NA,f,2,2.5,-16.15545556,124.53911666666666,Southern Doubtful Bay,Doubtful Bay,FALSE,2
Lates calcarifer,Gillnet,14/5/2017,BA170514-34,NA,775,NA,f,2,12.4,-16.15545556,124.53911666666666,Southern Doubtful Bay,Doubtful Bay,FALSE,2
Lates calcarifer,Gillnet,14/5/2017,BA170514-35,NA,810,NA,f,2,NA,-16.15545556,124.53911666666666,Southern Doubtful Bay,Doubtful Bay,FALSE,2
Lates calcarifer,Gillnet,14/5/2017,BA170514-36,NA,805,NA,f,2,14.1,-16.15545556,124.53911666666666,Southern Doubtful Bay,Doubtful Bay,FALSE,2
Lates calcarifer,Gillnet,14/5/2017,BA170514-37,NA,822,NA,NA,2,11.9,-16.15545556,124.53911666666666,Southern Doubtful Bay,Doubtful Bay,FALSE,2
Lates calcarifer,Gillnet,14/5/2017,BA170514-38,NA,800,NA,m,2,12.6,-16.15545556,124.53911666666666,Southern Doubtful Bay,Doubtful Bay,FALSE,2
Lates calcarifer,Gillnet,14/5/2017,BA170514-39,NA,730,NA,m,2,9.4,-16.15545556,124.53911666666666,Southern Doubtful Bay,Doubtful Bay,FALSE,2
Lates calcarifer,Gillnet,14/5/2017,BA170514-40,NA,675,NA,f,NA,NA,-16.15545556,124.53911666666666,Southern Doubtful Bay,Doubtful Bay,FALSE,2
Lates calcarifer,Gillnet,14/5/2017,BA170514-41,NA,744,NA,m,2,1.74,-16.15545556,124.53911666666666,Southern Doubtful Bay,Doubtful Bay,FALSE,2
Lates calcarifer,Gillnet,14/5/2017,BA170514-44,NA,794,NA,m,2,3.66,-16.15545556,124.53911666666666,Southern Doubtful Bay,Doubtful Bay,FALSE,2
Lates calcarifer,Gillnet,14/5/2017,BA170514-45,NA,816,NA,m,2,18.37,-16.15545556,124.53911666666666,Southern Doubtful Bay,Doubtful Bay,FALSE,2
Lates calcarifer,Gillnet,14/5/2017,BA170514-46,NA,734,NA,f,2,NA,-16.15545556,124.53911666666666,Southern Doubtful Bay,Doubtful Bay,FALSE,2
Lates calcarifer,Gillnet,14/5/2017,BA170514-47,NA,780,NA,m,2,NA,-16.15545556,124.53911666666666,Southern Doubtful Bay,Doubtful Bay,FALSE,2
Lates calcarifer,Gillnet,14/5/2017,BA170514-48,NA,763,NA,m,2,NA,-16.15545556,124.53911666666666,Southern Doubtful Bay,Doubtful Bay,FALSE,2
Lates calcarifer,Gillnet,14/5/2017,BA170514-49,NA,798,NA,m,2,NA,-16.15545556,124.53911666666666,Southern Doubtful Bay,Doubtful Bay,FALSE,2
Lates calcarifer,Gillnet,14/5/2017,BA170514-50,NA,742,NA,f,2,NA,-16.15545556,124.53911666666666,Southern Doubtful Bay,Doubtful Bay,FALSE,2
Lates calcarifer,Gillnet,14/5/2017,BA170514-51,NA,760,NA,m,2,NA,-16.15545556,124.53911666666666,Southern Doubtful Bay,Doubtful Bay,FALSE,2
Lates calcarifer,Gillnet,14/5/2017,BA170514-52,NA,750,NA,m,2,NA,-16.15545556,124.53911666666666,Southern Doubtful Bay,Doubtful Bay,FALSE,2
Lates calcarifer,Gillnet,14/5/2017,BA170514-53,NA,813,NA,m,2,NA,-16.15545556,124.53911666666666,Southern Doubtful Bay,Doubtful Bay,FALSE,2
Lates calcarifer,Gillnet,14/5/2017,BA170514-54,NA,766,NA,NA,2,NA,-16.15545556,124.53911666666666,Southern Doubtful Bay,Doubtful Bay,FALSE,2
Lates calcarifer,Gillnet,14/5/2017,BA170514-55,NA,706,NA,m,2,NA,-16.15545556,124.53911666666666,Southern Doubtful Bay,Doubtful Bay,FALSE,2
Lates calcarifer,Gillnet,14/5/2017,BA170514-56,NA,810,NA,m,2,NA,-16.15545556,124.53911666666666,Southern Doubtful Bay,Doubtful Bay,FALSE,2
Lates calcarifer,Gillnet,14/5/2017,BA170514-57,NA,864,NA,f,NA,NA,-16.15545556,124.53911666666666,Southern Doubtful Bay,Doubtful Bay,FALSE,2
Lates calcarifer,Gillnet,14/5/2017,BA170514-58,NA,773,NA,m,2,NA,-16.15545556,124.53911666666666,Southern Doubtful Bay,Doubtful Bay,FALSE,2
Lates calcarifer,Gillnet,15/5/2017,BA170515-01,NA,772,NA,m,2,1.91,-16.13692083,124.5540813,Southern Doubtful Bay,Doubtful Bay,TRUE,2
Lates calcarifer,Gillnet,15/5/2017,BA170515-02,NA,715,NA,m,2,0.86,-16.13692083,124.5540813,Southern Doubtful Bay,Doubtful Bay,TRUE,2
Lates calcarifer,Gillnet,15/5/2017,BA170515-03,NA,805,NA,m,2,NA,-16.13692083,124.5540813,Southern Doubtful Bay,Doubtful Bay,TRUE,2
Lates calcarifer,Gillnet,15/5/2017,BA170515-04,NA,778,NA,f,2,3.5,-16.13692083,124.5540813,Southern Doubtful Bay,Doubtful Bay,TRUE,2
Lates calcarifer,Gillnet,15/5/2017,BA170515-05,NA,692,NA,m,2,3.3,-16.13692083,124.5540813,Southern Doubtful Bay,Doubtful Bay,TRUE,2
Lates calcarifer,Gillnet,15/5/2017,BA170515-06,NA,752,NA,m,2,1.72,-16.13692083,124.5540813,Southern Doubtful Bay,Doubtful Bay,TRUE,2
Lates calcarifer,Gillnet,15/5/2017,BA170515-07,NA,753,NA,f,2,14.08,-16.13692083,124.5540813,Southern Doubtful Bay,Doubtful Bay,TRUE,2
Lates calcarifer,Gillnet,15/5/2017,BA170515-08,NA,745,NA,m,2,NA,-16.13692083,124.5540813,Southern Doubtful Bay,Doubtful Bay,TRUE,2
Lates calcarifer,Gillnet,15/5/2017,BA170515-09,NA,742,NA,m,2,NA,-16.13692083,124.5540813,Southern Doubtful Bay,Doubtful Bay,TRUE,2
Lates calcarifer,Gillnet,15/5/2017,BA170515-10,NA,776,NA,m,2,16.2,-16.13692083,124.5540813,Southern Doubtful Bay,Doubtful Bay,TRUE,2
Lates calcarifer,Gillnet,15/5/2017,BA170515-11,NA,702,NA,m,2,1.25,-16.13692083,124.5540813,Southern Doubtful Bay,Doubtful Bay,TRUE,2
Lates calcarifer,Gillnet,15/5/2017,BA170515-12,NA,651,NA,m,2,1.34,-16.13692083,124.5540813,Southern Doubtful Bay,Doubtful Bay,TRUE,2
Lates calcarifer,Gillnet,15/5/2017,BA170515-13,NA,740,NA,f,2,1.83,-16.13692083,124.5540813,Southern Doubtful Bay,Doubtful Bay,TRUE,2
Lates calcarifer,Gillnet,15/5/2017,BA170515-14,NA,748,NA,f,2,2.31,-16.13692083,124.5540813,Southern Doubtful Bay,Doubtful Bay,TRUE,2
Lates calcarifer,Gillnet,15/5/2017,BA170515-15,NA,765,NA,f,2,2.93,-16.13692083,124.5540813,Southern Doubtful Bay,Doubtful Bay,TRUE,2
Lates calcarifer,Gillnet,15/5/2017,BA170515-16,NA,868,NA,m,2,27.56,-16.13692083,124.5540813,Southern Doubtful Bay,Doubtful Bay,TRUE,2
Lates calcarifer,Gillnet,15/5/2017,BA170515-17,NA,777,NA,m,2,14.68,-16.13692083,124.5540813,Southern Doubtful Bay,Doubtful Bay,TRUE,2
Lates calcarifer,Gillnet,15/5/2017,BA170515-18,NA,800,NA,f,2,31.2,-16.13692083,124.5540813,Southern Doubtful Bay,Doubtful Bay,TRUE,2
Lates calcarifer,Gillnet,15/5/2017,BA170515-19,NA,773,NA,f,2,3.3,-16.13692083,124.5540813,Southern Doubtful Bay,Doubtful Bay,TRUE,2
Lates calcarifer,Gillnet,15/5/2017,BA170515-20,NA,768,NA,f,2,2.7,-16.13692083,124.5540813,Southern Doubtful Bay,Doubtful Bay,FALSE,2
Lates calcarifer,Gillnet,15/5/2017,BA170515-21,NA,751,NA,m,2,11.18,-16.13692083,124.5540813,Southern Doubtful Bay,Doubtful Bay,FALSE,2
Lates calcarifer,Gillnet,15/5/2017,BA170515-22,NA,810,NA,m,2,16,-16.13692083,124.5540813,Southern Doubtful Bay,Doubtful Bay,FALSE,2
Lates calcarifer,Gillnet,15/5/2017,BA170515-23,NA,804,NA,f,2,16.56,-16.13692083,124.5540813,Southern Doubtful Bay,Doubtful Bay,FALSE,2
Lates calcarifer,Gillnet,15/5/2017,BA170515-24,NA,750,NA,m,2,NA,-16.13692083,124.5540813,Southern Doubtful Bay,Doubtful Bay,FALSE,2
Lates calcarifer,Gillnet,15/5/2017,BA170515-25,NA,790,NA,f,2,4.34,-16.13692083,124.5540813,Southern Doubtful Bay,Doubtful Bay,FALSE,2
Lates calcarifer,Gillnet,15/5/2017,BA170515-26,NA,742,NA,m,2,9.52,-16.13692083,124.5540813,Southern Doubtful Bay,Doubtful Bay,FALSE,2
Lates calcarifer,Gillnet,15/5/2017,BA170515-27,NA,818,NA,f,2,3.9,-16.13692083,124.5540813,Southern Doubtful Bay,Doubtful Bay,FALSE,2
Lates calcarifer,Gillnet,15/5/2017,BA170515-28,NA,860,NA,f,2,27.26,-16.13692083,124.5540813,Southern Doubtful Bay,Doubtful Bay,FALSE,2
Lates calcarifer,Gillnet,15/5/2017,BA170515-29,NA,655,NA,m,2,NA,-16.13692083,124.5540813,Southern Doubtful Bay,Doubtful Bay,FALSE,2
Lates calcarifer,Gillnet,15/5/2017,BA170515-30,NA,807,NA,f,2,15.82,-16.13692083,124.5540813,Southern Doubtful Bay,Doubtful Bay,FALSE,2
Lates calcarifer,Gillnet,15/5/2017,BA170515-31,NA,760,NA,m,2,14.84,-16.13692083,124.5540813,Southern Doubtful Bay,Doubtful Bay,FALSE,2
Lates calcarifer,Gillnet,15/5/2017,BA170515-32,NA,710,NA,m,2,3,-16.13692083,124.5540813,Southern Doubtful Bay,Doubtful Bay,FALSE,2
Lates calcarifer,Gillnet,15/5/2017,BA170515-33,NA,845,NA,NA,2,16.41,-16.13692083,124.5540813,Southern Doubtful Bay,Doubtful Bay,FALSE,2
Lates calcarifer,Gillnet,15/5/2017,BA170515-34,NA,775,NA,f,2,1.25,-16.13692083,124.5540813,Southern Doubtful Bay,Doubtful Bay,FALSE,2
Lates calcarifer,Gillnet,15/5/2017,BA170515-35,NA,832,NA,f,2,3.33,-16.13692083,124.5540813,Southern Doubtful Bay,Doubtful Bay,FALSE,2
Lates calcarifer,Gillnet,15/5/2017,BA170515-36,NA,760,NA,NA,NA,NA,-16.13692083,124.5540813,Southern Doubtful Bay,Doubtful Bay,FALSE,2
Lates calcarifer,Gillnet,15/5/2017,BA170515-37,NA,831,NA,f,2,25.24,-16.13692083,124.5540813,Southern Doubtful Bay,Doubtful Bay,FALSE,2
Lates calcarifer,Gillnet,15/5/2017,BA170515-38,NA,750,NA,f,2,9.2,-16.13692083,124.5540813,Southern Doubtful Bay,Doubtful Bay,FALSE,2
Lates calcarifer,Gillnet,15/5/2017,BA170515-39,NA,750,NA,m,NA,NA,-16.13692083,124.5540813,Southern Doubtful Bay,Doubtful Bay,FALSE,2
Lates calcarifer,Gillnet,15/5/2017,BA170515-40,NA,815,NA,f,2,9.2,-16.13692083,124.5540813,Southern Doubtful Bay,Doubtful Bay,FALSE,2
Lates calcarifer,Gillnet,15/5/2017,BA170515-41,NA,824,NA,NA,2,29.04,-16.13692083,124.5540813,Southern Doubtful Bay,Doubtful Bay,FALSE,2
Lates calcarifer,Gillnet,15/5/2017,BA170515-42,NA,728,NA,f,2,2.68,-16.13692083,124.5540813,Southern Doubtful Bay,Doubtful Bay,FALSE,2
Lates calcarifer,Gillnet,15/5/2017,BA170515-43,NA,830,NA,f,2,24.14,-16.13692083,124.5540813,Southern Doubtful Bay,Doubtful Bay,FALSE,2
Lates calcarifer,Gillnet,15/5/2017,BA170515-44,NA,710,NA,f,NA,NA,-16.13692083,124.5540813,Southern Doubtful Bay,Doubtful Bay,FALSE,2
Lates calcarifer,Gillnet,15/5/2017,BA170515-45,NA,920,NA,m,2,24.14,-16.13692083,124.5540813,Southern Doubtful Bay,Doubtful Bay,FALSE,2
Lates calcarifer,Gillnet,15/5/2017,BA170515-46,NA,810,NA,m,2,10.04,-16.13692083,124.5540813,Southern Doubtful Bay,Doubtful Bay,FALSE,2
Lates calcarifer,Gillnet,15/5/2017,BA170515-47,NA,860,NA,m,2,17.56,-16.13692083,124.5540813,Southern Doubtful Bay,Doubtful Bay,FALSE,2
Lates calcarifer,Gillnet,15/5/2017,BA170515-48,NA,705,NA,m,2,NA,-16.13692083,124.5540813,Southern Doubtful Bay,Doubtful Bay,FALSE,2
Lates calcarifer,Gillnet,15/5/2017,BA170515-49,NA,760,NA,f,2,1.51,-16.13692083,124.5540813,Southern Doubtful Bay,Doubtful Bay,FALSE,2
Lates calcarifer,Gillnet,15/5/2017,BA170515-50,NA,650,NA,m,2,1.1,-16.13692083,124.5540813,Southern Doubtful Bay,Doubtful Bay,FALSE,2
Lates calcarifer,Gillnet,15/5/2017,BA170515-51,NA,764,NA,m,2,2.3,-16.13692083,124.5540813,Southern Doubtful Bay,Doubtful Bay,FALSE,2
Lates calcarifer,Gillnet,15/5/2017,BA170515-52,NA,867,NA,f,2,13.84,-16.13692083,124.5540813,Southern Doubtful Bay,Doubtful Bay,FALSE,2
Lates calcarifer,Gillnet,15/5/2017,BA170515-53,NA,752,NA,f,2,3.56,-16.13692083,124.5540813,Southern Doubtful Bay,Doubtful Bay,FALSE,2
Lates calcarifer,Gillnet,15/5/2017,BA170515-54,NA,720,NA,f,2,1.69,-16.13692083,124.5540813,Southern Doubtful Bay,Doubtful Bay,FALSE,2
Lates calcarifer,Gillnet,15/5/2017,BA170515-55,NA,770,NA,m,2,NA,-16.13692083,124.5540813,Southern Doubtful Bay,Doubtful Bay,FALSE,2
Lates calcarifer,Gillnet,15/5/2017,BA170515-56,NA,840,NA,m,2,19.6,-16.13692083,124.5540813,Southern Doubtful Bay,Doubtful Bay,FALSE,2
Lates calcarifer,Gillnet,15/5/2017,BA170515-57,NA,830,NA,m,2,29.82,-16.13692083,124.5540813,Southern Doubtful Bay,Doubtful Bay,FALSE,2
Lates calcarifer,Gillnet,15/5/2017,BA170515-58,NA,775,NA,m,2,NA,-16.13692083,124.5540813,Southern Doubtful Bay,Doubtful Bay,FALSE,2
Lates calcarifer,Gillnet,15/5/2017,BA170515-59,NA,728,NA,f,2,2.44,-16.13692083,124.5540813,Southern Doubtful Bay,Doubtful Bay,FALSE,2
Lates calcarifer,Gillnet,15/5/2017,BA170515-60,NA,785,NA,m,2,1.93,-16.13692083,124.5540813,Southern Doubtful Bay,Doubtful Bay,FALSE,2
Lates calcarifer,Gillnet,15/5/2017,BA170515-61,NA,755,NA,f,2,2.52,-16.13692083,124.5540813,Southern Doubtful Bay,Doubtful Bay,FALSE,2
Lates calcarifer,Gillnet,15/5/2017,BA170515-62,NA,835,NA,m,2,10.32,-16.13692083,124.5540813,Southern Doubtful Bay,Doubtful Bay,FALSE,2
Lates calcarifer,Gillnet,15/5/2017,BA170515-63,NA,725,NA,f,2,NA,-16.13692083,124.5540813,Southern Doubtful Bay,Doubtful Bay,FALSE,2
Lates calcarifer,Gillnet,15/5/2017,BA170515-64,NA,775,NA,f,2,10.44,-16.13692083,124.5540813,Southern Doubtful Bay,Doubtful Bay,FALSE,2
Lates calcarifer,Gillnet,15/5/2017,BA170515-65,NA,770,NA,f,2,NA,-16.13692083,124.5540813,Southern Doubtful Bay,Doubtful Bay,FALSE,2
Lates calcarifer,Gillnet,15/5/2017,BA170515-66,NA,794,NA,m,2,17.92,-16.13692083,124.5540813,Southern Doubtful Bay,Doubtful Bay,FALSE,2
Lates calcarifer,Gillnet,15/5/2017,BA170515-67,NA,760,NA,NA,2,11.86,-16.13692083,124.5540813,Southern Doubtful Bay,Doubtful Bay,FALSE,2
Lates calcarifer,Gillnet,15/5/2017,BA170515-68,NA,815,NA,NA,2,NA,-16.13692083,124.5540813,Southern Doubtful Bay,Doubtful Bay,FALSE,2
Lates calcarifer,Gillnet,15/5/2017,BA170515-69,NA,785,NA,NA,2,NA,-16.13692083,124.5540813,Southern Doubtful Bay,Doubtful Bay,FALSE,2
Lates calcarifer,unknown,9/9/2017,BA170909-01,NA,752,NA,NA,NA,NA,-16.09126286,124.61409,Red Cone Bay,Doubtful Bay,TRUE,2
Lates calcarifer,unknown,9/9/2017,BA170909-02,NA,687,NA,NA,NA,NA,-16.09126286,124.61409,Red Cone Bay,Doubtful Bay,TRUE,1
Lates calcarifer,unknown,9/9/2017,BA170909-03,NA,775,NA,NA,NA,NA,-16.09126286,124.61409,Red Cone Bay,Doubtful Bay,TRUE,2
Lates calcarifer,unknown,9/9/2017,BA170909-04,NA,660,NA,NA,NA,NA,-16.09126286,124.61409,Red Cone Bay,Doubtful Bay,TRUE,2
Lates calcarifer,unknown,9/9/2017,BA170909-05,NA,1040,NA,f,4,148.24,-16.09126286,124.61409,Red Cone Bay,Doubtful Bay,TRUE,1
Lates calcarifer,unknown,9/9/2017,BA170909-06,NA,713,NA,m,2,1.83,-16.09126286,124.61409,Red Cone Bay,Doubtful Bay,TRUE,2
Lates calcarifer,unknown,9/9/2017,BA170909-07,NA,700,NA,NA,NA,NA,-16.09126286,124.61409,Red Cone Bay,Doubtful Bay,TRUE,2
Lates calcarifer,unknown,9/9/2017,BA170909-08,NA,674,NA,m,2,1.6,-16.09126286,124.61409,Red Cone Bay,Doubtful Bay,TRUE,2
Lates calcarifer,unknown,9/9/2017,BA170909-09,NA,795,NA,NA,NA,NA,-16.09126286,124.61409,Red Cone Bay,Doubtful Bay,TRUE,2
Lates calcarifer,unknown,9/9/2017,BA170909-10,NA,848,NA,NA,NA,NA,-16.09126286,124.61409,Red Cone Bay,Doubtful Bay,TRUE,1
Lates calcarifer,unknown,9/9/2017,BA170909-11,NA,726,NA,NA,NA,NA,-16.09126286,124.61409,Red Cone Bay,Doubtful Bay,TRUE,2
Lates calcarifer,unknown,9/9/2017,BA170909-12,NA,735,NA,NA,NA,NA,-16.09126286,124.61409,Red Cone Bay,Doubtful Bay,TRUE,2
Lates calcarifer,unknown,9/9/2017,BA170909-13,NA,733,NA,NA,NA,NA,-16.09126286,124.61409,Red Cone Bay,Doubtful Bay,TRUE,2
Lates calcarifer,unknown,9/9/2017,BA170909-14,NA,735,NA,NA,NA,NA,-16.09126286,124.61409,Red Cone Bay,Doubtful Bay,TRUE,2
Lates calcarifer,unknown,9/9/2017,BA170909-15,NA,782,NA,NA,NA,NA,-16.09126286,124.61409,Red Cone Bay,Doubtful Bay,TRUE,2
Lates calcarifer,unknown,9/9/2017,BA170909-16,NA,801,NA,NA,NA,NA,-16.09126286,124.61409,Red Cone Bay,Doubtful Bay,TRUE,2
Lates calcarifer,unknown,9/9/2017,BA170909-17,NA,793,NA,f,3,27.67,-16.09126286,124.61409,Red Cone Bay,Doubtful Bay,TRUE,2
Lates calcarifer,unknown,9/9/2017,BA170909-18,NA,671,NA,NA,NA,NA,-16.09126286,124.61409,Red Cone Bay,Doubtful Bay,TRUE,2
Lates calcarifer,unknown,9/9/2017,BA170909-19,NA,600,NA,m,2,0.42,-16.09126286,124.61409,Red Cone Bay,Doubtful Bay,TRUE,2
Lates calcarifer,unknown,10/9/2017,BA170910-01,NA,746,NA,f,2,10.24,-16.080255,124.612286,Red Cone Bay,Doubtful Bay,TRUE,2
Lates calcarifer,unknown,10/9/2017,BA170910-02,NA,742,NA,NA,NA,NA,-16.080255,124.612286,Red Cone Bay,Doubtful Bay,TRUE,2
Lates calcarifer,unknown,10/9/2017,BA170910-03,NA,764,NA,NA,NA,NA,-16.080255,124.612286,Red Cone Bay,Doubtful Bay,TRUE,1
Lates calcarifer,unknown,10/9/2017,BA170910-04,NA,637,NA,NA,NA,NA,-16.080255,124.612286,Red Cone Bay,Doubtful Bay,TRUE,2
Lates calcarifer,unknown,10/9/2017,BA170910-05,NA,770,NA,NA,NA,NA,-16.080255,124.612286,Red Cone Bay,Doubtful Bay,TRUE,1
Lates calcarifer,unknown,10/9/2017,BA170910-06,NA,639,NA,m,NA,NA,-16.080255,124.612286,Red Cone Bay,Doubtful Bay,TRUE,2
Lates calcarifer,unknown,10/9/2017,BA170910-07,NA,795,NA,f,2,19.56,-16.080255,124.612286,Red Cone Bay,Doubtful Bay,TRUE,2
Lates calcarifer,unknown,10/9/2017,BA170910-08,NA,780,NA,m,2,1.2,-16.080255,124.612286,Red Cone Bay,Doubtful Bay,TRUE,1
Lates calcarifer,unknown,10/9/2017,BA170910-09,NA,656,NA,m,2,0.82,-16.080255,124.612286,Red Cone Bay,Doubtful Bay,TRUE,2
Lates calcarifer,unknown,10/9/2017,BA170910-10,NA,685,NA,m,NA,NA,-16.080255,124.612286,Red Cone Bay,Doubtful Bay,TRUE,2
Lates calcarifer,unknown,10/9/2017,BA170910-11,NA,932,NA,f,3,46.25,-16.080255,124.612286,Red Cone Bay,Doubtful Bay,TRUE,1
Lates calcarifer,unknown,13/9/2017,BA170913-01,NA,858,NA,f,2,25.1,-16.154625,124.539005,Southern Doubtful Bay,Doubtful Bay,TRUE,2
Lates calcarifer,unknown,13/9/2017,BA170913-02,NA,749,NA,m,2,1.74,-16.154625,124.539005,Southern Doubtful Bay,Doubtful Bay,TRUE,2
Lates calcarifer,unknown,13/9/2017,BA170913-03,NA,831,NA,NA,NA,NA,-16.154625,124.539005,Southern Doubtful Bay,Doubtful Bay,TRUE,2
Lates calcarifer,unknown,13/9/2017,BA170913-04,NA,757,NA,f,3,36.79,-16.154625,124.539005,Southern Doubtful Bay,Doubtful Bay,TRUE,2
Lates calcarifer,unknown,13/9/2017,BA170913-05,NA,879,NA,f,4,72.99,-16.154625,124.539005,Southern Doubtful Bay,Doubtful Bay,TRUE,2
Lates calcarifer,unknown,13/9/2017,BA170913-06,NA,714,NA,m,2,0.21,-16.154625,124.539005,Southern Doubtful Bay,Doubtful Bay,TRUE,2
Lates calcarifer,unknown,13/9/2017,BA170913-07,NA,869,NA,f,2,30.08,-16.154625,124.539005,Southern Doubtful Bay,Doubtful Bay,TRUE,2
Lates calcarifer,unknown,13/9/2017,BA170913-08,NA,734,NA,m,2,2.08,-16.154625,124.539005,Southern Doubtful Bay,Doubtful Bay,TRUE,2
Lates calcarifer,unknown,14/9/2017,BA170914-01,NA,640,NA,m,2,3.11,-16.02004625,124.7560125,Lower Sale,Sale River,TRUE,2
Lates calcarifer,unknown,14/9/2017,BA170914-02,NA,698,NA,m,2,1.9,-16.02004625,124.7560125,Lower Sale,Sale River,TRUE,2
Lates calcarifer,unknown,14/9/2017,BA170914-03,NA,734,NA,m,2,1.27,-16.02004625,124.7560125,Lower Sale,Sale River,TRUE,2
Lates calcarifer,Line,16/9/2017,BA170916-01,NA,640,NA,m,2,2.25,-15.96523333,124.27328891666667,Red Cone Bay,Doubtful Bay,FALSE,2
Lates calcarifer,unknown,17/9/2017,BA170917-01,NA,796,NA,f,3,34.01,-16.08613125,124.655665,Ruby Falls,Doubtful Bay,TRUE,2
Lates calcarifer,unknown,17/9/2017,BA170917-02,NA,698,NA,m,2,1.62,-16.08613125,124.655665,Ruby Falls,Doubtful Bay,TRUE,2
Lates calcarifer,unknown,17/9/2017,BA170917-03,NA,732,NA,f,3,21.82,-16.08613125,124.655665,Ruby Falls,Doubtful Bay,TRUE,1
Lates calcarifer,unknown,17/9/2017,BA170917-04,NA,895,NA,f,2,19.14,-16.08613125,124.655665,Ruby Falls,Doubtful Bay,TRUE,2
Lates calcarifer,unknown,17/9/2017,BA170917-05,NA,831,NA,f,3,42.86,-16.08613125,124.655665,Ruby Falls,Doubtful Bay,TRUE,2
Lates calcarifer,unknown,17/9/2017,BA170917-06,NA,752,NA,m,2,2.36,-16.08613125,124.655665,Ruby Falls,Doubtful Bay,TRUE,2
Lates calcarifer,unknown,17/9/2017,BA170917-07,NA,931,NA,f,2,24.89,-16.08613125,124.655665,Ruby Falls,Doubtful Bay,TRUE,1
Lates calcarifer,unknown,17/9/2017,BA170917-08,NA,914,NA,f,3,26.06,-16.08613125,124.655665,Ruby Falls,Doubtful Bay,TRUE,2
Lates calcarifer,unknown,17/9/2017,BA170917-09,NA,700,NA,m,2,0.31,-16.08613125,124.655665,Ruby Falls,Doubtful Bay,FALSE,2
Lates calcarifer,unknown,17/9/2017,BA170917-10,NA,760,NA,f,3,33.11,-16.08613125,124.655665,Ruby Falls,Doubtful Bay,FALSE,2
Lates calcarifer,unknown,17/9/2017,BA170917-11,NA,699,NA,m,2,0.68,-16.08613125,124.655665,Ruby Falls,Doubtful Bay,FALSE,2
Lates calcarifer,unknown,17/9/2017,BA170917-12,NA,887,NA,f,2,22.8,-16.08613125,124.655665,Ruby Falls,Doubtful Bay,FALSE,2
Lates calcarifer,unknown,17/9/2017,BA170917-13,NA,751,NA,m,2,3.2,-16.08613125,124.655665,Ruby Falls,Doubtful Bay,FALSE,2
Lates calcarifer,unknown,17/9/2017,BA170917-14,NA,775,NA,m,2,1.97,-16.08613125,124.655665,Ruby Falls,Doubtful Bay,FALSE,2
Lates calcarifer,unknown,18/9/2017,BA170918-01,NA,813,NA,f,3,60.92,-16.13728556,124.55488666666666,Southern Doubtful Bay,Doubtful Bay,TRUE,2
Lates calcarifer,unknown,18/9/2017,BA170918-02,NA,851,NA,m,2,10.38,-16.13728556,124.55488666666666,Southern Doubtful Bay,Doubtful Bay,TRUE,2
Lates calcarifer,unknown,18/9/2017,BA170918-03,NA,714,NA,m,2,0.7,-16.13728556,124.55488666666666,Southern Doubtful Bay,Doubtful Bay,TRUE,2
Lates calcarifer,unknown,18/9/2017,BA170918-04,NA,766,NA,f,2,18.8,-16.13728556,124.55488666666666,Southern Doubtful Bay,Doubtful Bay,TRUE,1
Lates calcarifer,unknown,18/9/2017,BA170918-05,NA,799,NA,m,2,9.54,-16.13728556,124.55488666666666,Southern Doubtful Bay,Doubtful Bay,TRUE,2
Lates calcarifer,unknown,18/9/2017,BA170918-06,NA,821,NA,f,4,71.02,-16.13728556,124.55488666666666,Southern Doubtful Bay,Doubtful Bay,TRUE,2
Lates calcarifer,unknown,18/9/2017,BA170918-07,NA,796,NA,m,2,18.66,-16.13728556,124.55488666666666,Southern Doubtful Bay,Doubtful Bay,TRUE,2
Lates calcarifer,unknown,18/9/2017,BA170918-08,NA,754,NA,m,2,3.7,-16.13728556,124.55488666666666,Southern Doubtful Bay,Doubtful Bay,TRUE,2
Lates calcarifer,unknown,18/9/2017,BA170918-09,NA,793,NA,f,4,77.85,-16.13728556,124.55488666666666,Southern Doubtful Bay,Doubtful Bay,TRUE,1
Lates calcarifer,unknown,18/9/2017,BA170918-10,NA,790,NA,m,2,7.32,-16.13728556,124.55488666666666,Southern Doubtful Bay,Doubtful Bay,TRUE,2
Lates calcarifer,unknown,18/9/2017,BA170918-11,NA,770,NA,m,2,1.6,-16.13728556,124.55488666666666,Southern Doubtful Bay,Doubtful Bay,TRUE,2
Lates calcarifer,unknown,18/9/2017,BA170918-12,NA,723,NA,m,2,2.4,-16.13728556,124.55488666666666,Southern Doubtful Bay,Doubtful Bay,TRUE,2
Lates calcarifer,unknown,18/9/2017,BA170918-13,NA,786,NA,f,3,32.05,-16.13728556,124.55488666666666,Southern Doubtful Bay,Doubtful Bay,TRUE,2
Lates calcarifer,unknown,18/9/2017,BA170918-14,NA,852,NA,f,4,53.15,-16.13728556,124.55488666666666,Southern Doubtful Bay,Doubtful Bay,TRUE,2
Lates calcarifer,unknown,18/9/2017,BA170918-15,NA,800,NA,m,2,8.42,-16.13728556,124.55488666666666,Southern Doubtful Bay,Doubtful Bay,TRUE,2
Lates calcarifer,unknown,18/9/2017,BA170918-16,NA,838,NA,f,4,180.84,-16.13728556,124.55488666666666,Southern Doubtful Bay,Doubtful Bay,TRUE,2
Lates calcarifer,unknown,18/9/2017,BA170918-17,NA,823,NA,f,4,430.33,-16.13728556,124.55488666666666,Southern Doubtful Bay,Doubtful Bay,TRUE,2
Lates calcarifer,unknown,18/9/2017,BA170918-18,NA,810,NA,f,3,54.04,-16.13728556,124.55488666666666,Southern Doubtful Bay,Doubtful Bay,FALSE,2
Lates calcarifer,unknown,18/9/2017,BA170918-19,NA,818,NA,f,3,45.3,-16.13728556,124.55488666666666,Southern Doubtful Bay,Doubtful Bay,FALSE,2
Lates calcarifer,unknown,18/9/2017,BA170918-20,NA,751,NA,f,3,32.71,-16.13728556,124.55488666666666,Southern Doubtful Bay,Doubtful Bay,FALSE,2
Lates calcarifer,unknown,18/9/2017,BA170918-21,NA,785,NA,f,2,18.23,-16.13728556,124.55488666666666,Southern Doubtful Bay,Doubtful Bay,FALSE,2
Lates calcarifer,unknown,18/9/2017,BA170918-22,NA,832,NA,f,3,36.58,-16.13728556,124.55488666666666,Southern Doubtful Bay,Doubtful Bay,FALSE,2
Lates calcarifer,Gillnet,19/9/2017,BA170919-01,NA,758,NA,m,2,1.7,-16.32542,123.82814285714286,Eastern Talbot Bay,Talbot Bay,TRUE,1
Lates calcarifer,Gillnet,19/9/2017,BA170919-02,NA,812,NA,m,2,3.45,-16.32542,123.82814285714286,Eastern Talbot Bay,Talbot Bay,TRUE,1
Lates calcarifer,Gillnet,19/9/2017,BA170919-03,NA,769,NA,m,2,3.2,-16.32542,123.82814285714286,Eastern Talbot Bay,Talbot Bay,TRUE,2
Lates calcarifer,Gillnet,19/9/2017,BA170919-04,NA,745,NA,m,2,2.73,-16.32542,123.82814285714286,Eastern Talbot Bay,Talbot Bay,TRUE,1
Lates calcarifer,Gillnet,19/9/2017,BA170919-05,NA,814,NA,m,2,5.38,-16.32542,123.82814285714286,Eastern Talbot Bay,Talbot Bay,TRUE,2
Lates calcarifer,Gillnet,19/9/2017,BA170919-06,NA,735,NA,m,2,4.45,-16.32542,123.82814285714286,Eastern Talbot Bay,Talbot Bay,TRUE,2
Lates calcarifer,Gillnet,19/9/2017,BA170919-07,NA,803,NA,m,2,2.68,-16.32542,123.82814285714286,Eastern Talbot Bay,Talbot Bay,TRUE,2
Lates calcarifer,Gillnet,19/9/2017,BA170919-08,NA,780,NA,m,2,1.75,-16.32542,123.82814285714286,Eastern Talbot Bay,Talbot Bay,TRUE,2
Lates calcarifer,Gillnet,19/9/2017,BA170919-09,NA,736,NA,m,2,0.89,-16.32542,123.82814285714286,Eastern Talbot Bay,Talbot Bay,TRUE,2
Lates calcarifer,Gillnet,19/9/2017,BA170919-10,NA,833,NA,m,2,3.28,-16.32542,123.82814285714286,Eastern Talbot Bay,Talbot Bay,TRUE,2
Lates calcarifer,Gillnet,19/9/2017,BA170919-11,NA,711,NA,m,2,0.55,-16.32542,123.82814285714286,Eastern Talbot Bay,Talbot Bay,TRUE,2
Lates calcarifer,Gillnet,19/9/2017,BA170919-12,NA,791,NA,m,2,1.2,-16.32542,123.82814285714286,Eastern Talbot Bay,Talbot Bay,TRUE,2
Lates calcarifer,Gillnet,19/9/2017,BA170919-13,NA,783,NA,m,2,1.61,-16.32542,123.82814285714286,Eastern Talbot Bay,Talbot Bay,TRUE,2
Lates calcarifer,Gillnet,19/9/2017,BA170919-14,NA,865,NA,m,2,6.51,-16.32542,123.82814285714286,Eastern Talbot Bay,Talbot Bay,TRUE,2
Lates calcarifer,Gillnet,19/9/2017,BA170919-15,NA,805,NA,m,2,1.23,-16.32542,123.82814285714286,Eastern Talbot Bay,Talbot Bay,FALSE,0
Lates calcarifer,Gillnet,19/9/2017,BA170919-16,NA,801,NA,m,2,3.65,-16.32542,123.82814285714286,Eastern Talbot Bay,Talbot Bay,TRUE,2
Lates calcarifer,Gillnet,19/9/2017,BA170919-17,NA,751,NA,m,2,1.15,-16.32542,123.82814285714286,Eastern Talbot Bay,Talbot Bay,TRUE,2
Lates calcarifer,Gillnet,19/9/2017,BA170919-18,NA,679,NA,m,2,1.2,-16.32542,123.82814285714286,Eastern Talbot Bay,Talbot Bay,TRUE,2
Lates calcarifer,Gillnet,19/9/2017,BA170919-19,NA,784,NA,m,2,1.46,-16.32542,123.82814285714286,Eastern Talbot Bay,Talbot Bay,TRUE,2
Lates calcarifer,Gillnet,19/9/2017,BA170919-20,NA,803,NA,m,2,6,-16.32542,123.82814285714286,Eastern Talbot Bay,Talbot Bay,TRUE,2
Lates calcarifer,Gillnet,19/9/2017,BA170919-21,NA,759,NA,m,2,2.4,-16.32542,123.82814285714286,Eastern Talbot Bay,Talbot Bay,TRUE,2
Lates calcarifer,Gillnet,19/9/2017,BA170919-22,NA,761,NA,m,2,2.1,-16.32542,123.82814285714286,Eastern Talbot Bay,Talbot Bay,TRUE,2
Lates calcarifer,Gillnet,19/9/2017,BA170919-23,NA,871,NA,f,4,142.18,-16.32542,123.82814285714286,Eastern Talbot Bay,Talbot Bay,TRUE,2
Lates calcarifer,Gillnet,19/9/2017,BA170919-24,NA,795,NA,m,2,1.82,-16.32542,123.82814285714286,Eastern Talbot Bay,Talbot Bay,TRUE,2
Lates calcarifer,Gillnet,19/9/2017,BA170919-25,NA,706,NA,m,2,0.8,-16.32542,123.82814285714286,Eastern Talbot Bay,Talbot Bay,TRUE,2
Lates calcarifer,Gillnet,19/9/2017,BA170919-26,NA,763,NA,m,2,1.14,-16.32542,123.82814285714286,Eastern Talbot Bay,Talbot Bay,TRUE,2
Lates calcarifer,Gillnet,19/9/2017,BA170919-27,NA,782,NA,f,3,13.73,-16.32542,123.82814285714286,Eastern Talbot Bay,Talbot Bay,TRUE,2
Lates calcarifer,Gillnet,19/9/2017,BA170919-28,NA,755,NA,m,2,1.34,-16.32542,123.82814285714286,Eastern Talbot Bay,Talbot Bay,TRUE,2
Lates calcarifer,Gillnet,19/9/2017,BA170919-29,NA,817,NA,m,2,4.03,-16.32542,123.82814285714286,Eastern Talbot Bay,Talbot Bay,TRUE,2
Lates calcarifer,Gillnet,19/9/2017,BA170919-30,NA,758,NA,m,2,2.38,-16.32542,123.82814285714286,Eastern Talbot Bay,Talbot Bay,TRUE,2
Lates calcarifer,Gillnet,19/9/2017,BA170919-31,NA,727,NA,m,2,0.56,-16.32542,123.82814285714286,Eastern Talbot Bay,Talbot Bay,TRUE,2
Lates calcarifer,Gillnet,19/9/2017,BA170919-32,NA,704,NA,m,2,1.46,-16.32542,123.82814285714286,Eastern Talbot Bay,Talbot Bay,TRUE,2
Lates calcarifer,Gillnet,19/9/2017,BA170919-33,NA,744,NA,m,2,1.76,-16.32542,123.82814285714286,Eastern Talbot Bay,Talbot Bay,TRUE,2
Lates calcarifer,Gillnet,19/9/2017,BA170919-34,NA,702,NA,m,2,2,-16.32542,123.82814285714286,Eastern Talbot Bay,Talbot Bay,TRUE,2
Lates calcarifer,Gillnet,19/9/2017,BA170919-35,NA,902,NA,f,3,40.79,-16.32542,123.82814285714286,Eastern Talbot Bay,Talbot Bay,TRUE,2
Lates calcarifer,Gillnet,19/9/2017,BA170919-36,NA,722,NA,f,3,10.01,-16.32542,123.82814285714286,Eastern Talbot Bay,Talbot Bay,TRUE,1
Lates calcarifer,Gillnet,19/9/2017,BA170919-37,NA,716,NA,f,3,9.22,-16.32542,123.82814285714286,Eastern Talbot Bay,Talbot Bay,TRUE,2
Lates calcarifer,Gillnet,19/9/2017,BA170919-38,NA,761,NA,m,2,2.52,-16.32542,123.82814285714286,Eastern Talbot Bay,Talbot Bay,TRUE,2
Lates calcarifer,Gillnet,19/9/2017,BA170919-39,NA,712,NA,m,2,1.44,-16.32542,123.82814285714286,Eastern Talbot Bay,Talbot Bay,TRUE,2
Lates calcarifer,Gillnet,19/9/2017,BA170919-40,NA,708,NA,m,2,1.2,-16.32542,123.82814285714286,Eastern Talbot Bay,Talbot Bay,FALSE,1
Lates calcarifer,Gillnet,19/9/2017,BA170919-41,NA,653,NA,m,2,1.58,-16.32542,123.82814285714286,Eastern Talbot Bay,Talbot Bay,FALSE,2
Lates calcarifer,Gillnet,19/9/2017,BA170919-42,NA,773,NA,m,2,1.51,-16.32542,123.82814285714286,Eastern Talbot Bay,Talbot Bay,FALSE,2
Lates calcarifer,Gillnet,19/9/2017,BA170919-43,NA,801,NA,m,2,3.23,-16.32542,123.82814285714286,Eastern Talbot Bay,Talbot Bay,FALSE,2
Lates calcarifer,Gillnet,19/9/2017,BA170919-44,NA,822,NA,f,3,30.36,-16.32542,123.82814285714286,Eastern Talbot Bay,Talbot Bay,FALSE,2
Lates calcarifer,Gillnet,19/9/2017,BA170919-45,NA,780,NA,m,2,2.26,-16.32542,123.82814285714286,Eastern Talbot Bay,Talbot Bay,FALSE,2
Lates calcarifer,Gillnet,19/9/2017,BA170919-46,NA,740,NA,m,2,0.76,-16.32542,123.82814285714286,Eastern Talbot Bay,Talbot Bay,FALSE,2
Lates calcarifer,Gillnet,19/9/2017,BA170919-47,NA,811,NA,f,3,38.46,-16.32542,123.82814285714286,Eastern Talbot Bay,Talbot Bay,FALSE,2
Lates calcarifer,Gillnet,19/9/2017,BA170919-48,NA,685,NA,m,2,2.48,-16.32542,123.82814285714286,Eastern Talbot Bay,Talbot Bay,FALSE,2
Lates calcarifer,Gillnet,19/9/2017,BA170919-49,NA,691,NA,m,2,0.63,-16.32542,123.82814285714286,Eastern Talbot Bay,Talbot Bay,FALSE,2
Lates calcarifer,Gillnet,19/9/2017,BA170919-50,NA,756,NA,m,2,2.63,-16.32542,123.82814285714286,Eastern Talbot Bay,Talbot Bay,FALSE,2
Lates calcarifer,Gillnet,19/9/2017,BA170919-51,NA,771,NA,m,2,1.28,-16.32542,123.82814285714286,Eastern Talbot Bay,Talbot Bay,FALSE,2
Lates calcarifer,Gillnet,19/9/2017,BA170919-52,NA,665,NA,m,2,0.55,-16.32542,123.82814285714286,Eastern Talbot Bay,Talbot Bay,FALSE,2
Lates calcarifer,Gillnet,19/9/2017,BA170919-53,NA,720,NA,NA,NA,NA,-16.32542,123.82814285714286,Eastern Talbot Bay,Talbot Bay,FALSE,2
Lates calcarifer,Gillnet,19/9/2017,BA170919-54,NA,766,NA,m,2,4.2,-16.32542,123.82814285714286,Eastern Talbot Bay,Talbot Bay,FALSE,2
Lates calcarifer,Gillnet,19/9/2017,BA170919-55,NA,825,NA,m,2,4.72,-16.32542,123.82814285714286,Eastern Talbot Bay,Talbot Bay,FALSE,2
Lates calcarifer,Line,5/9/2018,BA180905-01,NA,552,1883,m,2,1,-15.71447,124.7452,Lower Gardiner River,Georges Water,TRUE,2
Lates calcarifer,Line,5/9/2018,BA180905-02,NA,448,1031,NA,NA,NA,-15.71447,124.7452,Lower Gardiner River,Georges Water,TRUE,2
Lates calcarifer,Line,5/9/2018,BA180905-03,NA,612,2612,m,2,1.4,-15.71447,124.7452,Lower Gardiner River,Georges Water,TRUE,2
Lates calcarifer,Line,5/9/2018,BA180905-04,NA,548,1961,m,2,1.9,-15.71447,124.7452,Lower Gardiner River,Georges Water,TRUE,2
Lates calcarifer,Line,5/9/2018,BA180905-05,NA,660,2992,m,2,4,-15.71447,124.7452,Lower Gardiner River,Georges Water,TRUE,2
Lates calcarifer,Line,5/9/2018,BA180905-06,NA,624,2444,m,2,2.8,-15.71447,124.7452,Lower Gardiner River,Georges Water,TRUE,2
Lates calcarifer,Line,5/9/2018,BA180905-07,NA,635,2574,m,2,2.6,-15.71447,124.7452,Lower Gardiner River,Georges Water,TRUE,2
Lates calcarifer,Line,5/9/2018,BA180905-08,NA,568,2102,m,2,2.1,-15.71447,124.7452,Lower Gardiner River,Georges Water,TRUE,2
Lates calcarifer,Line,5/9/2018,BA180905-09,NA,622,2872,m,2,2.5,-15.71447,124.7452,Lower Gardiner River,Georges Water,TRUE,2
Lates calcarifer,Line,5/9/2018,BA180905-10,NA,566,2020,m,2,1.4,-15.71447,124.7452,Lower Gardiner River,Georges Water,TRUE,2
Lates calcarifer,Line,5/9/2018,BA180905-11,NA,598,2195,m,2,1.1,-15.71447,124.7452,Lower Gardiner River,Georges Water,TRUE,2
Lates calcarifer,Line,5/9/2018,BA180905-12,NA,621,2472,NA,NA,NA,-15.71447,124.7452,Lower Gardiner River,Georges Water,TRUE,2
Lates calcarifer,Line,5/9/2018,BA180905-13,NA,597,2260,m,2,0.6,-15.71447,124.7452,Lower Gardiner River,Georges Water,TRUE,0
Lates calcarifer,Line,5/9/2018,BA180905-14,NA,691,3818,m,2,2.1,-15.71447,124.7452,Lower Gardiner River,Georges Water,TRUE,2
Lates calcarifer,Line,5/9/2018,BA180905-15,NA,547,1840,m,2,2,-15.71447,124.7452,Lower Gardiner River,Georges Water,TRUE,2
Lates calcarifer,Line,5/9/2018,BA180905-16,NA,607,2331,m,2,2,-15.71447,124.7452,Lower Gardiner River,Georges Water,TRUE,2
Lates calcarifer,Line,6/9/2018,BA180906-01,NA,395,643,m,1,0.1,-15.71447,124.7452,Lower Gardiner River,Georges Water,TRUE,2
Lates calcarifer,Line,6/9/2018,BA180906-02,NA,655,2982,m,2,2,-15.71447,124.7452,Lower Gardiner River,Georges Water,TRUE,2
Lates calcarifer,Line,6/9/2018,BA180906-03,NA,675,3330,f,2,20,-15.71447,124.7452,Lower Gardiner River,Georges Water,TRUE,2
Lates calcarifer,Line,6/9/2018,BA180906-04,NA,628,2644,m,2,0.9,-15.71447,124.7452,Lower Gardiner River,Georges Water,TRUE,2
Lates calcarifer,Line,6/9/2018,BA180906-05,NA,452,1039,m,1,0.4,-15.71447,124.7452,Lower Gardiner River,Georges Water,TRUE,2
Lates calcarifer,Gillnet,6/9/2018,BA180906-07,NA,632,2591,m,2,2.9,-15.63006,124.707,Lower Gardiner River,Georges Water,TRUE,2
Lates calcarifer,Gillnet,6/9/2018,BA180906-08,NA,620,2509,m,2,2.5,-15.63006,124.707,Lower Gardiner River,Georges Water,TRUE,2
Lates calcarifer,Gillnet,6/9/2018,BA180906-09,NA,620,2750,m,2,3.1,-15.63006,124.707,Lower Gardiner River,Georges Water,TRUE,2
Lates calcarifer,Gillnet,6/9/2018,BA180906-06,NA,660,2756,m,2,1.9,-15.63049,124.70647,Lower Gardiner River,Georges Water,TRUE,2
Lates calcarifer,Gillnet,6/9/2018,BA180906-10,NA,621,2600,NA,NA,NA,-15.63049,124.70647,Lower Gardiner River,Georges Water,TRUE,2
Lates calcarifer,Gillnet,7/9/2018,BA180907-22,NA,692,3394,m,2,1.4,-15.68992,124.73763,Lower Gardiner River,Georges Water,TRUE,2
Lates calcarifer,Gillnet,7/9/2018,BA180907-06,NA,642,3072,m,2,NA,-15.68992,124.73763,Lower Gardiner River,Georges Water,TRUE,2
Lates calcarifer,Gillnet,7/9/2018,BA180907-07,NA,648,3022,m,2,4.1,-15.68992,124.73763,Lower Gardiner River,Georges Water,TRUE,2
Lates calcarifer,Gillnet,7/9/2018,BA180907-21,NA,637,2686,m,2,2.6,-15.68992,124.73763,Lower Gardiner River,Georges Water,TRUE,2
Lates calcarifer,Gillnet,7/9/2018,BA180907-40,NA,638,2853,m,2,2.2,-15.68992,124.73763,Lower Gardiner River,Georges Water,TRUE,2
Lates calcarifer,Gillnet,7/9/2018,BA180907-34,NA,657,3464,m,2,3.2,-15.68669,124.74166,Lower Gardiner River,Georges Water,TRUE,2
Lates calcarifer,Gillnet,7/9/2018,BA180907-33,NA,518,1531,m,2,0.8,-15.68806,124.73947,Lower Gardiner River,Georges Water,TRUE,2
Lates calcarifer,Gillnet,7/9/2018,BA180907-36,NA,451,1055,m,2,1.1,-15.68806,124.73947,Lower Gardiner River,Georges Water,TRUE,2
Lates calcarifer,Gillnet,7/9/2018,BA180907-41,NA,559,1927,m,2,1,-15.68333,124.73492,Lower Gardiner River,Georges Water,TRUE,2
Lates calcarifer,Gillnet,7/9/2018,BA180907-42,NA,502,1486,m,2,0.6,-15.68333,124.73492,Lower Gardiner River,Georges Water,TRUE,2
Lates calcarifer,Gillnet,7/9/2018,BA180907-43,NA,489,1275,m,1,0.6,-15.68333,124.73492,Lower Gardiner River,Georges Water,TRUE,2
Lates calcarifer,Gillnet,7/9/2018,BA180907-44,NA,527,1727,m,2,1,-15.68333,124.73492,Lower Gardiner River,Georges Water,TRUE,2
Lates calcarifer,Gillnet,7/9/2018,BA180907-45,NA,608,2740,m,2,1.4,-15.68333,124.73492,Lower Gardiner River,Georges Water,TRUE,2
Lates calcarifer,Gillnet,7/9/2018,BA180907-46,NA,452,1085,m,1,0.1,-15.68333,124.73492,Lower Gardiner River,Georges Water,TRUE,2
Lates calcarifer,Gillnet,7/9/2018,BA180907-47,NA,435,988,m,1,0.1,-15.68333,124.73492,Lower Gardiner River,Georges Water,TRUE,2
Lates calcarifer,Gillnet,7/9/2018,BA180907-48,NA,454,1085,m,1,0.1,-15.68333,124.73492,Lower Gardiner River,Georges Water,TRUE,2
Lates calcarifer,Gillnet,7/9/2018,BA180907-49,NA,460,1041,m,1,0.1,-15.68333,124.73492,Lower Gardiner River,Georges Water,TRUE,2
Lates calcarifer,Gillnet,7/9/2018,BA180907-50,NA,465,1043,m,1,0.1,-15.68333,124.73492,Lower Gardiner River,Georges Water,TRUE,2
Lates calcarifer,Gillnet,7/9/2018,BA180907-51,NA,423,921,m,1,0.1,-15.68333,124.73492,Lower Gardiner River,Georges Water,TRUE,2
Lates calcarifer,Gillnet,7/9/2018,BA180907-52,NA,489,NA,m,1,0.2,-15.68333,124.73492,Lower Gardiner River,Georges Water,TRUE,2
Lates calcarifer,Gillnet,7/9/2018,BA180907-53,NA,605,2274,m,2,1.2,-15.68333,124.73492,Lower Gardiner River,Georges Water,TRUE,2
Lates calcarifer,Gillnet,7/9/2018,BA180907-54,NA,662,2880,m,2,2.2,-15.68333,124.73492,Lower Gardiner River,Georges Water,TRUE,2
Lates calcarifer,Gillnet,7/9/2018,BA180907-55,NA,591,2673,m,2,2.4,-15.68333,124.73492,Lower Gardiner River,Georges Water,TRUE,2
Lates calcarifer,Gillnet,7/9/2018,BA180907-56,NA,510,1534,m,2,1.4,-15.68333,124.73492,Lower Gardiner River,Georges Water,TRUE,2
Lates calcarifer,Gillnet,7/9/2018,BA180907-57,NA,491,1332,m,1,0.1,-15.68333,124.73492,Lower Gardiner River,Georges Water,TRUE,2
Lates calcarifer,Gillnet,7/9/2018,BA180907-58,NA,475,1189,m,1,0.2,-15.68333,124.73492,Lower Gardiner River,Georges Water,TRUE,2
Lates calcarifer,Gillnet,7/9/2018,BA180907-59,NA,466,1122,m,1,0.1,-15.68333,124.73492,Lower Gardiner River,Georges Water,TRUE,2
Lates calcarifer,Gillnet,7/9/2018,BA180907-60,NA,436,907,m,1,0.1,-15.68333,124.73492,Lower Gardiner River,Georges Water,TRUE,2
Lates calcarifer,Gillnet,7/9/2018,BA180907-61,NA,432,936,m,1,0.1,-15.68333,124.73492,Lower Gardiner River,Georges Water,TRUE,2
Lates calcarifer,Gillnet,7/9/2018,BA180907-62,NA,432,937,m,1,0.2,-15.68333,124.73492,Lower Gardiner River,Georges Water,TRUE,2
Lates calcarifer,Gillnet,7/9/2018,BA180907-63,NA,428,869,m,1,0.1,-15.68333,124.73492,Lower Gardiner River,Georges Water,TRUE,2
Lates calcarifer,Gillnet,7/9/2018,BA180907-64,NA,370,607,m,1,0.1,-15.68333,124.73492,Lower Gardiner River,Georges Water,TRUE,2
Lates calcarifer,Gillnet,7/9/2018,BA180907-65,NA,536,1760,m,2,2.2,-15.68333,124.73492,Lower Gardiner River,Georges Water,TRUE,2
Lates calcarifer,Gillnet,7/9/2018,BA180907-66,NA,561,1803,m,2,1.2,-15.68333,124.73492,Lower Gardiner River,Georges Water,TRUE,2
Lates calcarifer,Gillnet,7/9/2018,BA180907-67,NA,569,2184,m,2,1.2,-15.68333,124.73492,Lower Gardiner River,Georges Water,TRUE,2
Lates calcarifer,Gillnet,7/9/2018,BA180907-68,NA,540,1718,m,2,1.2,-15.68333,124.73492,Lower Gardiner River,Georges Water,TRUE,2
Lates calcarifer,Gillnet,7/9/2018,BA180907-69,NA,492,1398,m,1,0.8,-15.68333,124.73492,Lower Gardiner River,Georges Water,TRUE,2
Lates calcarifer,Gillnet,7/9/2018,BA180907-70,NA,490,1020,m,1,NA,-15.68333,124.73492,Lower Gardiner River,Georges Water,TRUE,2
Lates calcarifer,Gillnet,7/9/2018,BA180907-71,NA,422,869,m,1,NA,-15.68333,124.73492,Lower Gardiner River,Georges Water,TRUE,2
Lates calcarifer,Gillnet,7/9/2018,BA180907-72,NA,415,848,m,1,NA,-15.68333,124.73492,Lower Gardiner River,Georges Water,TRUE,2
Lates calcarifer,Gillnet,7/9/2018,BA180907-73,NA,427,919,m,1,NA,-15.68333,124.73492,Lower Gardiner River,Georges Water,TRUE,2
Lates calcarifer,Gillnet,7/9/2018,BA180907-74,NA,540,1935,m,2,1.3,-15.68333,124.73492,Lower Gardiner River,Georges Water,TRUE,2
Lates calcarifer,Gillnet,7/9/2018,BA180907-75,NA,594,2560,m,2,2.5,-15.68333,124.73492,Lower Gardiner River,Georges Water,TRUE,2
Lates calcarifer,Gillnet,7/9/2018,BA180907-76,NA,515,1436,m,2,0.9,-15.68333,124.73492,Lower Gardiner River,Georges Water,TRUE,2
Lates calcarifer,Gillnet,7/9/2018,BA180907-77,NA,471,1285,m,1,NA,-15.68333,124.73492,Lower Gardiner River,Georges Water,TRUE,2
Lates calcarifer,Gillnet,7/9/2018,BA180907-78,NA,425,895,m,1,NA,-15.68333,124.73492,Lower Gardiner River,Georges Water,TRUE,2
Lates calcarifer,Gillnet,7/9/2018,BA180907-79,NA,433,939,m,1,NA,-15.68333,124.73492,Lower Gardiner River,Georges Water,TRUE,2
Lates calcarifer,Gillnet,7/9/2018,BA180907-80,NA,450,1106,m,1,NA,-15.68333,124.73492,Lower Gardiner River,Georges Water,TRUE,2
Lates calcarifer,Gillnet,7/9/2018,BA180907-81,NA,435,912,m,1,NA,-15.68333,124.73492,Lower Gardiner River,Georges Water,TRUE,2
Lates calcarifer,Gillnet,7/9/2018,BA180907-82,NA,563,1947,m,2,1.8,-15.68333,124.73492,Lower Gardiner River,Georges Water,TRUE,2
Lates calcarifer,Gillnet,7/9/2018,BA180907-83,NA,575,2106,m,3,4.8,-15.68333,124.73492,Lower Gardiner River,Georges Water,TRUE,2
Lates calcarifer,Gillnet,7/9/2018,BA180907-84,NA,551,1936,m,2,1.5,-15.68333,124.73492,Lower Gardiner River,Georges Water,TRUE,2
Lates calcarifer,Gillnet,7/9/2018,BA180907-85,NA,575,2271,m,3,4.9,-15.68333,124.73492,Lower Gardiner River,Georges Water,TRUE,2
Lates calcarifer,Gillnet,7/9/2018,BA180907-86,NA,538,1792,m,2,1.4,-15.68333,124.73492,Lower Gardiner River,Georges Water,TRUE,2
Lates calcarifer,Gillnet,7/9/2018,BA180907-87,NA,439,1115,m,1,NA,-15.68333,124.73492,Lower Gardiner River,Georges Water,TRUE,2
Lates calcarifer,Gillnet,7/9/2018,BA180907-88,NA,462,1220,m,1,NA,-15.68333,124.73492,Lower Gardiner River,Georges Water,TRUE,2
Lates calcarifer,Gillnet,7/9/2018,BA180907-89,NA,440,964,m,1,NA,-15.68333,124.73492,Lower Gardiner River,Georges Water,TRUE,2
Lates calcarifer,Gillnet,7/9/2018,BA180907-90,NA,430,950,m,1,NA,-15.68333,124.73492,Lower Gardiner River,Georges Water,TRUE,2
Lates calcarifer,Gillnet,7/9/2018,BA180907-91,NA,423,887,m,1,NA,-15.68333,124.73492,Lower Gardiner River,Georges Water,TRUE,2
Lates calcarifer,Gillnet,7/9/2018,BA180907-92,NA,440,981,m,1,NA,-15.68333,124.73492,Lower Gardiner River,Georges Water,TRUE,2
Lates calcarifer,Gillnet,7/9/2018,BA180907-93,NA,414,856,m,1,NA,-15.68333,124.73492,Lower Gardiner River,Georges Water,TRUE,2
Lates calcarifer,Gillnet,7/9/2018,BA180907-94,NA,399,666,m,1,NA,-15.68333,124.73492,Lower Gardiner River,Georges Water,TRUE,2
Lates calcarifer,Gillnet,7/9/2018,BA180907-95,NA,439,975,m,1,NA,-15.68333,124.73492,Lower Gardiner River,Georges Water,TRUE,2
Lates calcarifer,Gillnet,7/9/2018,BA180907-96,NA,430,885,m,1,NA,-15.68333,124.73492,Lower Gardiner River,Georges Water,TRUE,2
Lates calcarifer,Gillnet,7/9/2018,BA180907-97,NA,420,944,m,1,NA,-15.68333,124.73492,Lower Gardiner River,Georges Water,TRUE,2
Lates calcarifer,Gillnet,7/9/2018,BA180907-98,NA,422,814,m,1,NA,-15.68333,124.73492,Lower Gardiner River,Georges Water,TRUE,2
Lates calcarifer,Gillnet,7/9/2018,BA180907-99,NA,567,2099,m,2,1.9,-15.68333,124.73492,Lower Gardiner River,Georges Water,TRUE,2
Lates calcarifer,Gillnet,7/9/2018,BA180907-100,NA,489,1352,m,1,NA,-15.68333,124.73492,Lower Gardiner River,Georges Water,TRUE,2
Lates calcarifer,Gillnet,7/9/2018,BA180907-101,NA,520,1607,m,2,NA,-15.68333,124.73492,Lower Gardiner River,Georges Water,TRUE,2
Lates calcarifer,Gillnet,7/9/2018,BA180907-102,NA,533,1722,m,2,NA,-15.68333,124.73492,Lower Gardiner River,Georges Water,TRUE,2
Lates calcarifer,Gillnet,7/9/2018,BA180907-103,NA,478,1247,m,1,NA,-15.68333,124.73492,Lower Gardiner River,Georges Water,TRUE,2
Lates calcarifer,Gillnet,7/9/2018,BA180907-104,NA,446,979,m,1,NA,-15.68333,124.73492,Lower Gardiner River,Georges Water,TRUE,2
Lates calcarifer,Gillnet,7/9/2018,BA180907-105,NA,451,1120,m,1,NA,-15.68333,124.73492,Lower Gardiner River,Georges Water,TRUE,2
Lates calcarifer,Gillnet,7/9/2018,BA180907-106,NA,443,950,m,2,NA,-15.68333,124.73492,Lower Gardiner River,Georges Water,TRUE,2
Lates calcarifer,Gillnet,7/9/2018,BA180907-107,NA,444,995,m,1,NA,-15.68333,124.73492,Lower Gardiner River,Georges Water,TRUE,2
Lates calcarifer,Gillnet,7/9/2018,BA180907-108,NA,436,917,m,1,NA,-15.68333,124.73492,Lower Gardiner River,Georges Water,TRUE,2
Lates calcarifer,Gillnet,7/9/2018,BA180907-109,NA,437,949,m,1,NA,-15.68333,124.73492,Lower Gardiner River,Georges Water,TRUE,2
Lates calcarifer,Gillnet,7/9/2018,BA180907-110,NA,468,1149,m,2,NA,-15.68333,124.73492,Lower Gardiner River,Georges Water,TRUE,2
Lates calcarifer,Gillnet,7/9/2018,BA180907-111,NA,412,834,m,1,NA,-15.68333,124.73492,Lower Gardiner River,Georges Water,TRUE,2
Lates calcarifer,Gillnet,7/9/2018,BA180907-112,NA,455,1058,m,1,NA,-15.68333,124.73492,Lower Gardiner River,Georges Water,TRUE,2
Lates calcarifer,Gillnet,7/9/2018,BA180907-113,NA,545,1979,m,3,8,-15.68333,124.73492,Lower Gardiner River,Georges Water,TRUE,2
Lates calcarifer,Gillnet,7/9/2018,BA180907-114,NA,576,2256,m,2,0.7,-15.68333,124.73492,Lower Gardiner River,Georges Water,TRUE,2
Lates calcarifer,Gillnet,7/9/2018,BA180907-115,NA,522,1674,m,2,NA,-15.68333,124.73492,Lower Gardiner River,Georges Water,TRUE,1
Lates calcarifer,Gillnet,7/9/2018,BA180907-116,NA,576,2351,m,2,NA,-15.68333,124.73492,Lower Gardiner River,Georges Water,TRUE,2
Lates calcarifer,Gillnet,7/9/2018,BA180907-117,NA,476,1280,m,2,NA,-15.68333,124.73492,Lower Gardiner River,Georges Water,TRUE,2
Lates calcarifer,Gillnet,7/9/2018,BA180907-118,NA,527,1651,m,3,1.5,-15.68333,124.73492,Lower Gardiner River,Georges Water,TRUE,2
Lates calcarifer,Gillnet,7/9/2018,BA180907-119,NA,495,1297,m,2,NA,-15.68333,124.73492,Lower Gardiner River,Georges Water,TRUE,2
Lates calcarifer,Gillnet,7/9/2018,BA180907-120,NA,451,989,m,1,NA,-15.68333,124.73492,Lower Gardiner River,Georges Water,TRUE,2
Lates calcarifer,Gillnet,7/9/2018,BA180907-121,NA,418,822,m,1,NA,-15.68333,124.73492,Lower Gardiner River,Georges Water,TRUE,2
Lates calcarifer,Gillnet,7/9/2018,BA180907-122,NA,448,1031,m,2,NA,-15.68333,124.73492,Lower Gardiner River,Georges Water,TRUE,2
Lates calcarifer,Gillnet,7/9/2018,BA180907-123,NA,446,975,m,1,NA,-15.68333,124.73492,Lower Gardiner River,Georges Water,TRUE,2
Lates calcarifer,Gillnet,7/9/2018,BA180907-39,NA,650,3024,m,2,2.2,-15.68339,124.7328,Lower Gardiner River,Georges Water,TRUE,2
Lates calcarifer,Gillnet,7/9/2018,BA180907-15,NA,1110,15900,f,3,196.3,-15.68258,124.73975,Lower Gardiner River,Georges Water,TRUE,2
Lates calcarifer,Gillnet,7/9/2018,BA180907-38,NA,641,2999,f,2,10.4,-15.68258,124.73975,Lower Gardiner River,Georges Water,TRUE,2
Lates calcarifer,Gillnet,7/9/2018,BA180907-24,NA,763,4854,f,2,16.9,-15.68258,124.73975,Lower Gardiner River,Georges Water,TRUE,2
Lates calcarifer,Gillnet,7/9/2018,BA180907-09,NA,869,9000,f,2,49.6,-15.68258,124.73975,Lower Gardiner River,Georges Water,TRUE,2
Lates calcarifer,Gillnet,7/9/2018,BA180907-26,NA,578,2026,m,2,0.9,-15.68318,124.73723,Lower Gardiner River,Georges Water,TRUE,1
Lates calcarifer,Gillnet,7/9/2018,BA180907-10,NA,579,2136,m,2,1.8,-15.68318,124.73723,Lower Gardiner River,Georges Water,TRUE,2
Lates calcarifer,Gillnet,7/9/2018,BA180907-28,NA,586,2216,m,2,1.6,-15.68318,124.73723,Lower Gardiner River,Georges Water,TRUE,1
Lates calcarifer,Gillnet,7/9/2018,BA180907-25,NA,631,2465,m,2,1,-15.68318,124.73723,Lower Gardiner River,Georges Water,TRUE,2
Lates calcarifer,Gillnet,7/9/2018,BA180907-29,NA,494,1036,m,2,NA,-15.68318,124.73723,Lower Gardiner River,Georges Water,TRUE,2
Lates calcarifer,Gillnet,7/9/2018,BA180907-30,NA,600,2525,m,2,2.8,-15.68318,124.73723,Lower Gardiner River,Georges Water,TRUE,2
Lates calcarifer,Gillnet,7/9/2018,BA180907-13,NA,658,2960,m,2,2.2,-15.68318,124.73723,Lower Gardiner River,Georges Water,TRUE,2
Lates calcarifer,Gillnet,7/9/2018,BA180907-08,NA,652,3096,m,2,2.5,-15.68318,124.73723,Lower Gardiner River,Georges Water,TRUE,2
Lates calcarifer,Gillnet,7/9/2018,BA180907-19,NA,597,2422,m,2,1.4,-15.68318,124.73723,Lower Gardiner River,Georges Water,TRUE,2
Lates calcarifer,Gillnet,7/9/2018,BA180907-11,NA,605,2623,m,2,2.5,-15.68318,124.73723,Lower Gardiner River,Georges Water,TRUE,2
Lates calcarifer,Gillnet,7/9/2018,BA180907-23,NA,555,2072,m,2,3.2,-15.68318,124.73723,Lower Gardiner River,Georges Water,TRUE,2
Lates calcarifer,Gillnet,7/9/2018,BA180907-18,NA,565,2174,m,2,2,-15.68318,124.73723,Lower Gardiner River,Georges Water,TRUE,2
Lates calcarifer,Gillnet,7/9/2018,BA180907-35,NA,575,2095,m,2,1.2,-15.68318,124.73723,Lower Gardiner River,Georges Water,TRUE,2
Lates calcarifer,Gillnet,7/9/2018,BA180907-20,NA,565,2071,NA,NA,NA,-15.68318,124.73723,Lower Gardiner River,Georges Water,TRUE,2
Lates calcarifer,Gillnet,7/9/2018,BA180907-16,NA,675,3452,m,2,1.9,-15.68318,124.73723,Lower Gardiner River,Georges Water,TRUE,2
Lates calcarifer,Gillnet,7/9/2018,BA180907-37,NA,580,2291,m,2,1.6,-15.68318,124.73723,Lower Gardiner River,Georges Water,TRUE,2
Lates calcarifer,Gillnet,7/9/2018,BA180907-17,NA,588,2300,m,2,2.8,-15.68318,124.73723,Lower Gardiner River,Georges Water,TRUE,1
Lates calcarifer,Gillnet,7/9/2018,BA180907-32,NA,504,1336,m,2,1.2,-15.68318,124.73723,Lower Gardiner River,Georges Water,TRUE,2
Lates calcarifer,Gillnet,7/9/2018,BA180907-27,NA,590,2387,m,2,1.7,-15.68318,124.73723,Lower Gardiner River,Georges Water,TRUE,2
Lates calcarifer,Gillnet,7/9/2018,BA180907-14,NA,580,2250,m,2,2,-15.68318,124.73723,Lower Gardiner River,Georges Water,TRUE,2
Lates calcarifer,Gillnet,7/9/2018,BA180907-05,NA,570,2281,m,2,0.9,-15.68318,124.73723,Lower Gardiner River,Georges Water,TRUE,2
Lates calcarifer,Line,7/9/2018,BA180907-01,NA,662,3172,m,2,2.9,-15.6583,124.7384,Lower Gardiner River,Georges Water,TRUE,2
Lates calcarifer,Line,7/9/2018,BA180907-02,NA,636,2930,m,2,1.9,-15.6583,124.7384,Lower Gardiner River,Georges Water,TRUE,2
Lates calcarifer,Line,7/9/2018,BA180907-03,NA,488,1231,m,1,NA,-15.6583,124.7384,Lower Gardiner River,Georges Water,TRUE,2
Lates calcarifer,Line,7/9/2018,BA180907-04,NA,413,817,m,1,0.2,-15.6583,124.7384,Lower Gardiner River,Georges Water,TRUE,2
Lates calcarifer,Gillnet,8/9/2018,BA180908-16,NA,779,5340,m,3,NA,-16.09481,124.61478,Red Cone Bay,Doubtful Bay,TRUE,2
Lates calcarifer,Gillnet,8/9/2018,BA180908-17,NA,NA,NA,m,2,NA,-16.09574,124.61321,Red Cone Bay,Doubtful Bay,TRUE,2
Lates calcarifer,Gillnet,8/9/2018,BA180908-15,NA,NA,5032,m,3,NA,-16.09574,124.61321,Red Cone Bay,Doubtful Bay,TRUE,2
Lates calcarifer,Gillnet,8/9/2018,BA180908-01,NA,528,1769,m,2,NA,-16.09731,124.61011,Red Cone Bay,Doubtful Bay,TRUE,2
Lates calcarifer,Gillnet,8/9/2018,BA180908-02,NA,467,1172,m,1,NA,-16.09731,124.61011,Red Cone Bay,Doubtful Bay,TRUE,2
Lates calcarifer,Gillnet,8/9/2018,BA180908-03,NA,485,1319,m,1,NA,-16.09731,124.61011,Red Cone Bay,Doubtful Bay,TRUE,2
Lates calcarifer,Gillnet,8/9/2018,BA180908-04,NA,480,1230,m,2,NA,-16.09731,124.61011,Red Cone Bay,Doubtful Bay,TRUE,2
Lates calcarifer,Gillnet,8/9/2018,BA180908-05,NA,455,1101,m,1,NA,-16.09731,124.61011,Red Cone Bay,Doubtful Bay,TRUE,2
Lates calcarifer,Gillnet,8/9/2018,BA180908-06,NA,461,1149,m,1,NA,-16.09731,124.61011,Red Cone Bay,Doubtful Bay,TRUE,2
Lates calcarifer,Gillnet,8/9/2018,BA180908-07,NA,442,1022,m,1,NA,-16.09731,124.61011,Red Cone Bay,Doubtful Bay,TRUE,2
Lates calcarifer,Gillnet,8/9/2018,BA180908-08,NA,454,1038,m,1,NA,-16.09731,124.61011,Red Cone Bay,Doubtful Bay,TRUE,2
Lates calcarifer,Gillnet,8/9/2018,BA180908-09,NA,422,879,m,2,NA,-16.09731,124.61011,Red Cone Bay,Doubtful Bay,TRUE,2
Lates calcarifer,Gillnet,8/9/2018,BA180908-10,NA,433,992,m,1,NA,-16.09731,124.61011,Red Cone Bay,Doubtful Bay,TRUE,2
Lates calcarifer,Gillnet,8/9/2018,BA180908-11,NA,420,881,m,1,NA,-16.09731,124.61011,Red Cone Bay,Doubtful Bay,TRUE,2
Lates calcarifer,Gillnet,8/9/2018,BA180908-12,NA,441,938,m,1,NA,-16.09731,124.61011,Red Cone Bay,Doubtful Bay,TRUE,2
Lates calcarifer,Gillnet,8/9/2018,BA180908-13,NA,381,650,m,1,NA,-16.09731,124.61011,Red Cone Bay,Doubtful Bay,TRUE,2
Lates calcarifer,Gillnet,8/9/2018,BA180908-14,NA,440,935,m,1,NA,-16.09731,124.61011,Red Cone Bay,Doubtful Bay,TRUE,2
Lates calcarifer,Gillnet,8/9/2018,BA180908-19,NA,481,1301,m,1,NA,-16.09731,124.61011,Red Cone Bay,Doubtful Bay,TRUE,2
Lates calcarifer,Gillnet,8/9/2018,BA180908-20,NA,491,1254,m,1,NA,-16.09731,124.61011,Red Cone Bay,Doubtful Bay,TRUE,2
Lates calcarifer,Gillnet,8/9/2018,BA180908-21,NA,487,1565,m,1,NA,-16.09731,124.61011,Red Cone Bay,Doubtful Bay,TRUE,2
Lates calcarifer,Gillnet,8/9/2018,BA180908-22,NA,NA,NA,m,1,NA,-16.09731,124.61011,Red Cone Bay,Doubtful Bay,TRUE,2
Lates calcarifer,Gillnet,8/9/2018,BA180908-23,NA,436,801,m,1,NA,-16.09731,124.61011,Red Cone Bay,Doubtful Bay,TRUE,2
Lates calcarifer,Gillnet,8/9/2018,BA180908-24,NA,451,1023,m,1,NA,-16.09731,124.61011,Red Cone Bay,Doubtful Bay,TRUE,2
Lates calcarifer,Gillnet,8/9/2018,BA180908-18,NA,NA,NA,NA,NA,NA,-16.0941,124.61572,Red Cone Bay,Doubtful Bay,FALSE,0
Lates calcarifer,Gillnet,9/9/2018,BA180909-02,NA,508,1528,m,2,NA,-16.06893,124.60336,Red Cone Bay,Doubtful Bay,TRUE,2
Lates calcarifer,Gillnet,9/9/2018,BA180909-03,NA,475,1241,m,1,NA,-16.06893,124.60336,Red Cone Bay,Doubtful Bay,TRUE,2
Lates calcarifer,Gillnet,9/9/2018,BA180909-04,NA,489,1327,m,1,NA,-16.06893,124.60336,Red Cone Bay,Doubtful Bay,TRUE,2
Lates calcarifer,Gillnet,9/9/2018,BA180909-05,NA,497,1252,m,1,NA,-16.06893,124.60336,Red Cone Bay,Doubtful Bay,TRUE,2
Lates calcarifer,Gillnet,9/9/2018,BA180909-06,NA,494,1324,m,1,NA,-16.06893,124.60336,Red Cone Bay,Doubtful Bay,TRUE,2
Lates calcarifer,Gillnet,9/9/2018,BA180909-07,NA,479,1291,m,1,NA,-16.06893,124.60336,Red Cone Bay,Doubtful Bay,TRUE,2
Lates calcarifer,Gillnet,9/9/2018,BA180909-08,NA,474,1149,m,1,NA,-16.06893,124.60336,Red Cone Bay,Doubtful Bay,TRUE,2
Lates calcarifer,Gillnet,9/9/2018,BA180909-09,NA,484,1120,m,1,NA,-16.06893,124.60336,Red Cone Bay,Doubtful Bay,TRUE,2
Lates calcarifer,Gillnet,9/9/2018,BA180909-10,NA,444,1011,m,1,NA,-16.06893,124.60336,Red Cone Bay,Doubtful Bay,TRUE,2
Lates calcarifer,Gillnet,9/9/2018,BA180909-17,NA,486,1187,m,1,NA,-16.0692,124.60262,Red Cone Bay,Doubtful Bay,TRUE,2
Lates calcarifer,Gillnet,9/9/2018,BA180909-18,NA,761,4046,m,3,7.4,-16.0692,124.60262,Red Cone Bay,Doubtful Bay,TRUE,2
Lates calcarifer,Gillnet,9/9/2018,BA180909-20,NA,488,1352,m,2,NA,-16.0692,124.60262,Red Cone Bay,Doubtful Bay,TRUE,2
Lates calcarifer,Gillnet,9/9/2018,BA180909-11,NA,481,1283,m,1,NA,-16.0735,124.60577,Red Cone Bay,Doubtful Bay,TRUE,2
Lates calcarifer,Gillnet,9/9/2018,BA180909-12,NA,490,1332,m,1,NA,-16.0735,124.60577,Red Cone Bay,Doubtful Bay,TRUE,2
Lates calcarifer,Gillnet,9/9/2018,BA180909-13,NA,474,1260,m,1,NA,-16.0735,124.60577,Red Cone Bay,Doubtful Bay,TRUE,2
Lates calcarifer,Gillnet,9/9/2018,BA180909-14,NA,415,810,m,1,NA,-16.0735,124.60577,Red Cone Bay,Doubtful Bay,TRUE,2
Lates calcarifer,Gillnet,9/9/2018,BA180909-15,NA,385,586,m,1,NA,-16.0735,124.60577,Red Cone Bay,Doubtful Bay,TRUE,2
Lates calcarifer,Gillnet,9/9/2018,BA180909-22,NA,495,1393,m,1,NA,-16.06985,124.60431,Red Cone Bay,Doubtful Bay,TRUE,2
Lates calcarifer,Gillnet,9/9/2018,BA180909-16,NA,710,4094,m,2,7.6,-16.07084,124.60423,Red Cone Bay,Doubtful Bay,TRUE,2
Lates calcarifer,Gillnet,9/9/2018,BA180909-21,NA,650,2975,m,2,3.4,-16.07084,124.60423,Red Cone Bay,Doubtful Bay,TRUE,2
Lates calcarifer,Gillnet,9/9/2018,BA180909-19,NA,635,2544,m,2,2.8,-16.07084,124.60423,Red Cone Bay,Doubtful Bay,TRUE,2
Lates calcarifer,Gillnet,9/9/2018,BA180909-25,NA,735,4050,m,3,NA,-16.07084,124.60423,Red Cone Bay,Doubtful Bay,TRUE,2
Lates calcarifer,Gillnet,9/9/2018,BA180909-24,NA,693,3344,m,2,NA,-16.06804,124.60225,Red Cone Bay,Doubtful Bay,TRUE,2
Lates calcarifer,Gillnet,9/9/2018,BA180909-23,NA,643,2701,m,2,NA,-16.06804,124.60225,Red Cone Bay,Doubtful Bay,TRUE,2
Lates calcarifer,Line,9/9/2018,BA180909-01,NA,462,1092,m,1,NA,-16.0735,124.60577,Red Cone Bay,Doubtful Bay,TRUE,2
Lates calcarifer,Gillnet,10/9/2018,BA180910-04,NA,787,4923,f,2,31.6,-16.09985,124.47804,Raft Point,Doubtful Bay,TRUE,2
Lates calcarifer,Gillnet,10/9/2018,BA180910-06,NA,791,5950,f,2,40.5,-16.09985,124.47804,Raft Point,Doubtful Bay,TRUE,1
Lates calcarifer,Gillnet,10/9/2018,BA180910-16,NA,758,4585,m,2,NA,-16.09985,124.47804,Raft Point,Doubtful Bay,TRUE,2
Lates calcarifer,Gillnet,10/9/2018,BA180910-03,NA,790,5700,m,3,12.8,-16.09985,124.47804,Raft Point,Doubtful Bay,TRUE,2
Lates calcarifer,Gillnet,10/9/2018,BA180910-17,NA,760,4037,m,2,2.7,-16.10057,124.47724,Raft Point,Doubtful Bay,TRUE,2
Lates calcarifer,Gillnet,10/9/2018,BA180910-08,NA,930,10000,f,3,123.6,-16.10057,124.47724,Raft Point,Doubtful Bay,TRUE,2
Lates calcarifer,Gillnet,10/9/2018,BA180910-13,NA,811,6000,m,3,8.2,-16.10057,124.47724,Raft Point,Doubtful Bay,TRUE,2
Lates calcarifer,Gillnet,10/9/2018,BA180910-14,NA,770,4400,m,2,5.4,-16.10057,124.47724,Raft Point,Doubtful Bay,TRUE,2
Lates calcarifer,Gillnet,10/9/2018,BA180910-01,NA,740,4240,m,2,NA,-16.10057,124.47724,Raft Point,Doubtful Bay,TRUE,2
Lates calcarifer,Gillnet,10/9/2018,BA180910-12,NA,517,1451,m,2,NA,-16.1072,124.48044,Raft Point,Doubtful Bay,TRUE,2
Lates calcarifer,Gillnet,10/9/2018,BA180910-15,NA,510,1390,m,1,NA,-16.1072,124.48044,Raft Point,Doubtful Bay,TRUE,2
Lates calcarifer,Gillnet,10/9/2018,BA180910-07,NA,577,1918,m,2,1.4,-16.1072,124.48044,Raft Point,Doubtful Bay,TRUE,2
Lates calcarifer,Gillnet,10/9/2018,BA180910-09,NA,792,5400,f,2,25.4,-16.10971,124.48193,Raft Point,Doubtful Bay,TRUE,2
Lates calcarifer,Unknown,10/9/2018,BA180910-11,NA,708,3777,m,2,3.4,-16.10056,124.47728,Raft Point,Doubtful Bay,TRUE,2
Lates calcarifer,Line,10/9/2018,BA180910-05,NA,793,5630,m,2,5.4,-16.10056,124.47728,North Walcott Inlet,Walcott Inlet,TRUE,2
Lates calcarifer,Line,10/9/2018,BA180910-02,NA,681,3354,m,2,NA,-16.10056,124.47728,North Walcott Inlet,Walcott Inlet,TRUE,2
Lates calcarifer,Line,10/9/2018,BA180910-10,NA,685,3150,m,2,NA,-16.10056,124.47728,North Walcott Inlet,Walcott Inlet,TRUE,2
Lates calcarifer,Gillnet,11/9/2018,BA180911-22,NA,862,7900,m,3,9,-16.31414,124.60383,North Walcott Inlet,Walcott Inlet,TRUE,2
Lates calcarifer,Gillnet,11/9/2018,BA180911-28,NA,710,3745,m,2,NA,-16.31218,124.60561,North Walcott Inlet,Walcott Inlet,TRUE,2
Lates calcarifer,Gillnet,11/9/2018,BA180911-27,NA,667,3177,m,2,NA,-16.31218,124.60561,North Walcott Inlet,Walcott Inlet,TRUE,2
Lates calcarifer,Gillnet,11/9/2018,BA180911-11,NA,593,2463,m,2,NA,-16.31129,124.61176,North Walcott Inlet,Walcott Inlet,TRUE,2
Lates calcarifer,Gillnet,11/9/2018,BA180911-09,NA,754,4035,m,2,5.2,-16.31129,124.61176,North Walcott Inlet,Walcott Inlet,TRUE,2
Lates calcarifer,Gillnet,11/9/2018,BA180911-01,NA,692,3674,m,2,2.5,-16.31129,124.61176,North Walcott Inlet,Walcott Inlet,TRUE,2
Lates calcarifer,Gillnet,11/9/2018,BA180911-34,NA,691,3453,m,2,NA,-16.31129,124.61176,North Walcott Inlet,Walcott Inlet,TRUE,2
Lates calcarifer,Gillnet,11/9/2018,BA180911-07,NA,541,1706,m,2,NA,-16.31129,124.61176,North Walcott Inlet,Walcott Inlet,TRUE,2
Lates calcarifer,Gillnet,11/9/2018,BA180911-36,NA,612,2467,m,2,NA,-16.31129,124.61176,North Walcott Inlet,Walcott Inlet,TRUE,2
Lates calcarifer,Gillnet,11/9/2018,BA180911-4,NA,685,3459,m,2,NA,-16.31129,124.61176,North Walcott Inlet,Walcott Inlet,TRUE,2
Lates calcarifer,Gillnet,11/9/2018,BA180911-37,NA,525,1552,m,1,NA,-16.31129,124.61176,North Walcott Inlet,Walcott Inlet,TRUE,2
Lates calcarifer,Gillnet,11/9/2018,BA180911-14,NA,588,2168,m,2,NA,-16.31129,124.61176,North Walcott Inlet,Walcott Inlet,TRUE,2
Lates calcarifer,Gillnet,11/9/2018,BA180911-19,NA,645,2741,m,2,NA,-16.31129,124.61176,North Walcott Inlet,Walcott Inlet,TRUE,2
Lates calcarifer,Gillnet,11/9/2018,BA180911-05,NA,640,2567,m,2,1.8,-16.31129,124.61176,North Walcott Inlet,Walcott Inlet,TRUE,2
Lates calcarifer,Gillnet,11/9/2018,BA180911-18,NA,599,2187,m,2,NA,-16.31129,124.61176,North Walcott Inlet,Walcott Inlet,TRUE,2
Lates calcarifer,Gillnet,11/9/2018,BA180911-42,NA,594,2301,m,2,NA,-16.31129,124.61176,North Walcott Inlet,Walcott Inlet,TRUE,2
Lates calcarifer,Gillnet,11/9/2018,BA180911-38,NA,662,3280,m,2,NA,-16.31129,124.61176,North Walcott Inlet,Walcott Inlet,TRUE,2
Lates calcarifer,Gillnet,11/9/2018,BA180911-35,NA,626,3016,m,2,NA,-16.31129,124.61176,North Walcott Inlet,Walcott Inlet,TRUE,2
Lates calcarifer,Gillnet,11/9/2018,BA180911-06,NA,467,1115,NA,NA,NA,-16.31129,124.61176,North Walcott Inlet,Walcott Inlet,TRUE,2
Lates calcarifer,Gillnet,11/9/2018,BA180911-08,NA,628,2463,m,2,NA,-16.31187,124.61069,North Walcott Inlet,Walcott Inlet,TRUE,2
Lates calcarifer,Gillnet,11/9/2018,BA180911-02,NA,750,4437,m,2,NA,-16.31218,124.60986,North Walcott Inlet,Walcott Inlet,TRUE,2
Lates calcarifer,Gillnet,11/9/2018,BA180911-10,NA,746,4151,m,2,3.2,-16.31233,124.60848,North Walcott Inlet,Walcott Inlet,TRUE,2
Lates calcarifer,Gillnet,11/9/2018,BA180911-03,NA,690,3668,m,2,2.6,-16.31233,124.60848,North Walcott Inlet,Walcott Inlet,TRUE,2
Lates calcarifer,Line,11/9/2018,BA180911-50,NA,457,921,m,1,NA,-16.31201,124.6073,North Walcott Inlet,Walcott Inlet,TRUE,2
Lates calcarifer,Gillnet,11/9/2018,BA180911-20,NA,690,3929,m,2,NA,-16.32544,124.63129,North Walcott Inlet,Walcott Inlet,TRUE,2
Lates calcarifer,Gillnet,11/9/2018,BA180911-26,NA,711,4049,m,2,6.4,-16.32544,124.63129,North Walcott Inlet,Walcott Inlet,TRUE,2
Lates calcarifer,Gillnet,11/9/2018,BA180911-40,NA,941,9600,f,2,47.5,-16.32544,124.63129,North Walcott Inlet,Walcott Inlet,TRUE,2
Lates calcarifer,Gillnet,11/9/2018,BA180911-29,NA,663,2835,NA,NA,NA,-16.32544,124.63129,North Walcott Inlet,Walcott Inlet,TRUE,2
Lates calcarifer,Gillnet,11/9/2018,BA180911-43,NA,630,2511,m,2,NA,-16.32544,124.63129,North Walcott Inlet,Walcott Inlet,TRUE,2
Lates calcarifer,Gillnet,11/9/2018,BA180911-12,NA,632,2861,m,2,NA,-16.32544,124.63129,North Walcott Inlet,Walcott Inlet,TRUE,2
Lates calcarifer,Gillnet,11/9/2018,BA180911-44,NA,666,3307,m,2,NA,-16.32608,124.63077,North Walcott Inlet,Walcott Inlet,TRUE,1
Lates calcarifer,Gillnet,11/9/2018,BA180911-16,NA,763,4903,m,3,8,-16.32452,124.63142,North Walcott Inlet,Walcott Inlet,TRUE,2
Lates calcarifer,Gillnet,11/9/2018,BA180911-41,NA,891,8600,m,4,NA,-16.32452,124.63142,North Walcott Inlet,Walcott Inlet,TRUE,2
Lates calcarifer,Gillnet,11/9/2018,BA180911-32,NA,676,3531,m,2,NA,-16.32452,124.63142,North Walcott Inlet,Walcott Inlet,TRUE,2
Lates calcarifer,Gillnet,11/9/2018,BA180911-30,NA,702,3737,m,2,NA,-16.32452,124.63142,North Walcott Inlet,Walcott Inlet,TRUE,2
Lates calcarifer,Gillnet,11/9/2018,BA180911-24,NA,695,3857,m,2,NA,-16.32452,124.63142,North Walcott Inlet,Walcott Inlet,TRUE,2
Lates calcarifer,Gillnet,11/9/2018,BA180911-33,NA,697,3851,m,2,3.6,-16.32452,124.63142,North Walcott Inlet,Walcott Inlet,TRUE,2
Lates calcarifer,Gillnet,11/9/2018,BA180911-15,NA,670,3209,m,2,NA,-16.3273,124.63056,North Walcott Inlet,Walcott Inlet,TRUE,2
Lates calcarifer,Gillnet,11/9/2018,BA180911-17,NA,695,3615,m,2,NA,-16.3273,124.63056,North Walcott Inlet,Walcott Inlet,TRUE,2
Lates calcarifer,Gillnet,11/9/2018,BA180911-25,NA,765,4561,m,2,NA,-16.3273,124.63056,North Walcott Inlet,Walcott Inlet,TRUE,2
Lates calcarifer,Gillnet,11/9/2018,BA180911-13,NA,808,6300,m,2,4.9,-16.32848,124.62978,North Walcott Inlet,Walcott Inlet,TRUE,2
Lates calcarifer,Gillnet,11/9/2018,BA180911-39,NA,508,1459,m,1,NA,-16.32483,124.63137,North Walcott Inlet,Walcott Inlet,TRUE,2
Lates calcarifer,Gillnet,11/9/2018,BA180911-21,NA,430,972,m,1,NA,-16.32483,124.63137,North Walcott Inlet,Walcott Inlet,TRUE,2
Lates calcarifer,Gillnet,11/9/2018,BA180911-31,NA,695,3985,m,2,4,-16.32483,124.63137,North Walcott Inlet,Walcott Inlet,TRUE,2
Lates calcarifer,Gillnet,12/9/2018,BA180912-05,NA,845,8200,m,2,10.2,-16.40436,124.63136,South Walcott Inlet,Walcott Inlet,TRUE,2
Lates calcarifer,Gillnet,12/9/2018,BA180912-04,NA,NA,9100,f,2,53.6,-16.40983,124.61217,South Walcott Inlet,Walcott Inlet,TRUE,2
Lates calcarifer,Gillnet,12/9/2018,BA180912-01,NA,354,505,m,1,NA,-16.41121,124.60619,South Walcott Inlet,Walcott Inlet,TRUE,2
Lates calcarifer,Gillnet,12/9/2018,BA180912-02,NA,415,768,m,1,NA,-16.41121,124.60619,South Walcott Inlet,Walcott Inlet,TRUE,2
Lates calcarifer,Gillnet,12/9/2018,BA180912-03,NA,485,1385,m,1,NA,-16.41121,124.60619,South Walcott Inlet,Walcott Inlet,TRUE,2
Lates calcarifer,Gillnet,13/9/2018,BA180913-28,NA,505,1363,m,1,NA,-16.31599,123.81969,Eastern Talbot Bay,Talbot Bay,TRUE,2
Lates calcarifer,Gillnet,13/9/2018,NA,NA,535,1664,NA,NA,NA,-16.31599,123.81969,Eastern Talbot Bay,Talbot Bay,FALSE,0
Lates calcarifer,Gillnet,13/9/2018,BA180913-27,NA,532,1592,m,1,NA,-16.31599,123.81969,Eastern Talbot Bay,Talbot Bay,TRUE,2
Lates calcarifer,Gillnet,13/9/2018,BA180913-25,NA,623,2680,f,2,12.2,-16.31599,123.81969,Eastern Talbot Bay,Talbot Bay,TRUE,2
Lates calcarifer,Gillnet,13/9/2018,BA180913-18,NA,755,NA,m,3,NA,-16.31286,123.81909,Eastern Talbot Bay,Talbot Bay,TRUE,2
Lates calcarifer,Gillnet,13/9/2018,BA180913-24,NA,650,NA,NA,NA,NA,-16.31286,123.81909,Eastern Talbot Bay,Talbot Bay,TRUE,0
Lates calcarifer,Gillnet,13/9/2018,BA180913-19,NA,762,NA,m,2,NA,-16.31286,123.81909,Eastern Talbot Bay,Talbot Bay,TRUE,2
Lates calcarifer,Gillnet,13/9/2018,BA180913-26,NA,768,5284,m,3,5.2,-16.31286,123.81909,Eastern Talbot Bay,Talbot Bay,TRUE,2
Lates calcarifer,Gillnet,13/9/2018,BA180913-22,NA,801,6400,m,3,8.4,-16.31704,123.81981999999999,Eastern Talbot Bay,Talbot Bay,TRUE,2
Lates calcarifer,Gillnet,13/9/2018,BA180913-21,NA,753,4574,m,2,NA,-16.32196,123.83677,Eastern Talbot Bay,Talbot Bay,TRUE,2
Lates calcarifer,Gillnet,13/9/2018,BA180913-23,NA,780,6700,m,3,6,-16.32196,123.83677,Eastern Talbot Bay,Talbot Bay,TRUE,2
Lates calcarifer,Gillnet,13/9/2018,BA180913-20,NA,740,5094,f,2,18.5,-16.32196,123.83677,Eastern Talbot Bay,Talbot Bay,TRUE,2
Lates calcarifer,Gillnet,13/9/2018,BA180913-01,NA,550,2033,m,1,NA,-16.32415,123.84016,Eastern Talbot Bay,Talbot Bay,TRUE,2
Lates calcarifer,Gillnet,13/9/2018,BA180913-02,NA,510,1524,m,1,NA,-16.32415,123.84016,Eastern Talbot Bay,Talbot Bay,TRUE,2
Lates calcarifer,Gillnet,13/9/2018,BA180913-03,NA,565,2059,m,2,NA,-16.32415,123.84016,Eastern Talbot Bay,Talbot Bay,TRUE,2
Lates calcarifer,Gillnet,13/9/2018,BA180913-04,NA,546,1706,m,1,NA,-16.32415,123.84016,Eastern Talbot Bay,Talbot Bay,TRUE,2
Lates calcarifer,Gillnet,13/9/2018,BA180913-05,NA,536,1645,m,1,NA,-16.32415,123.84016,Eastern Talbot Bay,Talbot Bay,TRUE,2
Lates calcarifer,Gillnet,13/9/2018,BA180913-06,NA,526,1599,m,1,NA,-16.32415,123.84016,Eastern Talbot Bay,Talbot Bay,TRUE,2
Lates calcarifer,Gillnet,13/9/2018,BA180913-07,NA,555,1839,m,1,NA,-16.32415,123.84016,Eastern Talbot Bay,Talbot Bay,TRUE,2
Lates calcarifer,Gillnet,13/9/2018,BA180913-08,NA,540,1679,m,1,NA,-16.32415,123.84016,Eastern Talbot Bay,Talbot Bay,TRUE,2
Lates calcarifer,Gillnet,13/9/2018,BA180913-09,NA,558,1951,m,1,NA,-16.32415,123.84016,Eastern Talbot Bay,Talbot Bay,TRUE,2
Lates calcarifer,Gillnet,13/9/2018,BA180913-10,NA,551,1890,m,1,NA,-16.32415,123.84016,Eastern Talbot Bay,Talbot Bay,TRUE,2
Lates calcarifer,Gillnet,13/9/2018,BA180913-11,NA,520,1695,m,1,NA,-16.32415,123.84016,Eastern Talbot Bay,Talbot Bay,TRUE,2
Lates calcarifer,Gillnet,13/9/2018,BA180913-12,NA,530,1678,m,1,NA,-16.32415,123.84016,Eastern Talbot Bay,Talbot Bay,TRUE,2
Lates calcarifer,Gillnet,13/9/2018,BA180913-13,NA,518,1459,m,1,NA,-16.32415,123.84016,Eastern Talbot Bay,Talbot Bay,TRUE,2
Lates calcarifer,Gillnet,13/9/2018,BA180913-14,NA,525,1677,m,1,NA,-16.32415,123.84016,Eastern Talbot Bay,Talbot Bay,TRUE,2
Lates calcarifer,Gillnet,13/9/2018,BA180913-15,NA,500,1310,m,1,NA,-16.32415,123.84016,Eastern Talbot Bay,Talbot Bay,TRUE,2
Lates calcarifer,Gillnet,13/9/2018,BA180913-16,NA,503,1442,m,1,NA,-16.32415,123.84016,Eastern Talbot Bay,Talbot Bay,TRUE,2
Lates calcarifer,Gillnet,13/9/2018,BA180913-17,NA,455,1019,m,1,NA,-16.32415,123.84016,Eastern Talbot Bay,Talbot Bay,TRUE,2
Lates calcarifer,Gillnet,9/10/2018,BA181009-01,NA,452,1068,i,1,0.4,-15.33537,128.0697,West Arm,Cambridge Gulf,TRUE,2
Lates calcarifer,Gillnet,9/10/2018,BA181009-02,NA,301,288,i,1,0.08,-15.34062,128.07225,West Arm,Cambridge Gulf,TRUE,2
Lates calcarifer,Gillnet,11/10/2018,BA181011-10,NA,745,4462,m,2,3.4,-15.3474,128.0287,Canal Creek,Cambridge Gulf,TRUE,2
Lates calcarifer,Gillnet,11/10/2018,BA181011-08,NA,750,4862,m,2,2.2,-15.3474,128.0287,Canal Creek,Cambridge Gulf,TRUE,2
Lates calcarifer,Gillnet,11/10/2018,BA181011-11,NA,810,6700,m,3,13.4,-15.3474,128.0287,Canal Creek,Cambridge Gulf,TRUE,2
Lates calcarifer,Gillnet,11/10/2018,BA181011-09,NA,780,5266,m,2,5,-15.3474,128.0287,Canal Creek,Cambridge Gulf,TRUE,2
Lates calcarifer,Gillnet,11/10/2018,BA181011-02,NA,447,803,m,1,0.3,-15.35679,128.00392,Canal Creek,Cambridge Gulf,TRUE,2
Lates calcarifer,Gillnet,11/10/2018,BA181011-05,NA,405,709,m,1,0.2,-15.35679,128.00392,Canal Creek,Cambridge Gulf,TRUE,2
Lates calcarifer,Gillnet,11/10/2018,BA181011-04,NA,500,1282,m,1,0.1,-15.35679,128.00392,Canal Creek,Cambridge Gulf,TRUE,2
Lates calcarifer,Gillnet,11/10/2018,BA181011-01,NA,425,803,m,1,0.3,-15.35679,128.00392,Canal Creek,Cambridge Gulf,TRUE,2
Lates calcarifer,Gillnet,11/10/2018,BA181011-03,NA,418,825,m,1,0.2,-15.35679,128.00392,Canal Creek,Cambridge Gulf,TRUE,2
Lates calcarifer,Gillnet,11/10/2018,BA181011-06,NA,400,713,m,1,0.2,-15.35679,128.00392,Canal Creek,Cambridge Gulf,TRUE,2
Lates calcarifer,Crab trap,11/10/2018,BA181011-07,NA,234,150,m,1,NA,-15.2226,128.29358333333334,Lower Ord,Ord River,TRUE,2
Lates calcarifer,Gillnet,12/10/2018,BA181012-16,NA,651,3074,m,2,2.1,-15.18182,127.89967,Patrick River,Forrest River,TRUE,2
Lates calcarifer,Gillnet,12/10/2018,BA181012-02,NA,796,6800,f,2,24.2,-15.18104,127.9046,Patrick River,Forrest River,TRUE,2
Lates calcarifer,Gillnet,12/10/2018,BA181012-08,NA,666,3282,m,2,1.4,-15.18104,127.9046,Patrick River,Forrest River,TRUE,2
Lates calcarifer,Gillnet,12/10/2018,BA181012-21,NA,740,4166,m,2,1.6,-15.18104,127.9046,Patrick River,Forrest River,TRUE,2
Lates calcarifer,Gillnet,12/10/2018,BA181012-01,NA,414,850,m,1,0.3,-15.18205,127.90321,Patrick River,Forrest River,TRUE,2
Lates calcarifer,Gillnet,12/10/2018,BA181012-17,NA,428,844,m,1,NA,-15.18205,127.90321,Patrick River,Forrest River,TRUE,2
Lates calcarifer,Gillnet,12/10/2018,BA181012-19,NA,442,957,m,1,NA,-15.18205,127.90321,Patrick River,Forrest River,TRUE,2
Lates calcarifer,Gillnet,12/10/2018,BA181012-18,NA,379,611,m,1,NA,-15.18205,127.90321,Patrick River,Forrest River,TRUE,2
Lates calcarifer,Gillnet,12/10/2018,BA181012-20,NA,417,851,m,1,NA,-15.18205,127.90321,Patrick River,Forrest River,TRUE,2
Lates calcarifer,Gillnet,12/10/2018,BA181012-06,NA,410,805,m,1,NA,-15.18205,127.90321,Patrick River,Forrest River,TRUE,2
Lates calcarifer,Gillnet,12/10/2018,BA181012-09,NA,404,728,m,1,NA,-15.18205,127.90321,Patrick River,Forrest River,TRUE,2
Lates calcarifer,Gillnet,12/10/2018,BA181012-15,NA,552,1820,m,2,5.4,-15.18205,127.90321,Patrick River,Forrest River,TRUE,2
Lates calcarifer,Gillnet,12/10/2018,BA181012-12,NA,412,819,m,1,NA,-15.18205,127.90321,Patrick River,Forrest River,TRUE,2
Lates calcarifer,Gillnet,12/10/2018,BA181012-04,NA,452,1022,m,1,0.2,-15.18205,127.90321,Patrick River,Forrest River,TRUE,2
Lates calcarifer,Gillnet,12/10/2018,BA181012-07,NA,686,3602,m,2,2.3,-15.18205,127.90321,Patrick River,Forrest River,TRUE,2
Lates calcarifer,Gillnet,12/10/2018,BA181012-14,NA,417,764,m,1,NA,-15.18205,127.90321,Patrick River,Forrest River,TRUE,2
Lates calcarifer,Gillnet,12/10/2018,BA181012-05,NA,459,975,m,1,0.3,-15.18205,127.90321,Patrick River,Forrest River,TRUE,2
Lates calcarifer,Gillnet,12/10/2018,BA181012-11,NA,420,822,m,1,NA,-15.18205,127.90321,Patrick River,Forrest River,TRUE,2
Lates calcarifer,Gillnet,12/10/2018,BA181012-13,NA,467,1091,m,1,NA,-15.18205,127.90321,Patrick River,Forrest River,TRUE,2
Lates calcarifer,Gillnet,12/10/2018,BA181012-10,NA,449,966,m,1,0.5,-15.18205,127.90321,Patrick River,Forrest River,TRUE,2
Lates calcarifer,Gillnet,12/10/2018,BA181012-03,NA,648,2112,m,2,1.8,-15.18205,127.90709,Patrick River,Forrest River,TRUE,2
Lates calcarifer,Gillnet,13/10/2018,BA181013-02,NA,602,2174,m,2,3.18,-15.23157,128.28142,Lower Ord,Ord River,TRUE,2
Lates calcarifer,Line,13/10/2018,BA181013-01,NA,465,1049,m,1,NA,-15.22754,128.28204,Lower Ord,Ord River,TRUE,2
Lates calcarifer,Line,13/10/2018,BA181013-03,NA,686,2975,m,2,0.54,-14.867654,128.090981,Lynne River,Cambridge Gulf,TRUE,2
Lates calcarifer,Line,13/10/2018,BA181013-04,NA,404,735,m,1,NA,-14.867654,128.090981,Lynne River,Cambridge Gulf,TRUE,2
Lates calcarifer,Gillnet,14/10/2018,BA181014-08,NA,705,3750,m,2,1.02,-14.87341,128.05115,Lynne River,Cambridge Gulf,TRUE,2
Lates calcarifer,Gillnet,14/10/2018,BA181014-05,NA,535,1600,m,2,0.58,-14.87802,128.05074,Lynne River,Cambridge Gulf,TRUE,2
Lates calcarifer,Gillnet,14/10/2018,BA181014-06,NA,645,2750,m,2,0.5,-14.87802,128.05074,Lynne River,Cambridge Gulf,TRUE,2
Lates calcarifer,Gillnet,14/10/2018,BA181014-07,NA,607,2250,m,2,0.44,-14.87802,128.05074,Lynne River,Cambridge Gulf,TRUE,2
Lates calcarifer,Line,14/10/2018,BA181014-01,NA,685,3160,m,2,2.3,-14.87341,128.05115,Lynne River,Cambridge Gulf,TRUE,2
Lates calcarifer,Line,14/10/2018,BA181014-02,NA,450,1055,m,1,NA,-14.87341,128.05115,Lynne River,Cambridge Gulf,TRUE,2
Lates calcarifer,Line,14/10/2018,BA181014-03,NA,455,1050,m,1,NA,NA,NA,Lynne River,Cambridge Gulf,TRUE,2
Lates calcarifer,Crab trap,14/10/2018,BA181014-04,NA,312,300,m,1,NA,-14.867654,128.090981,Lynne River,Cambridge Gulf,TRUE,2
Lates calcarifer,Gillnet,12/6/2019,BA190612-49,NA,672,3428,m,2,NA,-16.50621,124.84106,Isdell River,Walcott Inlet,TRUE,2
Lates calcarifer,Gillnet,12/6/2019,BA190612-37,NA,705,3526,m,2,NA,-16.50621,124.84106,Isdell River,Walcott Inlet,TRUE,2
Lates calcarifer,Gillnet,12/6/2019,BA190612-09,NA,372,600,m,1,NA,-16.50621,124.84106,Isdell River,Walcott Inlet,FALSE,2
Lates calcarifer,Gillnet,12/6/2019,BA190612-10,NA,364,536,m,1,NA,-16.50621,124.84106,Isdell River,Walcott Inlet,FALSE,2
Lates calcarifer,Gillnet,12/6/2019,BA190612-11,NA,427,868,m,1,NA,-16.50621,124.84106,Isdell River,Walcott Inlet,FALSE,2
Lates calcarifer,Gillnet,12/6/2019,BA190612-12,NA,396,746,m,1,NA,-16.50621,124.84106,Isdell River,Walcott Inlet,FALSE,2
Lates calcarifer,Gillnet,12/6/2019,BA190612-13,NA,540,1766,m,1,NA,-16.50621,124.84106,Isdell River,Walcott Inlet,FALSE,2
Lates calcarifer,Gillnet,12/6/2019,BA190612-14,NA,388,642,m,1,NA,-16.50621,124.84106,Isdell River,Walcott Inlet,FALSE,2
Lates calcarifer,Gillnet,12/6/2019,BA190612-15,NA,385,676,m,1,NA,-16.50621,124.84106,Isdell River,Walcott Inlet,FALSE,2
Lates calcarifer,Gillnet,12/6/2019,BA190612-16,NA,400,700,m,1,NA,-16.50621,124.84106,Isdell River,Walcott Inlet,FALSE,1
Lates calcarifer,Gillnet,12/6/2019,BA190612-17,NA,366,580,m,1,NA,-16.50621,124.84106,Isdell River,Walcott Inlet,FALSE,2
Lates calcarifer,Gillnet,12/6/2019,BA190612-18,NA,395,700,m,1,NA,-16.50621,124.84106,Isdell River,Walcott Inlet,FALSE,2
Lates calcarifer,Gillnet,12/6/2019,BA190612-19,NA,380,588,m,1,NA,-16.50621,124.84106,Isdell River,Walcott Inlet,FALSE,2
Lates calcarifer,Gillnet,12/6/2019,BA190612-20,WAF-013307,461,1064,m,1,NA,-16.50621,124.84106,Isdell River,Walcott Inlet,FALSE,2
Lates calcarifer,Gillnet,12/6/2019,BA190612-21,WAF-013789,367,568,m,1,NA,-16.50621,124.84106,Isdell River,Walcott Inlet,FALSE,2
Lates calcarifer,Gillnet,12/6/2019,BA190612-22,WAF-013312,521,1440,m,1,NA,-16.50621,124.84106,Isdell River,Walcott Inlet,FALSE,2
Lates calcarifer,Gillnet,12/6/2019,BA190612-23,WAF-008553,448,1028,m,1,NA,-16.50621,124.84106,Isdell River,Walcott Inlet,FALSE,2
Lates calcarifer,Gillnet,12/6/2019,BA190612-24,WAF-008558,391,702,m,1,NA,-16.50621,124.84106,Isdell River,Walcott Inlet,FALSE,2
Lates calcarifer,Gillnet,12/6/2019,BA190612-25,WAF-008568,396,700,m,1,NA,-16.50621,124.84106,Isdell River,Walcott Inlet,FALSE,2
Lates calcarifer,Gillnet,12/6/2019,BA190612-26,WAF-008567,NA,456,m,1,NA,-16.50621,124.84106,Isdell River,Walcott Inlet,FALSE,2
Lates calcarifer,Gillnet,12/6/2019,BA190612-27,NA,363,512,m,1,NA,-16.50621,124.84106,Isdell River,Walcott Inlet,FALSE,2
Lates calcarifer,Gillnet,12/6/2019,BA190612-28,NA,384,676,m,1,NA,-16.50621,124.84106,Isdell River,Walcott Inlet,FALSE,2
Lates calcarifer,Gillnet,12/6/2019,BA190612-200,NA,620,2494,m,2,NA,-16.50593,124.84114,Isdell River,Walcott Inlet,TRUE,2
Lates calcarifer,Gillnet,12/6/2019,BA190612-39,NA,545,1732,m,1,NA,-16.50593,124.84114,Isdell River,Walcott Inlet,TRUE,2
Lates calcarifer,Gillnet,12/6/2019,BA190612-40,NA,450,NA,m,1,NA,-16.50593,124.84114,Isdell River,Walcott Inlet,FALSE,2
Lates calcarifer,Gillnet,12/6/2019,BA190612-51,NA,498,NA,m,1,NA,-16.50593,124.84114,Isdell River,Walcott Inlet,FALSE,2
Lates calcarifer,Gillnet,12/6/2019,BA190612-46,NA,787,5644,f,2,16,-16.50602,124.84184,Isdell River,Walcott Inlet,TRUE,2
Lates calcarifer,Gillnet,12/6/2019,BA190612-42,NA,951,10330,f,2,48,-16.50602,124.84184,Isdell River,Walcott Inlet,TRUE,2
Lates calcarifer,Gillnet,12/6/2019,BA190612-36,NA,845,6945,m,2,NA,-16.50602,124.84184,Isdell River,Walcott Inlet,TRUE,2
Lates calcarifer,Gillnet,12/6/2019,BA190612-50,NA,856,7280,m,2,NA,-16.50234,124.8367,Isdell River,Walcott Inlet,TRUE,2
Lates calcarifer,Gillnet,12/6/2019,BA190612-48,NA,690,3422,m,2,NA,-16.50234,124.8367,Isdell River,Walcott Inlet,TRUE,2
Lates calcarifer,Gillnet,12/6/2019,BA190612-33,WAF-008561,883,7965,m,2,NA,-16.50234,124.8367,Isdell River,Walcott Inlet,TRUE,2
Lates calcarifer,Gillnet,12/6/2019,BA190612-35,NA,640,2400,m,2,NA,-16.50234,124.8367,Isdell River,Walcott Inlet,TRUE,2
Lates calcarifer,Gillnet,12/6/2019,BA190612-38,NA,700,3644,m,2,NA,-16.50234,124.8367,Isdell River,Walcott Inlet,TRUE,2
Lates calcarifer,Gillnet,12/6/2019,BA190612-01,NA,450,1064,m,1,NA,-16.50141,124.83524,Isdell River,Walcott Inlet,TRUE,2
Lates calcarifer,Gillnet,12/6/2019,BA190612-02,NA,362,590,m,1,NA,-16.50141,124.83524,Isdell River,Walcott Inlet,TRUE,2
Lates calcarifer,Gillnet,12/6/2019,BA190612-03,NA,498,1296,m,1,NA,-16.50141,124.83524,Isdell River,Walcott Inlet,TRUE,2
Lates calcarifer,Gillnet,12/6/2019,BA190612-04,NA,466,1262,m,1,NA,-16.50141,124.83524,Isdell River,Walcott Inlet,TRUE,2
Lates calcarifer,Gillnet,12/6/2019,BA190612-05,NA,434,956,m,1,NA,-16.50141,124.83524,Isdell River,Walcott Inlet,TRUE,2
Lates calcarifer,Gillnet,12/6/2019,BA190612-06,NA,450,1054,m,1,NA,-16.50141,124.83524,Isdell River,Walcott Inlet,TRUE,2
Lates calcarifer,Gillnet,12/6/2019,BA190612-07,NA,471,1180,m,1,NA,-16.50141,124.83524,Isdell River,Walcott Inlet,TRUE,2
Lates calcarifer,Gillnet,12/6/2019,BA190612-08,NA,518,1658,m,1,NA,-16.50141,124.83524,Isdell River,Walcott Inlet,TRUE,2
Lates calcarifer,Gillnet,12/6/2019,BA190612-45,NA,775,5882,m,2,NA,-16.49846,124.83292,Isdell River,Walcott Inlet,TRUE,2
Lates calcarifer,Gillnet,12/6/2019,BA190612-44,NA,635,2956,m,2,NA,-16.49846,124.83292,Isdell River,Walcott Inlet,TRUE,2
Lates calcarifer,Gillnet,12/6/2019,BA190612-32,WAF-008556,745,4758,m,2,NA,-16.49846,124.83292,Isdell River,Walcott Inlet,TRUE,2
Lates calcarifer,Gillnet,12/6/2019,BA190612-30,WAF-008557,768,5096,f,2,16,-16.49846,124.83292,Isdell River,Walcott Inlet,TRUE,2
Lates calcarifer,Gillnet,12/6/2019,BA190612-41,NA,698,4202,m,2,NA,-16.49761,124.83269,Isdell River,Walcott Inlet,TRUE,2
Lates calcarifer,Gillnet,12/6/2019,BA190612-34,WAF-013304,800,5992,m,2,NA,-16.49761,124.83269,Isdell River,Walcott Inlet,TRUE,2
Lates calcarifer,Gillnet,12/6/2019,BA190612-31,WAF-013310,796,5722,m,2,NA,-16.49761,124.83269,Isdell River,Walcott Inlet,TRUE,2
Lates calcarifer,Gillnet,12/6/2019,BA190612-47,NA,705,3570,NA,NA,NA,-16.49761,124.83269,Isdell River,Walcott Inlet,TRUE,2
Lates calcarifer,Gillnet,12/6/2019,BA190612-43,NA,796,6100,m,2,NA,-16.49761,124.83269,Isdell River,Walcott Inlet,TRUE,2
Lates calcarifer,Gillnet,12/6/2019,BA190612-29,WAF-008562,1070,16800,f,2,94,-16.49761,124.83269,Isdell River,Walcott Inlet,TRUE,2
Lates calcarifer,Gillnet,13/6/2019,BA190613-01,WAF-008566,955,9835,f,2,40,-16.46207,124.81608,Isdell River,Walcott Inlet,TRUE,2
Lates calcarifer,Gillnet,13/6/2019,BA190613-02,WAF-013788,552,1664,m,1,NA,-16.46243,124.81581,Isdell River,Walcott Inlet,TRUE,2
Lates calcarifer,Gillnet,13/6/2019,BA190613-03,NA,770,4754,m,2,NA,-16.45386,124.81654,Isdell River,Walcott Inlet,TRUE,2
Lates calcarifer,Gillnet,13/6/2019,BA190613-04,NA,930,8930,f,2,38,-16.45386,124.81654,Isdell River,Walcott Inlet,TRUE,2
Lates calcarifer,Gillnet,13/6/2019,BA190613-05,NA,917,8845,f,2,40,-16.46883,124.82224,Isdell River,Walcott Inlet,TRUE,2
Lates calcarifer,Gillnet,14/6/2019,BA190614-21,NA,455,1144,m,2,NA,-16.40279,124.71581,South Walcott Inlet,Walcott Inlet,FALSE,2
Lates calcarifer,Gillnet,14/6/2019,BA190614-11,WAF-013792,719,4040,m,2,NA,-16.40357,124.71533,South Walcott Inlet,Walcott Inlet,TRUE,2
Lates calcarifer,Gillnet,14/6/2019,BA190614-06,WAF-008572,734,4214,m,2,NA,-16.40357,124.71533,South Walcott Inlet,Walcott Inlet,TRUE,2
Lates calcarifer,Gillnet,14/6/2019,BA190614-20,NA,718,4216,m,2,NA,-16.40357,124.71533,South Walcott Inlet,Walcott Inlet,TRUE,2
Lates calcarifer,Gillnet,14/6/2019,BA190614-02,WAF-008565,872,6750,m,2,NA,-16.40357,124.71533,South Walcott Inlet,Walcott Inlet,TRUE,2
Lates calcarifer,Gillnet,14/6/2019,BA190614-19,NA,755,3978,m,2,NA,-16.40357,124.71533,South Walcott Inlet,Walcott Inlet,TRUE,2
Lates calcarifer,Gillnet,14/6/2019,BA190614-17,NA,813,6480,m,2,NA,-16.40357,124.71533,South Walcott Inlet,Walcott Inlet,TRUE,2
Lates calcarifer,Gillnet,14/6/2019,BA190614-10,WAF-013314,787,5086,m,2,NA,-16.40357,124.71533,South Walcott Inlet,Walcott Inlet,TRUE,2
Lates calcarifer,Gillnet,14/6/2019,BA190614-50,NA,560,1972,m,2,NA,-16.40357,124.71533,South Walcott Inlet,Walcott Inlet,TRUE,2
Lates calcarifer,Gillnet,14/6/2019,BA190614-09,WAF-008574,650,2970,m,2,NA,-16.40357,124.71533,South Walcott Inlet,Walcott Inlet,TRUE,2
Lates calcarifer,Gillnet,14/6/2019,BA190614-04,WAF-013311,691,3744,m,2,NA,-16.40357,124.71533,South Walcott Inlet,Walcott Inlet,TRUE,2
Lates calcarifer,Gillnet,14/6/2019,BA190614-07,WAF-008573,610,2556,m,2,NA,-16.40357,124.71533,South Walcott Inlet,Walcott Inlet,TRUE,2
Lates calcarifer,Gillnet,14/6/2019,BA190614-03,WAF-008570,602,2434,m,2,NA,-16.40357,124.71533,South Walcott Inlet,Walcott Inlet,TRUE,2
Lates calcarifer,Gillnet,14/6/2019,BA190614-500,NA,622,2340,m,2,NA,-16.40143,124.71649,South Walcott Inlet,Walcott Inlet,FALSE,2
Lates calcarifer,Gillnet,14/6/2019,BA190614-01,NA,955,10825,f,2,28,-16.40143,124.71649,South Walcott Inlet,Walcott Inlet,TRUE,2
Lates calcarifer,Gillnet,14/6/2019,BA190614-14,NA,662,3320,m,2,NA,-16.40143,124.71649,South Walcott Inlet,Walcott Inlet,TRUE,2
Lates calcarifer,Gillnet,14/6/2019,BA190614-16,NA,578,2210,NA,NA,NA,-16.40143,124.71649,South Walcott Inlet,Walcott Inlet,TRUE,2
Lates calcarifer,Gillnet,14/6/2019,BA190614-02,NA,543,1940,m,1,NA,-16.40143,124.71649,South Walcott Inlet,Walcott Inlet,TRUE,2
Lates calcarifer,Gillnet,14/6/2019,BA190614-08,WAF-008569,993,10960,f,2,44,-16.39999,124.71423,South Walcott Inlet,Walcott Inlet,TRUE,2
Lates calcarifer,Gillnet,14/6/2019,BA190614-05,WAF-013793,1012,12835,f,2,58,-16.39999,124.71423,South Walcott Inlet,Walcott Inlet,TRUE,2
Lates calcarifer,Gillnet,14/6/2019,BA190614-15,NA,872,7805,m,2,NA,-16.39999,124.71423,South Walcott Inlet,Walcott Inlet,TRUE,2
Lates calcarifer,Gillnet,14/6/2019,BA190614-18,NA,845,7945,m,2,NA,-16.39999,124.71423,South Walcott Inlet,Walcott Inlet,TRUE,2
Lates calcarifer,Gillnet,14/6/2019,BA190614-13,WAF-013306,826,6885,m,2,NA,-16.39999,124.71423,South Walcott Inlet,Walcott Inlet,TRUE,2
Lates calcarifer,Gillnet,15/6/2019,BA190615-08,NA,961,10315,f,2,52,-16.40063,124.76707999999999,South Walcott Inlet,Walcott Inlet,FALSE,2
Lates calcarifer,Gillnet,15/6/2019,BA190615-04,NA,678,3494,NA,NA,NA,-16.40063,124.76707999999999,South Walcott Inlet,Walcott Inlet,FALSE,2
Lates calcarifer,Gillnet,15/6/2019,BA190615-10,NA,830,6890,m,2,NA,-16.40063,124.76707999999999,South Walcott Inlet,Walcott Inlet,FALSE,2
Lates calcarifer,Gillnet,15/6/2019,BA190615-11,NA,638,2810,m,2,NA,-16.40063,124.76707999999999,South Walcott Inlet,Walcott Inlet,FALSE,2
Lates calcarifer,Gillnet,15/6/2019,BA190615-02,NA,571,2254,m,2,NA,-16.40063,124.76707999999999,South Walcott Inlet,Walcott Inlet,FALSE,2
Lates calcarifer,Gillnet,15/6/2019,BA190615-09,NA,871,7830,f,2,40,-16.39977,124.76766,South Walcott Inlet,Walcott Inlet,FALSE,2
Lates calcarifer,Gillnet,15/6/2019,BA190615-06,NA,825,6790,m,2,NA,-16.39977,124.76766,South Walcott Inlet,Walcott Inlet,FALSE,2
Lates calcarifer,Gillnet,15/6/2019,BA190615-03,NA,958,10345,f,2,52,-16.39977,124.76766,South Walcott Inlet,Walcott Inlet,FALSE,2
Lates calcarifer,Gillnet,15/6/2019,BA190615-01,NA,852,7640,NA,NA,NA,-16.39891,124.76746,South Walcott Inlet,Walcott Inlet,FALSE,2
Lates calcarifer,Gillnet,15/6/2019,BA190615-05,NA,1010,12780,f,2,66,-16.39891,124.76746,South Walcott Inlet,Walcott Inlet,FALSE,2
Lates calcarifer,Gillnet,15/6/2019,BA190615-07,NA,968,11145,f,2,60,-16.39891,124.76746,South Walcott Inlet,Walcott Inlet,FALSE,2
Lates calcarifer,Gillnet,16/6/2019,NA,NA,708,4054,m,2,NA,-16.54237,124.44701,South Secure Bay,Secure Bay,TRUE,2
Lates calcarifer,Gillnet,16/6/2019,BA190616-08,NA,748,4410,m,2,NA,-16.54237,124.44701,South Secure Bay,Secure Bay,TRUE,2
Lates calcarifer,Gillnet,16/6/2019,BA190616-07,NA,731,4186,m,2,NA,-16.54237,124.44701,South Secure Bay,Secure Bay,TRUE,0
Lates calcarifer,Gillnet,16/6/2019,BA190616-15,NA,660,3162,m,2,NA,-16.537759,124.44136,South Secure Bay,Secure Bay,TRUE,2
Lates calcarifer,Gillnet,16/6/2019,BA190616-12,NA,570,2306,m,2,NA,-16.537759,124.44136,South Secure Bay,Secure Bay,TRUE,2
Lates calcarifer,Gillnet,16/6/2019,BA190616-09,NA,821,5708,m,2,NA,-16.53896,124.43151,South Secure Bay,Secure Bay,TRUE,2
Lates calcarifer,Gillnet,16/6/2019,BA190616-10,NA,765,4202,m,2,NA,-16.53896,124.43151,South Secure Bay,Secure Bay,TRUE,2
Lates calcarifer,Gillnet,16/6/2019,NA,NA,823,4712,m,2,NA,-16.53896,124.43151,South Secure Bay,Secure Bay,FALSE,0
Lates calcarifer,Gillnet,16/6/2019,BA190616-01,NA,466,1176,m,1,NA,-16.54194,124.44715,South Secure Bay,Secure Bay,TRUE,2
Lates calcarifer,Gillnet,16/6/2019,BA190616-02,NA,435,884,m,1,NA,-16.54194,124.44715,South Secure Bay,Secure Bay,TRUE,2
Lates calcarifer,Gillnet,16/6/2019,BA190616-03,NA,464,1166,m,1,NA,-16.54194,124.44715,South Secure Bay,Secure Bay,TRUE,2
Lates calcarifer,Gillnet,16/6/2019,BA190616-04,NA,432,1020,m,1,NA,-16.54194,124.44715,South Secure Bay,Secure Bay,TRUE,2
Lates calcarifer,Gillnet,16/6/2019,BA190616-13,NA,578,2300,m,2,NA,-16.53934,124.4444,South Secure Bay,Secure Bay,TRUE,2
Lates calcarifer,Gillnet,16/6/2019,BA190616-06,NA,716,4158,m,2,NA,-16.53934,124.4444,South Secure Bay,Secure Bay,TRUE,2
Lates calcarifer,Gillnet,16/6/2019,BA190616-05,NA,629,2772,m,2,NA,-16.5384,124.43132,South Secure Bay,Secure Bay,TRUE,2
Lates calcarifer,Gillnet,16/6/2019,BA190616-14,NA,531,1696,m,1,NA,-16.5384,124.43132,South Secure Bay,Secure Bay,TRUE,2
Lates calcarifer,Line,16/6/2019,BA190616-11,NA,705,NA,m,2,NA,-16.459389,124.261006,South Secure Bay,Secure Bay,TRUE,2
Lates calcarifer,Gillnet,17/6/2019,BA190617-10,NA,708,3672,m,2,NA,-16.4594,124.24055,North Secure Bay,Secure Bay,TRUE,2
Lates calcarifer,Gillnet,17/6/2019,BA190617-08,NA,812,5506,m,2,NA,-16.4594,124.24055,North Secure Bay,Secure Bay,TRUE,2
Lates calcarifer,Gillnet,17/6/2019,BA190617-11,NA,738,4664,m,2,NA,-16.4594,124.24055,North Secure Bay,Secure Bay,TRUE,2
Lates calcarifer,Gillnet,17/6/2019,BA190617-13,NA,710,3916,m,2,NA,-16.45838,124.24229,North Secure Bay,Secure Bay,TRUE,2
Lates calcarifer,Gillnet,17/6/2019,BA190617-07,NA,498,1362,m,2,NA,-16.45838,124.24229,North Secure Bay,Secure Bay,TRUE,2
Lates calcarifer,Gillnet,17/6/2019,BA190617-18,NA,764,5242,m,2,NA,-16.45813,124.24213,North Secure Bay,Secure Bay,TRUE,2
Lates calcarifer,Gillnet,17/6/2019,BA190617-20,NA,675,3144,m,2,NA,-16.45813,124.24213,North Secure Bay,Secure Bay,TRUE,2
Lates calcarifer,Gillnet,17/6/2019,BA190617-02,NA,727,4066,m,2,NA,-16.45813,124.24213,North Secure Bay,Secure Bay,TRUE,2
Lates calcarifer,Gillnet,17/6/2019,BA190617-19,NA,720,3876,m,2,NA,-16.45813,124.24213,North Secure Bay,Secure Bay,TRUE,2
Lates calcarifer,Gillnet,17/6/2019,BA190617-15,NA,722,4420,m,2,NA,-16.45813,124.24213,North Secure Bay,Secure Bay,TRUE,2
Lates calcarifer,Gillnet,17/6/2019,BA190617-05,NA,679,3326,m,2,NA,-16.45813,124.24213,North Secure Bay,Secure Bay,TRUE,2
Lates calcarifer,Gillnet,17/6/2019,BA190617-03,NA,542,1664,m,2,NA,-16.45813,124.24213,North Secure Bay,Secure Bay,TRUE,2
Lates calcarifer,Gillnet,17/6/2019,BA190617-24,NA,545,1702,m,2,NA,-16.45747,124.24236,North Secure Bay,Secure Bay,TRUE,2
Lates calcarifer,Gillnet,17/6/2019,BA190617-21,NA,722,4112,m,2,NA,-16.45747,124.24236,North Secure Bay,Secure Bay,TRUE,2
Lates calcarifer,Gillnet,17/6/2019,NA,NA,681,3458,m,2,NA,-16.45747,124.24236,North Secure Bay,Secure Bay,FALSE,0
Lates calcarifer,Gillnet,17/6/2019,BA190617-22,NA,645,2724,m,2,NA,-16.45747,124.24236,North Secure Bay,Secure Bay,TRUE,2
Lates calcarifer,Gillnet,17/6/2019,BA190617-01,NA,686,3322,m,2,NA,-16.45747,124.24236,North Secure Bay,Secure Bay,TRUE,2
Lates calcarifer,Gillnet,17/6/2019,BA190617-09,NA,725,4210,m,2,NA,-16.45747,124.24236,North Secure Bay,Secure Bay,TRUE,2
Lates calcarifer,Gillnet,17/6/2019,BA190617-16,NA,671,3262,m,2,NA,-16.45747,124.24236,North Secure Bay,Secure Bay,TRUE,2
Lates calcarifer,Gillnet,17/6/2019,BA190617-25,NA,691,3614,m,2,NA,-16.45747,124.24236,North Secure Bay,Secure Bay,TRUE,2
Lates calcarifer,Gillnet,17/6/2019,BA190617-23,NA,661,2166,m,2,NA,-16.45747,124.24236,North Secure Bay,Secure Bay,TRUE,2
Lates calcarifer,Gillnet,17/6/2019,BA190617-04,NA,692,3530,m,2,NA,-16.45747,124.24236,North Secure Bay,Secure Bay,TRUE,2
Lates calcarifer,Line,17/6/2019,BA190617-06,NA,761,4920,m,2,NA,-16.459389,124.261006,North Secure Bay,Secure Bay,TRUE,2
Lates calcarifer,Line,17/6/2019,BA190617-12,NA,619,2444,m,2,NA,-16.459389,124.261006,North Secure Bay,Secure Bay,TRUE,2
Lates calcarifer,Line,17/6/2019,BA190617-17,NA,644,3360,m,2,NA,-16.459389,124.261006,North Secure Bay,Secure Bay,TRUE,2
Lates calcarifer,Line,17/6/2019,BA190617-28,NA,569,2798,m,2,NA,-16.459389,124.261006,North Secure Bay,Secure Bay,TRUE,2
Lates calcarifer,Line,17/6/2019,BA190617-14,NA,764,5510,m,2,NA,-16.459389,124.261006,North Secure Bay,Secure Bay,TRUE,2
Lates calcarifer,Line,17/6/2019,BA190617-26,NA,571,2736,m,NA,NA,-16.459389,124.261006,North Secure Bay,Secure Bay,TRUE,2
Lates calcarifer,Line,17/6/2019,BA190617-27,NA,570,2138,m,2,NA,-16.459389,124.261006,North Secure Bay,Secure Bay,TRUE,2
Lates calcarifer,Gillnet,18/6/2019,BA190618-17,NA,715,4280,m,2,NA,-16.4595,124.25644,North Secure Bay,Secure Bay,TRUE,2
Lates calcarifer,Gillnet,18/6/2019,BA190618-07,NA,827,5636,m,2,NA,-16.4595,124.25644,North Secure Bay,Secure Bay,TRUE,2
Lates calcarifer,Gillnet,18/6/2019,BA190618-08,NA,695,3332,m,2,NA,-16.4595,124.25644,North Secure Bay,Secure Bay,TRUE,2
Lates calcarifer,Gillnet,18/6/2019,BA190618-22,NA,510,1474,m,2,NA,-16.45944,124.25647,North Secure Bay,Secure Bay,TRUE,2
Lates calcarifer,Gillnet,18/6/2019,BA190618-18,NA,456,1094,m,1,NA,-16.45944,124.25647,North Secure Bay,Secure Bay,TRUE,2
Lates calcarifer,Gillnet,18/6/2019,BA190618-12,NA,550,1748,m,2,NA,-16.46567,124.27013,North Secure Bay,Secure Bay,FALSE,2
Lates calcarifer,Gillnet,18/6/2019,BA190618-13,NA,720,3926,m,2,NA,-16.46567,124.27013,North Secure Bay,Secure Bay,FALSE,2
Lates calcarifer,Gillnet,18/6/2019,BA190618-11,NA,579,2204,m,2,NA,-16.46567,124.27013,North Secure Bay,Secure Bay,FALSE,2
Lates calcarifer,Gillnet,18/6/2019,BA190618-21,NA,551,1846,m,2,NA,-16.46567,124.27013,North Secure Bay,Secure Bay,FALSE,2
Lates calcarifer,Gillnet,18/6/2019,BA190618-19,NA,540,1776,m,2,NA,-16.46567,124.27013,North Secure Bay,Secure Bay,FALSE,2
Lates calcarifer,Gillnet,18/6/2019,BA190618-09,NA,735,4216,m,2,NA,-16.46318,124.2625,North Secure Bay,Secure Bay,TRUE,2
Lates calcarifer,Gillnet,18/6/2019,BA190618-10,NA,800,5654,m,2,NA,-16.46318,124.2625,North Secure Bay,Secure Bay,TRUE,2
Lates calcarifer,Gillnet,18/6/2019,BA190618-16,NA,757,4552,m,2,NA,-16.46318,124.2625,North Secure Bay,Secure Bay,TRUE,2
Lates calcarifer,Gillnet,18/6/2019,BA190618-15,NA,695,3876,m,2,NA,-16.46318,124.2625,North Secure Bay,Secure Bay,TRUE,2
Lates calcarifer,Gillnet,18/6/2019,BA190618-14,NA,591,2354,m,2,NA,-16.46227,124.26092,North Secure Bay,Secure Bay,TRUE,2
Lates calcarifer,Gillnet,18/6/2019,BA190618-20,NA,575,1990,m,2,NA,-16.46227,124.26123,North Secure Bay,Secure Bay,TRUE,2
Lates calcarifer,Line,18/6/2019,BA190618-01,NA,715,4020,m,2,NA,-16.461406,124.26565,North Secure Bay,Secure Bay,TRUE,2
Lates calcarifer,Line,18/6/2019,BA190618-06,NA,525,1510,m,NA,NA,-16.461406,124.26565,North Secure Bay,Secure Bay,TRUE,2
Lates calcarifer,Line,18/6/2019,BA190618-02,NA,599,2096,m,2,NA,-16.461406,124.26565,North Secure Bay,Secure Bay,TRUE,2
Lates calcarifer,Line,18/6/2019,BA190618-05,NA,577,1892,m,2,NA,-16.461406,124.26565,North Secure Bay,Secure Bay,TRUE,2
Lates calcarifer,Line,18/6/2019,BA190618-03,NA,560,1974,m,2,NA,-16.461406,124.26565,North Secure Bay,Secure Bay,TRUE,2
Lates calcarifer,Line,18/6/2019,BA190618-04,NA,528,1622,m,1,NA,-16.461406,124.26565,North Secure Bay,Secure Bay,TRUE,2
Lates calcarifer,Gillnet,19/6/2019,BA190619-11,NA,869,7520,f,2,44,-16.21496,123.78065,Shark Alley,Talbot Bay,TRUE,2
Lates calcarifer,Gillnet,19/6/2019,BA190619-10,NA,778,5318,f,2,26,-16.21496,123.78065,Shark Alley,Talbot Bay,TRUE,2
Lates calcarifer,Gillnet,19/6/2019,BA190619-08,NA,661,3340,m,2,NA,-16.21496,123.78065,Shark Alley,Talbot Bay,TRUE,2
Lates calcarifer,Gillnet,19/6/2019,BA190619-12,NA,691,3634,f,2,8,-16.21496,123.78065,Shark Alley,Talbot Bay,TRUE,2
Lates calcarifer,Gillnet,19/6/2019,BA190619-16,NA,713,3900,m,2,NA,-16.21557,123.78001,Shark Alley,Talbot Bay,TRUE,2
Lates calcarifer,Gillnet,19/6/2019,BA190619-17,NA,703,3664,m,2,NA,-16.21579,123.77923,Shark Alley,Talbot Bay,TRUE,2
Lates calcarifer,Gillnet,19/6/2019,BA190619-21,NA,630,2664,m,2,NA,-16.21579,123.77923,Shark Alley,Talbot Bay,TRUE,2
Lates calcarifer,Gillnet,19/6/2019,BA190619-05,NA,790,5492,m,2,NA,-16.20045,123.75887,Shark Alley,Talbot Bay,TRUE,2
Lates calcarifer,Gillnet,19/6/2019,BA190619-01,NA,787,5178,m,2,NA,-16.20045,123.75887,Shark Alley,Talbot Bay,TRUE,2
Lates calcarifer,Gillnet,19/6/2019,BA190619-03,NA,805,5400,m,2,NA,-16.20045,123.75887,Shark Alley,Talbot Bay,TRUE,2
Lates calcarifer,Gillnet,19/6/2019,NA,NA,NA,NA,NA,NA,NA,-16.20045,123.75887,Shark Alley,Talbot Bay,TRUE,2
Lates calcarifer,Gillnet,19/6/2019,BA190619-02,NA,815,5904,m,2,NA,-16.20045,123.75887,Shark Alley,Talbot Bay,TRUE,2
Lates calcarifer,Gillnet,19/6/2019,BA190619-15,NA,760,4946,m,2,NA,-16.20045,123.75887,Shark Alley,Talbot Bay,TRUE,2
Lates calcarifer,Gillnet,19/6/2019,BA190619-14,NA,679,3350,m,2,NA,-16.2008,123.75838,Shark Alley,Talbot Bay,TRUE,2
Lates calcarifer,Gillnet,19/6/2019,BA190619-06,NA,614,2598,m,2,NA,-16.2008,123.75838,Shark Alley,Talbot Bay,TRUE,2
Lates calcarifer,Gillnet,19/6/2019,BA190619-07,NA,580,2208,m,2,NA,-16.2008,123.75838,Shark Alley,Talbot Bay,TRUE,2
Lates calcarifer,Gillnet,19/6/2019,NA,NA,636,2632,m,2,NA,-16.2008,123.75838,Shark Alley,Talbot Bay,TRUE,2
Lates calcarifer,Gillnet,19/6/2019,BA190619-19,NA,535,1760,m,1,NA,-16.2008,123.75838,Shark Alley,Talbot Bay,TRUE,2
Lates calcarifer,Gillnet,19/6/2019,BA190619-20,NA,661,3340,m,2,NA,-16.2008,123.75838,Shark Alley,Talbot Bay,TRUE,2
Lates calcarifer,Line,19/6/2019,BA190619-04,NA,618,2582,m,1,NA,-16.20011,123.75928,Shark Alley,Talbot Bay,TRUE,2
Lates calcarifer,Line,19/6/2019,BA190619-18,NA,448,992,m,1,NA,-16.20011,123.75928,Shark Alley,Talbot Bay,TRUE,2
Lates calcarifer,Line,19/6/2019,BA190619-13,NA,571,1848,m,2,NA,-16.20011,123.75928,Shark Alley,Talbot Bay,TRUE,2
Lates calcarifer,Gillnet,20/6/2019,BA190620-19,NA,710,4010,m,2,NA,-16.26849,123.76371,Bushys Creek,Talbot Bay,TRUE,2
Lates calcarifer,Gillnet,20/6/2019,BA190620-20,NA,708,3726,f,2,16,-16.26849,123.76371,Bushys Creek,Talbot Bay,TRUE,2
Lates calcarifer,Gillnet,20/6/2019,BA190620-06,NA,675,3124,m,2,NA,-16.26849,123.76371,Bushys Creek,Talbot Bay,TRUE,2
Lates calcarifer,Gillnet,20/6/2019,BA190620-22,NA,699,4058,f,2,26,-16.24805,123.73103,Bushys Creek,Talbot Bay,TRUE,2
Lates calcarifer,Gillnet,20/6/2019,BA190620-14,NA,740,4290,m,2,NA,-16.24805,123.73103,Bushys Creek,Talbot Bay,TRUE,2
Lates calcarifer,Gillnet,20/6/2019,BA190620-07,NA,565,1902,m,1,NA,-16.24805,123.73103,Bushys Creek,Talbot Bay,TRUE,2
Lates calcarifer,Gillnet,20/6/2019,BA190620-15,NA,642,2910,m,2,NA,-16.24805,123.73103,Bushys Creek,Talbot Bay,TRUE,2
Lates calcarifer,Gillnet,20/6/2019,BA190620-08,NA,852,6715,m,2,NA,-16.24805,123.73103,Bushys Creek,Talbot Bay,TRUE,2
Lates calcarifer,Gillnet,20/6/2019,BA190620-500,NA,621,2648,m,2,NA,-16.24805,123.73103,Bushys Creek,Talbot Bay,TRUE,2
Lates calcarifer,Gillnet,20/6/2019,BA190620-21,NA,538,1722,m,1,NA,-16.24841,123.73086,Bushys Creek,Talbot Bay,TRUE,2
Lates calcarifer,Gillnet,20/6/2019,BA190620-18,NA,527,1652,m,2,NA,-16.24721,123.72697,Bushys Creek,Talbot Bay,TRUE,2
Lates calcarifer,Gillnet,20/6/2019,BA190620-16,NA,495,1288,m,1,NA,-16.24721,123.72697,Bushys Creek,Talbot Bay,FALSE,2
Lates calcarifer,Gillnet,20/6/2019,BA190620-23,NA,828,6645,m,2,NA,-16.24869,123.72433,Bushys Creek,Talbot Bay,TRUE,2
Lates calcarifer,Gillnet,20/6/2019,BA190620-09,NA,874,7385,f,2,26,-16.24869,123.72433,Bushys Creek,Talbot Bay,TRUE,2
Lates calcarifer,Gillnet,20/6/2019,BA190620-13,NA,727,4026,m,2,NA,-16.24869,123.72433,Bushys Creek,Talbot Bay,TRUE,2
Lates calcarifer,Gillnet,20/6/2019,BA190620-11,NA,736,4562,m,2,NA,-16.24869,123.72433,Bushys Creek,Talbot Bay,TRUE,2
Lates calcarifer,Gillnet,20/6/2019,BA190620-04,NA,680,3384,m,2,NA,-16.24756,123.72572,Bushys Creek,Talbot Bay,TRUE,2
Lates calcarifer,Gillnet,20/6/2019,BA190620-05,NA,763,4562,m,2,NA,-16.24756,123.72572,Bushys Creek,Talbot Bay,TRUE,2
Lates calcarifer,Gillnet,20/6/2019,BA190620-17,NA,610,2752,m,2,NA,-16.24756,123.72572,Bushys Creek,Talbot Bay,TRUE,2
Lates calcarifer,Gillnet,20/6/2019,BA190620-10,NA,870,7315,m,2,NA,-16.24756,123.72572,Bushys Creek,Talbot Bay,TRUE,2
Lates calcarifer,Line,20/6/2019,BA190620-01,NA,456,1104,m,1,NA,-16.191003,123.750913,Shark Alley,Talbot Bay,TRUE,2
Lates calcarifer,Line,20/6/2019,BA190620-02,NA,607,2444,m,2,NA,-16.191003,123.750913,Shark Alley,Talbot Bay,TRUE,2
Lates calcarifer,Line,20/6/2019,BA190620-03,NA,675,3200,m,2,NA,-16.191003,123.750913,Shark Alley,Talbot Bay,TRUE,2
Lates calcarifer,Gillnet,21/6/2019,BA190621-45,NA,665,3162,m,2,NA,-16.36259,123.84085,Dugong Bay,Talbot Bay,FALSE,2
Lates calcarifer,Gillnet,21/6/2019,BA190621-30,NA,687,3894,f,2,20,-16.36259,123.84085,Dugong Bay,Talbot Bay,FALSE,2
Lates calcarifer,Gillnet,21/6/2019,BA190621-27,NA,662,3252,m,2,NA,-16.36259,123.84085,Dugong Bay,Talbot Bay,FALSE,2
Lates calcarifer,Gillnet,21/6/2019,BA190621-11,NA,544,1824,m,2,NA,-16.36259,123.84085,Dugong Bay,Talbot Bay,FALSE,2
Lates calcarifer,Gillnet,21/6/2019,BA190621-62,NA,684,3492,m,2,NA,-16.36259,123.84085,Dugong Bay,Talbot Bay,FALSE,2
Lates calcarifer,Gillnet,21/6/2019,BA190621-08,NA,635,2966,m,2,NA,-16.36259,123.84085,Dugong Bay,Talbot Bay,FALSE,2
Lates calcarifer,Gillnet,21/6/2019,BA190621-17,NA,593,2316,m,2,NA,-16.36259,123.84085,Dugong Bay,Talbot Bay,FALSE,2
Lates calcarifer,Gillnet,21/6/2019,BA190621-63,NA,587,2306,m,2,NA,-16.36259,123.84085,Dugong Bay,Talbot Bay,FALSE,2
Lates calcarifer,Gillnet,21/6/2019,BA190621-06,NA,648,2816,m,2,NA,-16.36259,123.84085,Dugong Bay,Talbot Bay,FALSE,2
Lates calcarifer,Gillnet,21/6/2019,BA190621-60,NA,610,2440,m,2,NA,-16.36259,123.84085,Dugong Bay,Talbot Bay,FALSE,2
Lates calcarifer,Gillnet,21/6/2019,BA190621-55,NA,582,2262,m,2,NA,-16.36259,123.84085,Dugong Bay,Talbot Bay,FALSE,2
Lates calcarifer,Gillnet,21/6/2019,BA190621-23,NA,695,4058,m,2,NA,-16.36259,123.84085,Dugong Bay,Talbot Bay,FALSE,2
Lates calcarifer,Gillnet,21/6/2019,BA190621-26,NA,691,3588,m,2,NA,-16.36259,123.84085,Dugong Bay,Talbot Bay,FALSE,2
Lates calcarifer,Gillnet,21/6/2019,BA190621-10,NA,NA,3246,m,2,NA,-16.36259,123.84085,Dugong Bay,Talbot Bay,FALSE,2
Lates calcarifer,Gillnet,21/6/2019,BA190621-38,NA,549,1826,m,2,NA,-16.36259,123.84085,Dugong Bay,Talbot Bay,FALSE,2
Lates calcarifer,Gillnet,21/6/2019,NA,NA,645,NA,m,2,NA,-16.36259,123.84085,Dugong Bay,Talbot Bay,FALSE,0
Lates calcarifer,Gillnet,21/6/2019,BA190621-14,NA,715,4166,m,2,NA,-16.36259,123.84085,Dugong Bay,Talbot Bay,FALSE,2
Lates calcarifer,Gillnet,21/6/2019,BA190621-61,NA,496,1346,m,1,NA,-16.36259,123.84085,Dugong Bay,Talbot Bay,FALSE,2
Lates calcarifer,Gillnet,21/6/2019,BA190621-43,NA,588,2254,m,2,NA,-16.36259,123.84085,Dugong Bay,Talbot Bay,FALSE,2
Lates calcarifer,Gillnet,21/6/2019,NA,NA,611,2638,m,2,NA,-16.36259,123.84085,Dugong Bay,Talbot Bay,FALSE,2
Lates calcarifer,Gillnet,21/6/2019,NA,NA,618,2472,m,2,NA,-16.36259,123.84085,Dugong Bay,Talbot Bay,FALSE,2
Lates calcarifer,Gillnet,21/6/2019,NA,NA,570,2014,m,2,NA,-16.36259,123.84085,Dugong Bay,Talbot Bay,FALSE,2
Lates calcarifer,Gillnet,21/6/2019,NA,NA,640,2864,m,2,NA,-16.36259,123.84085,Dugong Bay,Talbot Bay,FALSE,2
Lates calcarifer,Gillnet,21/6/2019,NA,NA,595,2258,m,2,NA,-16.36259,123.84085,Dugong Bay,Talbot Bay,FALSE,2
Lates calcarifer,Gillnet,21/6/2019,NA,NA,672,3296,m,2,NA,-16.36259,123.84085,Dugong Bay,Talbot Bay,FALSE,2
Lates calcarifer,Gillnet,21/6/2019,NA,NA,652,3134,m,2,NA,-16.36259,123.84085,Dugong Bay,Talbot Bay,FALSE,2
Lates calcarifer,Gillnet,21/6/2019,NA,NA,730,4601,m,2,NA,-16.36259,123.84085,Dugong Bay,Talbot Bay,FALSE,2
Lates calcarifer,Gillnet,21/6/2019,NA,NA,576,2138,m,2,NA,-16.36259,123.84085,Dugong Bay,Talbot Bay,FALSE,2
Lates calcarifer,Gillnet,21/6/2019,NA,NA,685,3308,m,2,NA,-16.36259,123.84085,Dugong Bay,Talbot Bay,FALSE,2
Lates calcarifer,Gillnet,21/6/2019,NA,NA,620,2438,m,2,NA,-16.36259,123.84085,Dugong Bay,Talbot Bay,FALSE,2
Lates calcarifer,Gillnet,21/6/2019,BA190621-39,NA,641,2900,m,2,NA,-16.36374,123.84157,Dugong Bay,Talbot Bay,FALSE,2
Lates calcarifer,Gillnet,21/6/2019,BA190621-59,NA,640,2938,m,2,NA,-16.36374,123.84157,Dugong Bay,Talbot Bay,FALSE,2
Lates calcarifer,Gillnet,21/6/2019,BA190621-07,NA,662,3426,m,2,NA,-16.36374,123.84157,Dugong Bay,Talbot Bay,FALSE,2
Lates calcarifer,Gillnet,21/6/2019,BA190621-03,NA,688,3684,m,2,NA,-16.36374,123.84157,Dugong Bay,Talbot Bay,FALSE,2
Lates calcarifer,Gillnet,21/6/2019,BA190621-36,NA,660,3320,m,2,NA,-16.36374,123.84157,Dugong Bay,Talbot Bay,FALSE,2
Lates calcarifer,Gillnet,21/6/2019,BA190621-34,NA,702,3892,m,2,NA,-16.36374,123.84157,Dugong Bay,Talbot Bay,FALSE,2
Lates calcarifer,Gillnet,21/6/2019,BA190621-22,NA,669,3326,m,2,NA,-16.36374,123.84157,Dugong Bay,Talbot Bay,FALSE,2
Lates calcarifer,Gillnet,21/6/2019,BA190621-64,NA,760,4880,m,2,NA,-16.36374,123.84157,Dugong Bay,Talbot Bay,FALSE,2
Lates calcarifer,Gillnet,21/6/2019,BA190621-51,NA,683,3476,m,2,NA,-16.36374,123.84157,Dugong Bay,Talbot Bay,FALSE,2
Lates calcarifer,Gillnet,21/6/2019,BA190621-29,NA,675,3520,m,2,NA,-16.36374,123.84157,Dugong Bay,Talbot Bay,FALSE,2
Lates calcarifer,Gillnet,21/6/2019,BA190621-09,NA,641,2938,m,2,NA,-16.36374,123.84157,Dugong Bay,Talbot Bay,FALSE,2
Lates calcarifer,Gillnet,21/6/2019,BA190621-44,NA,751,4316,m,2,NA,-16.36374,123.84157,Dugong Bay,Talbot Bay,FALSE,2
Lates calcarifer,Gillnet,21/6/2019,BA190621-15,NA,660,3250,f,2,16,-16.36374,123.84157,Dugong Bay,Talbot Bay,FALSE,2
Lates calcarifer,Gillnet,21/6/2019,BA190621-28,NA,687,3454,m,2,NA,-16.36374,123.84157,Dugong Bay,Talbot Bay,FALSE,2
Lates calcarifer,Gillnet,21/6/2019,BA190621-42,NA,636,2940,m,2,NA,-16.36412,123.84191,Dugong Bay,Talbot Bay,FALSE,0
Lates calcarifer,Gillnet,21/6/2019,BA190621-21,NA,798,6050,f,2,56,-16.38354,123.84393,Dugong Bay,Talbot Bay,FALSE,2
Lates calcarifer,Gillnet,21/6/2019,BA190621-25,NA,842,7185,m,2,NA,-16.38354,123.84393,Dugong Bay,Talbot Bay,FALSE,2
Lates calcarifer,Gillnet,21/6/2019,BA190621-40,NA,856,7690,m,2,NA,-16.38354,123.84393,Dugong Bay,Talbot Bay,FALSE,2
Lates calcarifer,Gillnet,21/6/2019,BA190621-01,NA,598,2194,m,2,NA,-16.38354,123.84393,Dugong Bay,Talbot Bay,FALSE,2
Lates calcarifer,Gillnet,21/6/2019,BA190621-46,NA,830,6025,m,2,NA,-16.38383,123.84724,Dugong Bay,Talbot Bay,FALSE,2
Lates calcarifer,Gillnet,21/6/2019,BA190621-57,NA,733,4512,m,2,NA,-16.38383,123.84724,Dugong Bay,Talbot Bay,FALSE,2
Lates calcarifer,Gillnet,21/6/2019,BA190621-04,NA,833,7160,f,2,20,-16.38383,123.84724,Dugong Bay,Talbot Bay,FALSE,2
Lates calcarifer,Gillnet,21/6/2019,BA190621-24,NA,810,6075,m,2,NA,-16.38383,123.84724,Dugong Bay,Talbot Bay,FALSE,2
Lates calcarifer,Gillnet,21/6/2019,BA190621-20,NA,740,4786,f,2,32,-16.38383,123.84724,Dugong Bay,Talbot Bay,FALSE,2
Lates calcarifer,Gillnet,21/6/2019,BA190621-58,NA,670,3176,f,2,18,-16.38383,123.84724,Dugong Bay,Talbot Bay,FALSE,2
Lates calcarifer,Gillnet,21/6/2019,BA190621-32,NA,729,4448,m,2,NA,-16.38383,123.84724,Dugong Bay,Talbot Bay,FALSE,2
Lates calcarifer,Gillnet,21/6/2019,BA190621-18,NA,710,4336,f,2,30,-16.38383,123.84724,Dugong Bay,Talbot Bay,FALSE,2
Lates calcarifer,Gillnet,21/6/2019,BA190621-16,NA,790,5572,m,2,NA,-16.38383,123.84724,Dugong Bay,Talbot Bay,FALSE,2
Lates calcarifer,Gillnet,21/6/2019,BA190621-50,NA,770,4966,m,2,NA,-16.38383,123.84724,Dugong Bay,Talbot Bay,FALSE,2
Lates calcarifer,Gillnet,21/6/2019,BA190621-37,NA,874,7795,f,2,24,-16.38383,123.84724,Dugong Bay,Talbot Bay,FALSE,2
Lates calcarifer,Gillnet,21/6/2019,BA190621-02,NA,804,5618,m,2,NA,-16.38285,123.84949,Dugong Bay,Talbot Bay,FALSE,2
Lates calcarifer,Gillnet,21/6/2019,BA190621-05,NA,798,5336,m,2,NA,-16.38285,123.84949,Dugong Bay,Talbot Bay,FALSE,2
Lates calcarifer,Gillnet,21/6/2019,BA190621-31,NA,925,10240,f,2,36,-16.38285,123.84949,Dugong Bay,Talbot Bay,FALSE,2
Lates calcarifer,Line,9/9/2019,BA190909-01,NA,440,890,m,NA,NA,-14.744799,128.154719,Helby River,Cambridge Gulf,TRUE,2
Lates calcarifer,Line,9/9/2019,BA190909-02,NA,569,2160,m,NA,NA,-14.744799,128.154719,Helby River,Cambridge Gulf,TRUE,2
Lates calcarifer,Line,14/9/2019,BA190914-01,NA,692,3480,m,2,NA,-14.58586667,127.9597,Thurburn Bluff,Joseph Bonaparte Gulf,TRUE,2
Lates calcarifer,Line,14/9/2019,BA190914-02,NA,512,1562,m,1,NA,-14.58586667,127.9597,Thurburn Bluff,Joseph Bonaparte Gulf,TRUE,2
Lates calcarifer,Line,14/9/2019,BA190914-04,NA,514,1596,m,2,NA,-14.58586667,127.9597,Thurburn Bluff,Joseph Bonaparte Gulf,TRUE,2
Lates calcarifer,Line,14/9/2019,BA190914-03,NA,525,1614,m,2,NA,-14.58586667,127.9597,Thurburn Bluff,Joseph Bonaparte Gulf,TRUE,2
Lates calcarifer,Line,15/9/2019,BA190915-01,NA,660,2950,f,2,NA,-14.39533333,127.73204166666667,Casurina Creek,Berkley River,TRUE,2
Lates calcarifer,Line,15/9/2019,BA190915-02,NA,595,2100,m,2,NA,-14.39533333,127.73204166666667,Casurina Creek,Berkley River,TRUE,2
Lates calcarifer,Gillnet,16/9/2019,BA190916-01,NA,641,2734,m,2,NA,-14.449422,127.826385,Buckle Head Bay,Joseph Bonaparte Gulf,TRUE,2
Lates calcarifer,Gillnet,16/9/2019,BA190916-05,NA,511,1164,m,2,NA,-14.449422,127.826385,Buckle Head Bay,Joseph Bonaparte Gulf,TRUE,2
Lates calcarifer,Gillnet,16/9/2019,BA190916-07,NA,520,1438,m,2,NA,-14.449422,127.826385,Buckle Head Bay,Joseph Bonaparte Gulf,TRUE,2
Lates calcarifer,Line,16/9/2019,BA190916-03,NA,698,3582,m,2,NA,-14.449422,127.826385,Buckle Head Bay,Joseph Bonaparte Gulf,TRUE,2
Lates calcarifer,Line,16/9/2019,BA190916-06,NA,516,1350,m,2,NA,-14.449422,127.826385,Buckle Head Bay,Joseph Bonaparte Gulf,TRUE,2
Lates calcarifer,Line,16/9/2019,BA190916-08,NA,492,1430,m,2,NA,-14.449422,127.826385,Buckle Head Bay,Joseph Bonaparte Gulf,TRUE,2
Lates calcarifer,Line,16/9/2019,BA190916-9,NA,465,1192,m,1,NA,-14.449422,127.826385,Buckle Head Bay,Joseph Bonaparte Gulf,TRUE,2
Lates calcarifer,Line,16/9/2019,BA190916-02,NA,522,1668,m,2,NA,-14.449422,127.826385,Buckle Head Bay,Joseph Bonaparte Gulf,TRUE,2
Lates calcarifer,Line,16/9/2019,BA190916-10,NA,499,1340,m,2,NA,-14.449422,127.826385,Buckle Head Bay,Joseph Bonaparte Gulf,TRUE,2
Lates calcarifer,Gillnet,15/10/2019,BA191015-01,NA,617,2328,m,2,NA,-15.969737,124.602956,Lower Sale,Sale River,TRUE,2
Lates calcarifer,Gillnet,15/10/2019,BA191015-02,NA,613,2576,m,2,NA,-15.969737,124.602956,Lower Sale,Sale River,TRUE,2
Lates calcarifer,Gillnet,15/10/2019,BA191015-03,NA,806,5408,f,2,42,-15.969737,124.602956,Lower Sale,Sale River,TRUE,2
Lates calcarifer,Gillnet,16/10/2019,BA191016-01,NA,745,4580,m,2,NA,-15.969737,124.602956,Lower Sale,Sale River,TRUE,2
Lates calcarifer,Gillnet,16/10/2019,BA191016-02,NA,772,4748,f,4,86,-15.969737,124.602956,Lower Sale,Sale River,TRUE,2
Lates calcarifer,Line,16/10/2019,BA191016-01,NA,528,1582,m,2,NA,-15.997142,124.638148,Lower Sale,Sale River,TRUE,2
Lates calcarifer,Line,20/10/2019,BA191020-08,NA,578,2046,m,2,NA,-16.322528,124.605639,North Walcott Inlet,Walcott Inlet,FALSE,2
Lates calcarifer,Line,20/10/2019,BA191020-16,NA,587,2132,m,2,NA,-16.322528,124.605639,North Walcott Inlet,Walcott Inlet,FALSE,2
Lates calcarifer,Gillnet,20/10/2019,BA191020-11,NA,921,9240,f,2,52,-16.459457,124.813121,Isdell River,Walcott Inlet,FALSE,2
Lates calcarifer,Gillnet,20/10/2019,BA191020-19,NA,542,1680,m,2,NA,-16.45844,124.812514,Isdell River,Walcott Inlet,FALSE,2
Lates calcarifer,Gillnet,20/10/2019,BA191020-01,NA,452,1100,m,1,NA,-16.45844,124.812514,Isdell River,Walcott Inlet,FALSE,2
Lates calcarifer,Gillnet,20/10/2019,BA191020-12,NA,440,980,m,2,NA,-16.45844,124.812514,Isdell River,Walcott Inlet,FALSE,2
Lates calcarifer,Gillnet,20/10/2019,BA191020-14,NA,524,1580,m,2,NA,-16.45844,124.812514,Isdell River,Walcott Inlet,FALSE,2
Lates calcarifer,Gillnet,20/10/2019,BA191020-03,NA,539,1810,m,NA,NA,-16.45844,124.812514,Isdell River,Walcott Inlet,FALSE,2
Lates calcarifer,Gillnet,20/10/2019,BA191020-17,NA,469,1136,m,2,NA,-16.479155,124.822487,Isdell River,Walcott Inlet,FALSE,2
Lates calcarifer,Gillnet,20/10/2019,BA191020-20,NA,454,1068,m,2,NA,-16.479155,124.822487,Isdell River,Walcott Inlet,FALSE,2
Lates calcarifer,Gillnet,20/10/2019,BA191020-15,NA,474,1182,m,1,NA,-16.479155,124.822487,Isdell River,Walcott Inlet,FALSE,2
Lates calcarifer,Gillnet,20/10/2019,BA191020-20,NA,492,1300,m,1,NA,-16.479155,124.822487,Isdell River,Walcott Inlet,FALSE,2
Lates calcarifer,Gillnet,20/10/2019,BA191020-10,NA,480,1216,m,2,NA,-16.479155,124.822487,Isdell River,Walcott Inlet,FALSE,2
Lates calcarifer,Gillnet,20/10/2019,BA191020-07,NA,704,3646,f,2,8,-16.479563,124.822428,Isdell River,Walcott Inlet,FALSE,2
Lates calcarifer,Gillnet,20/10/2019,BA191020-05,NA,812,6135,m,2,NA,-16.479563,124.822428,Isdell River,Walcott Inlet,FALSE,2
Lates calcarifer,Gillnet,20/10/2019,BA191020-18,NA,455,1086,m,2,NA,-16.472179,124.823728,Isdell River,Walcott Inlet,FALSE,2
Lates calcarifer,Gillnet,20/10/2019,BA191020-09,NA,831,6640,f,2,20,-16.472753,124.823601,Isdell River,Walcott Inlet,FALSE,2
Lates calcarifer,Gillnet,20/10/2019,BA191020-06,NA,868,7995,f,2,NA,-16.472753,124.823601,Isdell River,Walcott Inlet,TRUE,2
Lates calcarifer,Gillnet,20/10/2019,BA191020-13,NA,629,2800,m,2,NA,-16.45458,124.815865,Isdell River,Walcott Inlet,FALSE,2
Lates calcarifer,Line,20/10/2019,BA191020-04,NA,366,612,m,1,NA,-16.52405,124.857191,Isdell River,Walcott Inlet,FALSE,1
Lates calcarifer,Gillnet,21/10/2019,BA191021-02,NA,602,2370,m,2,NA,-16.499833,124.833195,Isdell River,Walcott Inlet,FALSE,2
Lates calcarifer,Gillnet,21/10/2019,BA191021-05,NA,395,746,m,1,NA,-16.49975,124.833941,Isdell River,Walcott Inlet,FALSE,2
Lates calcarifer,Gillnet,21/10/2019,BA191021-01,NA,731,4182,m,2,NA,-16.495953,124.832012,Isdell River,Walcott Inlet,FALSE,2
Lates calcarifer,Gillnet,21/10/2019,BA191021-04,NA,961,10760,f,4,124,-16.495953,124.832012,Isdell River,Walcott Inlet,FALSE,2
Lates calcarifer,Gillnet,21/10/2019,BA191021-03,NA,983,11500,f,4,120,-16.495953,124.832012,Isdell River,Walcott Inlet,FALSE,2
Lates calcarifer,Gillnet,22/10/2019,BA191022-83,NA,513,1360,m,2,NA,-16.3711345,124.960975,Charnley River,Walcott Inlet,FALSE,2
Lates calcarifer,Gillnet,22/10/2019,BA191022-84,NA,510,1464,m,2,NA,-16.3711345,124.960975,Charnley River,Walcott Inlet,FALSE,2
Lates calcarifer,Gillnet,22/10/2019,BA191022-85,NA,580,2200,m,4,NA,-16.3711345,124.960975,Charnley River,Walcott Inlet,FALSE,2
Lates calcarifer,Gillnet,22/10/2019,BA191022-86,NA,511,1614,m,2,NA,-16.3711345,124.960975,Charnley River,Walcott Inlet,FALSE,2
Lates calcarifer,Gillnet,22/10/2019,BA191022-87,NA,525,1590,m,2,NA,-16.3711345,124.960975,Charnley River,Walcott Inlet,FALSE,2
Lates calcarifer,Gillnet,22/10/2019,BA191022-88,NA,562,2130,m,2,NA,-16.3711345,124.960975,Charnley River,Walcott Inlet,FALSE,2
Lates calcarifer,Gillnet,22/10/2019,BA191022-89,NA,430,884,m,2,NA,-16.3711345,124.960975,Charnley River,Walcott Inlet,FALSE,2
Lates calcarifer,Gillnet,22/10/2019,BA191022-01,NA,451,1046,m,2,NA,-16.371451,124.960909,Charnley River,Walcott Inlet,TRUE,2
Lates calcarifer,Gillnet,22/10/2019,BA191022-02,NA,546,1840,m,2,NA,-16.371451,124.960909,Charnley River,Walcott Inlet,FALSE,2
Lates calcarifer,Gillnet,22/10/2019,BA191022-03,NA,498,1514,m,2,NA,-16.371451,124.960909,Charnley River,Walcott Inlet,FALSE,2
Lates calcarifer,Gillnet,22/10/2019,BA191022-04,NA,514,1640,m,2,NA,-16.371451,124.960909,Charnley River,Walcott Inlet,FALSE,2
Lates calcarifer,Gillnet,22/10/2019,BA191022-05,NA,496,1532,m,2,NA,-16.371451,124.960909,Charnley River,Walcott Inlet,FALSE,2
Lates calcarifer,Gillnet,22/10/2019,BA191022-06,NA,495,1526,m,2,NA,-16.371451,124.960909,Charnley River,Walcott Inlet,FALSE,2
Lates calcarifer,Gillnet,22/10/2019,BA191022-07,NA,513,1654,m,2,NA,-16.371451,124.960909,Charnley River,Walcott Inlet,FALSE,2
Lates calcarifer,Gillnet,22/10/2019,BA191022-08,NA,451,948,m,2,NA,-16.371451,124.960909,Charnley River,Walcott Inlet,FALSE,2
Lates calcarifer,Gillnet,22/10/2019,BA191022-09,NA,509,1528,m,2,NA,-16.371451,124.960909,Charnley River,Walcott Inlet,FALSE,2
Lates calcarifer,Gillnet,22/10/2019,BA191022-10,NA,505,1450,m,NA,NA,-16.371451,124.960909,Charnley River,Walcott Inlet,FALSE,2
Lates calcarifer,Gillnet,22/10/2019,BA191022-11,NA,459,1200,m,1,NA,-16.371451,124.960909,Charnley River,Walcott Inlet,FALSE,2
Lates calcarifer,Gillnet,22/10/2019,BA191022-12,NA,474,1170,m,2,NA,-16.371451,124.960909,Charnley River,Walcott Inlet,FALSE,2
Lates calcarifer,Gillnet,22/10/2019,BA191022-13,NA,534,1614,m,2,NA,-16.371451,124.960909,Charnley River,Walcott Inlet,FALSE,2
Lates calcarifer,Gillnet,22/10/2019,BA191022-14,NA,484,1290,m,1,NA,-16.371451,124.960909,Charnley River,Walcott Inlet,FALSE,2
Lates calcarifer,Gillnet,22/10/2019,BA191022-15,NA,640,2686,m,2,NA,-16.371451,124.960909,Charnley River,Walcott Inlet,FALSE,2
Lates calcarifer,Gillnet,22/10/2019,BA191022-16,NA,483,1316,m,2,NA,-16.371451,124.960909,Charnley River,Walcott Inlet,FALSE,2
Lates calcarifer,Gillnet,22/10/2019,BA191022-17,NA,496,1364,m,2,NA,-16.371451,124.960909,Charnley River,Walcott Inlet,FALSE,2
Lates calcarifer,Gillnet,22/10/2019,BA191022-18,NA,490,1272,m,1,NA,-16.371451,124.960909,Charnley River,Walcott Inlet,FALSE,2
Lates calcarifer,Gillnet,22/10/2019,BA191022-19,NA,481,1184,m,1,NA,-16.371451,124.960909,Charnley River,Walcott Inlet,FALSE,2
Lates calcarifer,Gillnet,22/10/2019,BA191022-20,NA,511,1484,m,2,NA,-16.371451,124.960909,Charnley River,Walcott Inlet,FALSE,2
Lates calcarifer,Gillnet,22/10/2019,BA191022-21,NA,470,1238,NA,1,NA,-16.371451,124.960909,Charnley River,Walcott Inlet,FALSE,2
Lates calcarifer,Gillnet,22/10/2019,BA191022-22,NA,472,1136,m,1,NA,-16.371451,124.960909,Charnley River,Walcott Inlet,FALSE,2
Lates calcarifer,Gillnet,22/10/2019,BA191022-23,NA,492,1532,NA,1,NA,-16.371451,124.960909,Charnley River,Walcott Inlet,FALSE,2
Lates calcarifer,Gillnet,22/10/2019,BA191022-24,NA,513,1490,m,2,NA,-16.371451,124.960909,Charnley River,Walcott Inlet,FALSE,2
Lates calcarifer,Gillnet,22/10/2019,BA191022-25,NA,528,1546,m,2,NA,-16.371451,124.960909,Charnley River,Walcott Inlet,FALSE,2
Lates calcarifer,Gillnet,22/10/2019,BA191022-26,NA,501,1412,m,2,NA,-16.371451,124.960909,Charnley River,Walcott Inlet,FALSE,2
Lates calcarifer,Gillnet,22/10/2019,BA191022-27,NA,440,1034,m,2,NA,-16.371451,124.960909,Charnley River,Walcott Inlet,FALSE,2
Lates calcarifer,Gillnet,22/10/2019,BA191022-28,NA,451,1080,m,2,NA,-16.371451,124.960909,Charnley River,Walcott Inlet,FALSE,2
Lates calcarifer,Gillnet,22/10/2019,BA191022-29,NA,502,1498,m,2,NA,-16.371451,124.960909,Charnley River,Walcott Inlet,FALSE,2
Lates calcarifer,Gillnet,22/10/2019,BA191022-30,NA,444,1054,m,2,NA,-16.371451,124.960909,Charnley River,Walcott Inlet,FALSE,2
Lates calcarifer,Gillnet,22/10/2019,BA191022-31,NA,466,1212,m,2,NA,-16.371451,124.960909,Charnley River,Walcott Inlet,FALSE,2
Lates calcarifer,Gillnet,22/10/2019,BA191022-32,NA,489,1262,m,2,NA,-16.371451,124.960909,Charnley River,Walcott Inlet,FALSE,2
Lates calcarifer,Gillnet,22/10/2019,BA191022-33,NA,498,1472,m,2,NA,-16.371451,124.960909,Charnley River,Walcott Inlet,FALSE,2
Lates calcarifer,Gillnet,22/10/2019,BA191022-34,NA,472,1372,m,2,NA,-16.371451,124.960909,Charnley River,Walcott Inlet,FALSE,2
Lates calcarifer,Gillnet,22/10/2019,BA191022-35,NA,486,1354,m,2,NA,-16.371451,124.960909,Charnley River,Walcott Inlet,FALSE,2
Lates calcarifer,Gillnet,22/10/2019,BA191022-36,NA,496,1356,m,2,NA,-16.371451,124.960909,Charnley River,Walcott Inlet,FALSE,2
Lates calcarifer,Gillnet,22/10/2019,BA191022-37,NA,561,1964,m,2,NA,-16.371451,124.960909,Charnley River,Walcott Inlet,FALSE,2
Lates calcarifer,Gillnet,22/10/2019,BA191022-38,NA,494,1450,m,2,NA,-16.371451,124.960909,Charnley River,Walcott Inlet,FALSE,2
Lates calcarifer,Gillnet,22/10/2019,BA191022-39,NA,499,1548,m,2,NA,-16.371451,124.960909,Charnley River,Walcott Inlet,FALSE,2
Lates calcarifer,Gillnet,22/10/2019,BA191022-40,NA,511,1560,m,2,NA,-16.371451,124.960909,Charnley River,Walcott Inlet,FALSE,2
Lates calcarifer,Gillnet,22/10/2019,BA191022-41,NA,503,1450,m,2,NA,-16.371451,124.960909,Charnley River,Walcott Inlet,FALSE,2
Lates calcarifer,Gillnet,22/10/2019,BA191022-42,NA,459,1134,m,2,NA,-16.371451,124.960909,Charnley River,Walcott Inlet,FALSE,2
Lates calcarifer,Gillnet,22/10/2019,BA191022-43,NA,569,1898,m,2,NA,-16.371451,124.960909,Charnley River,Walcott Inlet,FALSE,2
Lates calcarifer,Gillnet,22/10/2019,BA191022-44,NA,523,1566,m,2,NA,-16.371451,124.960909,Charnley River,Walcott Inlet,FALSE,2
Lates calcarifer,Gillnet,22/10/2019,BA191022-45,NA,563,1846,m,2,NA,-16.371451,124.960909,Charnley River,Walcott Inlet,FALSE,2
Lates calcarifer,Gillnet,22/10/2019,BA191022-46,NA,613,2560,m,2,NA,-16.371451,124.960909,Charnley River,Walcott Inlet,FALSE,2
Lates calcarifer,Gillnet,22/10/2019,BA191022-47,NA,511,1446,m,2,NA,-16.371451,124.960909,Charnley River,Walcott Inlet,FALSE,2
Lates calcarifer,Gillnet,22/10/2019,BA191022-48,NA,518,1556,m,2,NA,-16.371451,124.960909,Charnley River,Walcott Inlet,FALSE,2
Lates calcarifer,Gillnet,22/10/2019,BA191022-49,NA,476,1336,m,2,NA,-16.371451,124.960909,Charnley River,Walcott Inlet,FALSE,2
Lates calcarifer,Gillnet,22/10/2019,BA191022-62,NA,881,6820,m,2,NA,-16.371435,124.961795,Charnley River,Walcott Inlet,TRUE,2
Lates calcarifer,Gillnet,22/10/2019,BA191022-73,WAF-012109,851,6890,m,2,NA,-16.371435,124.961795,Charnley River,Walcott Inlet,TRUE,2
Lates calcarifer,Gillnet,22/10/2019,BA191022-64,NA,848,6860,m,2,NA,-16.371435,124.961795,Charnley River,Walcott Inlet,TRUE,2
Lates calcarifer,Gillnet,22/10/2019,BA191022-60,NA,1109,17500,f,4,162,-16.371435,124.961795,Charnley River,Walcott Inlet,TRUE,2
Lates calcarifer,Gillnet,22/10/2019,BA191022-54,NA,795,5576,m,2,NA,-16.371435,124.961795,Charnley River,Walcott Inlet,TRUE,2
Lates calcarifer,Gillnet,22/10/2019,BA191022-65,NA,824,6180,m,2,NA,-16.371435,124.961795,Charnley River,Walcott Inlet,TRUE,2
Lates calcarifer,Gillnet,22/10/2019,BA191022-71,NA,620,2186,m,2,NA,-16.371435,124.961795,Charnley River,Walcott Inlet,TRUE,2
Lates calcarifer,Gillnet,22/10/2019,BA191022-57,NA,890,6840,m,2,NA,-16.371435,124.961795,Charnley River,Walcott Inlet,TRUE,2
Lates calcarifer,Gillnet,22/10/2019,BA191022-50,NA,1091,16400,f,4,166,-16.371435,124.961795,Charnley River,Walcott Inlet,TRUE,2
Lates calcarifer,Gillnet,22/10/2019,BA191022-63,NA,680,3578,m,2,NA,-16.371435,124.961795,Charnley River,Walcott Inlet,TRUE,2
Lates calcarifer,Gillnet,22/10/2019,BA191022-72,NA,624,2742,m,2,NA,-16.37161,124.962027,Charnley River,Walcott Inlet,TRUE,2
Lates calcarifer,Gillnet,22/10/2019,BA191022-70,NA,703,3426,t,2,NA,-16.37161,124.962027,Charnley River,Walcott Inlet,TRUE,2
Lates calcarifer,Gillnet,22/10/2019,NA,NA,754,NA,NA,NA,NA,-16.37161,124.962027,Charnley River,Walcott Inlet,TRUE,2
Lates calcarifer,Gillnet,22/10/2019,BA191022-82,NA,576,2102,m,2,NA,-16.37161,124.962027,Charnley River,Walcott Inlet,TRUE,2
Lates calcarifer,Gillnet,22/10/2019,BA191022-56,NA,774,5460,m,2,NA,-16.37161,124.962027,Charnley River,Walcott Inlet,TRUE,2
Lates calcarifer,Gillnet,22/10/2019,BA191022-91,NA,590,2108,m,2,NA,-16.37161,124.962027,Charnley River,Walcott Inlet,TRUE,2
Lates calcarifer,Gillnet,22/10/2019,BA191022-92,NA,565,1806,m,2,NA,-16.37161,124.962027,Charnley River,Walcott Inlet,TRUE,2
Lates calcarifer,Gillnet,22/10/2019,BA191022-79,NA,795,5886,m,2,NA,-16.37161,124.962027,Charnley River,Walcott Inlet,TRUE,2
Lates calcarifer,Gillnet,22/10/2019,BA191022-95,NA,600,2382,m,2,NA,-16.37161,124.962027,Charnley River,Walcott Inlet,TRUE,2
Lates calcarifer,Gillnet,22/10/2019,BA191022-66,NA,602,2400,m,2,NA,-16.37161,124.962027,Charnley River,Walcott Inlet,TRUE,2
Lates calcarifer,Gillnet,22/10/2019,BA191022-59,NA,626,2578,m,2,NA,-16.37161,124.962027,Charnley River,Walcott Inlet,TRUE,2
Lates calcarifer,Gillnet,22/10/2019,BA191022-58,NA,1078,16000,f,4,340,-16.373339,124.955196,Charnley River,Walcott Inlet,TRUE,0
Lates calcarifer,Gillnet,22/10/2019,BA191022-96,NA,1049,13780,f,4,80,-16.373339,124.955196,Charnley River,Walcott Inlet,TRUE,2
Lates calcarifer,Gillnet,22/10/2019,BA191022-75,NA,911,8975,f,2,46,-16.372721,124.954966,Charnley River,Walcott Inlet,TRUE,2
Lates calcarifer,Gillnet,22/10/2019,BA191022-78,NA,800,5222,m,2,NA,-16.372721,124.954966,Charnley River,Walcott Inlet,TRUE,2
Lates calcarifer,Gillnet,22/10/2019,BA191022-76,NA,585,2268,m,2,NA,-16.372721,124.954966,Charnley River,Walcott Inlet,TRUE,2
Lates calcarifer,Gillnet,22/10/2019,BA191022-77,NA,604,2086,m,2,NA,-16.372721,124.954966,Charnley River,Walcott Inlet,TRUE,2
Lates calcarifer,Gillnet,22/10/2019,BA191022-61,NA,631,2774,m,2,NA,-16.372721,124.954966,Charnley River,Walcott Inlet,TRUE,2
Lates calcarifer,Gillnet,22/10/2019,BA191022-51,NA,545,1700,m,2,NA,-16.372844,124.953615,Charnley River,Walcott Inlet,TRUE,2
Lates calcarifer,Gillnet,22/10/2019,BA191022-80,NA,580,2108,m,2,NA,-16.372844,124.953615,Charnley River,Walcott Inlet,TRUE,2
Lates calcarifer,Gillnet,22/10/2019,BA191022-93,NA,525,1618,m,2,NA,-16.372844,124.953615,Charnley River,Walcott Inlet,TRUE,2
Lates calcarifer,Gillnet,22/10/2019,BA191022-81,NA,565,1746,m,2,NA,-16.372844,124.953615,Charnley River,Walcott Inlet,TRUE,2
Lates calcarifer,Gillnet,22/10/2019,BA191022-55,NA,510,1342,m,2,NA,-16.372844,124.953615,Charnley River,Walcott Inlet,TRUE,2
Lates calcarifer,Gillnet,22/10/2019,BA191022-90,NA,530,1646,m,2,NA,-16.372844,124.953615,Charnley River,Walcott Inlet,TRUE,2
Lates calcarifer,Gillnet,23/10/2019,BA191023-04,NA,671,3270,m,2,NA,-16.390732,124.916359,Charnley River,Walcott Inlet,FALSE,2
Lates calcarifer,Gillnet,23/10/2019,BA191023-02,NA,850,6940,f,2,24,-16.390732,124.916359,Charnley River,Walcott Inlet,FALSE,2
Lates calcarifer,Gillnet,23/10/2019,BA191023-05,NA,841,6810,m,4,NA,-16.390732,124.916359,Charnley River,Walcott Inlet,FALSE,2
Lates calcarifer,Gillnet,23/10/2019,BA191023-01,NA,660,3184,m,2,NA,-16.390732,124.916359,Charnley River,Walcott Inlet,FALSE,2
Lates calcarifer,Gillnet,23/10/2019,BA191023-03,NA,709,3538,m,2,NA,-16.394153,124.917151,Charnley River,Walcott Inlet,FALSE,2
Lates calcarifer,Gillnet,23/10/2019,BA191023-09,NA,880,6990,f,2,24,-16.396393,124.914419,Charnley River,Walcott Inlet,FALSE,2
Lates calcarifer,Line,23/10/2019,BA191023-08,NA,595,2270,m,2,NA,-16.373263,124.955376,Charnley River,Walcott Inlet,FALSE,2
Lates calcarifer,Line,23/10/2019,BA191023-07,NA,575,2254,m,2,NA,-16.373263,124.955376,Charnley River,Walcott Inlet,FALSE,2
Lates calcarifer,Line,23/10/2019,BA191023-06,NA,870,7105,f,2,40,-16.373263,124.955376,Charnley River,Walcott Inlet,FALSE,2
Lates calcarifer,Gillnet,24/10/2019,BA191024-13,NA,694,3766,m,4,NA,-16.506309,124.84156,Isdell River,Walcott Inlet,FALSE,2
Lates calcarifer,Gillnet,24/10/2019,BA191024-11,NA,1052,12975,f,2,110,-16.506309,124.84156,Isdell River,Walcott Inlet,FALSE,2
Lates calcarifer,Gillnet,24/10/2019,BA191024-08,NA,644,2954,m,2,NA,-16.503892,124.837639,Isdell River,Walcott Inlet,FALSE,2
Lates calcarifer,Gillnet,24/10/2019,BA191024-01,NA,670,3478,m,2,NA,-16.503892,124.837639,Isdell River,Walcott Inlet,FALSE,2
Lates calcarifer,Gillnet,24/10/2019,BA191024-12,NA,610,2586,m,2,NA,-16.503892,124.837639,Isdell River,Walcott Inlet,FALSE,2
Lates calcarifer,Gillnet,24/10/2019,BA191024-05,NA,800,6158,f,2,35,-16.503892,124.837639,Isdell River,Walcott Inlet,FALSE,2
Lates calcarifer,Gillnet,24/10/2019,BA191024-06,NA,584,2350,m,2,NA,-16.501132,124.834768,Isdell River,Walcott Inlet,FALSE,2
Lates calcarifer,Gillnet,24/10/2019,BA191024-09,NA,622,2612,m,2,NA,-16.501132,124.834768,Isdell River,Walcott Inlet,FALSE,2
Lates calcarifer,Gillnet,24/10/2019,BA191024-03,NA,499,1420,m,2,NA,-16.491278,124.831587,Isdell River,Walcott Inlet,FALSE,2
Lates calcarifer,Gillnet,24/10/2019,BA191024-10,NA,1021,12180,f,2,74,-16.491278,124.831587,Isdell River,Walcott Inlet,FALSE,1
Lates calcarifer,Gillnet,24/10/2019,BA191024-02,NA,535,1882,m,2,NA,-16.491278,124.831587,Isdell River,Walcott Inlet,FALSE,2
Lates calcarifer,Line,24/10/2019,BA191024-04,NA,892,7470,m,4,NA,-16.373263,124.955376,Charnley River,Walcott Inlet,FALSE,2
Lates calcarifer,Line,24/10/2019,BA191024-07,NA,777,5082,m,4,NA,-16.373263,124.955376,Charnley River,Walcott Inlet,FALSE,2
Lates calcarifer,Gillnet,25/10/2019,BA191025-03,NA,1085,14100,f,2,66,-16.373803,124.95324,Charnley River,Walcott Inlet,FALSE,2
Lates calcarifer,Gillnet,25/10/2019,BA191025-01,NA,1071,17300,f,4,238,-16.373803,124.95324,Charnley River,Walcott Inlet,FALSE,2
Lates calcarifer,Gillnet,25/10/2019,BA191025-02,NA,995,12600,f,4,126,-16.376178,124.951026,Charnley River,Walcott Inlet,FALSE,2
Lates calcarifer,Gillnet,31/10/2020,BA201031-6,NA,858,7245,f,4,444,-15.321057,125.155108,Spitfire Creek,St George Basin,TRUE,2
Lates calcarifer,Gillnet,31/10/2020,BA201031-3,NA,790,5462,m,4,43,-15.321617,125.155083,Spitfire Creek,St George Basin,TRUE,2
Lates calcarifer,Gillnet,31/10/2020,BA201031-8,NA,NA,NA,f,4,604,-15.321385,125.154811,Spitfire Creek,St George Basin,TRUE,2
Lates calcarifer,Gillnet,31/10/2020,BA201031-5,NA,824,6450,m,4,80,-15.322436,125.154072,Spitfire Creek,St George Basin,TRUE,2
Lates calcarifer,Gillnet,31/10/2020,BA201031-1,NA,815,6935,f,4,336,-15.3239,125.155825,Spitfire Creek,St George Basin,TRUE,2
Lates calcarifer,Gillnet,31/10/2020,BA201031-10,NA,874,7390,f,4,326,-15.3239,125.155825,Spitfire Creek,St George Basin,TRUE,2
Lates calcarifer,Gillnet,31/10/2020,BA201031-2,NA,862,7520,f,4,470,-15.3239,125.155825,Spitfire Creek,St George Basin,TRUE,2
Lates calcarifer,Gillnet,31/10/2020,BA201031-4,NA,795,6390,f,4,376,-15.3239,125.155825,Spitfire Creek,St George Basin,TRUE,2
Lates calcarifer,Gillnet,31/10/2020,BA201031-7,NA,789,5680,m,4,28,-15.3239,125.155825,Spitfire Creek,St George Basin,TRUE,2
Lates calcarifer,Gillnet,31/10/2020,BA201031-9,NA,898,9575,f,4,832,-15.322703,125.149901,Spitfire Creek,St George Basin,TRUE,1
Lates calcarifer,Line,1/11/2020,BA201101-1,NA,883,7800,f,4,328,-15.335708,125.126461,Spitfire Creek,St George Basin,TRUE,2
Lates calcarifer,Gillnet,1/11/2020,BA201101-8,NA,722,4434,m,4,36,-15.298565,125.103767,Mt Trafalgar Creek,St George Basin,TRUE,2
Lates calcarifer,Gillnet,1/11/2020,BA201101-2,NA,736,4462,m,4,54,-15.298565,125.103767,Mt Trafalgar Creek,St George Basin,TRUE,2
Lates calcarifer,Gillnet,1/11/2020,BA201101-9,NA,725,4504,m,4,38,-15.298565,125.103767,Mt Trafalgar Creek,St George Basin,TRUE,2
Lates calcarifer,Gillnet,1/11/2020,BA201101-11,NA,818,6425,f,4,328,-15.298565,125.103767,Mt Trafalgar Creek,St George Basin,TRUE,2
Lates calcarifer,Gillnet,1/11/2020,BA201101-7,NA,758,5412,m,4,36,-15.296228,125.09391,Mt Trafalgar Creek,St George Basin,TRUE,2
Lates calcarifer,Gillnet,1/11/2020,BA201101-3,NA,716,4242,m,4,10,-15.296228,125.09391,Mt Trafalgar Creek,St George Basin,TRUE,2
Lates calcarifer,Gillnet,1/11/2020,BA201101-5,NA,872,7340,f,4,178,-15.289796,125.093768,Mt Trafalgar Creek,St George Basin,TRUE,2
Lates calcarifer,Gillnet,1/11/2020,BA201101-4,NA,795,6125,f,4,252,-15.289744,125.088697,Mt Trafalgar Creek,St George Basin,TRUE,2
Lates calcarifer,Gillnet,1/11/2020,NA,NA,770,5348,m,4,32,-15.289744,125.088697,Mt Trafalgar Creek,St George Basin,FALSE,0
Lates calcarifer,Gillnet,1/11/2020,NA,NA,685,3564,m,2,8,-15.289744,125.088697,Mt Trafalgar Creek,St George Basin,FALSE,0
Lates calcarifer,Gillnet,1/11/2020,BA201101-1,NA,NA,NA,m,4,56,-15.289174,125.091816,Mt Trafalgar Creek,St George Basin,TRUE,2
Lates calcarifer,Gillnet,1/11/2020,BA201101-10,NA,748,4806,m,4,52,-15.29919,125.103216,Mt Trafalgar Creek,St George Basin,TRUE,2
Lates calcarifer,Gillnet,1/11/2020,BA201101-6,NA,714,3784,m,2,6,-15.29919,125.103216,Mt Trafalgar Creek,St George Basin,TRUE,2
Lates calcarifer,Line,2/11/2020,BA201102-3,NA,762,4834,m,4,40,-15.474225,125.004367,St George Basin South,St George Basin,TRUE,2
Lates calcarifer,Line,2/11/2020,BA201102-1,NA,717,4124,m,4,20,-15.474225,125.004367,St George Basin South,St George Basin,TRUE,2
Lates calcarifer,Line,2/11/2020,BA201102-2,NA,740,4602,m,4,24,-15.474225,125.004367,St George Basin South,St George Basin,TRUE,2
Lates calcarifer,Gillnet,2/11/2020,BA201102-4,NA,868,7555,f,4,228,-15.475197,125.010626,St George Basin South,St George Basin,TRUE,2
Lates calcarifer,Gillnet,2/11/2020,BA201102-10,NA,870,8185,f,4,584,-15.475197,125.010626,St George Basin South,St George Basin,TRUE,2
Lates calcarifer,Gillnet,2/11/2020,BA201102-14,NA,825,6035,f,4,300,-15.473451,125.010425,St George Basin South,St George Basin,TRUE,2
Lates calcarifer,Gillnet,2/11/2020,BA201102-12,NA,740,4340,m,4,22,-15.472169,125.008569,St George Basin South,St George Basin,TRUE,2
Lates calcarifer,Gillnet,2/11/2020,BA201102-5,NA,746,4666,m,4,38,-15.472169,125.008569,St George Basin South,St George Basin,TRUE,2
Lates calcarifer,Gillnet,2/11/2020,BA201102-16,NA,729,4486,m,4,26,-15.472169,125.008569,St George Basin South,St George Basin,TRUE,2
Lates calcarifer,Gillnet,2/11/2020,BA201102-13,NA,795,5826,f,4,286,-15.472169,125.008569,St George Basin South,St George Basin,TRUE,2
Lates calcarifer,Gillnet,2/11/2020,BA201102-7,NA,719,4064,m,4,30,-15.472169,125.008569,St George Basin South,St George Basin,TRUE,2
Lates calcarifer,Gillnet,2/11/2020,BA201102-9,NA,762,4754,m,4,42,-15.472453,125.009409,St George Basin South,St George Basin,TRUE,2
Lates calcarifer,Gillnet,2/11/2020,BA201102-15,NA,900,8970,f,4,534,-15.47229,125.009346,St George Basin South,St George Basin,TRUE,2
Lates calcarifer,Gillnet,2/11/2020,BA201102-6,NA,700,3784,m,4,28,-15.47229,125.009346,St George Basin South,St George Basin,TRUE,2
Lates calcarifer,Gillnet,2/11/2020,BA201102-11,NA,635,2858,m,4,6,-15.47229,125.009346,St George Basin South,St George Basin,TRUE,2
Lates calcarifer,Gillnet,2/11/2020,BA201102-8,NA,854,7220,f,4,324,-15.479325,125.024111,St George Basin South,St George Basin,TRUE,2
Lates calcarifer,Gillnet,3/11/2020,BA201103-1,NA,783,5962,f,4,330,-15.465227,125.01112,St George Basin South,St George Basin,TRUE,2
Lates calcarifer,Gillnet,3/11/2020,BA201103-2,NA,738,4492,m,4,26,-15.46469,125.011782,St George Basin South,St George Basin,TRUE,2
Lates calcarifer,Gillnet,3/11/2020,BA201103-3,NA,744,4432,m,4,32,-15.46469,125.011782,St George Basin South,St George Basin,TRUE,2
Lates calcarifer,Gillnet,4/11/2020,BA201104-5,NA,763,5036,m,2,3.7,-15.67098,125.382051,Prince Regent Rockbar,St George Basin,TRUE,2
Lates calcarifer,Gillnet,4/11/2020,BA201104-1,NA,698,4016,m,2,NA,-15.674892,125.392499,Prince Regent Rockbar,St George Basin,TRUE,2
Lates calcarifer,Gillnet,4/11/2020,BA201104-2,NA,650,3272,m,2,2,-15.673569,125.3907,Prince Regent Rockbar,St George Basin,TRUE,2
Lates calcarifer,Gillnet,4/11/2020,BA201104-4,NA,751,4552,m,4,4,-15.673569,125.3907,Prince Regent Rockbar,St George Basin,TRUE,2
Lates calcarifer,Gillnet,4/11/2020,BA201104-7,NA,668,3428,m,4,6,-15.673569,125.3907,Prince Regent Rockbar,St George Basin,TRUE,2
Lates calcarifer,Gillnet,4/11/2020,BA201104-3,NA,718,NA,NA,NA,NA,-15.673569,125.3907,Prince Regent Rockbar,St George Basin,TRUE,2
Lates calcarifer,Gillnet,4/11/2020,BA201104-6,NA,647,3026,m,4,4.66,-15.673569,125.3907,Prince Regent Rockbar,St George Basin,TRUE,2
Lates calcarifer,Gillnet,6/11/2020,BA201106-4,NA,716,4350,m,2,6,-15.505684,125.045512,St George Basin South,St George Basin,TRUE,2
Lates calcarifer,Gillnet,6/11/2020,BA201106-1,NA,716,4072,m,4,6,-15.505684,125.045512,St George Basin South,St George Basin,TRUE,2
Lates calcarifer,Gillnet,6/11/2020,BA201106-3,NA,695,3770,m,4,10,-15.513937,125.058667,St George Basin South,St George Basin,TRUE,2
Lates calcarifer,Gillnet,6/11/2020,BA201106-2,NA,902,9165,f,6,124,-15.509511,125.057143,St George Basin South,St George Basin,TRUE,2
Lates calcarifer,Gillnet,6/11/2020,BA201106-6,NA,1009,11700,f,2,170,-15.186481,124.883136,Wellington Bay,Wellington Bay,FALSE,2
Lates calcarifer,Gillnet,6/11/2020,BA201106-5,NA,699,3996,m,2,NA,-15.171454,124.895947,Wellington Bay,Wellington Bay,FALSE,2
Lates calcarifer,Gillnet,8/11/2020,BA201108-1,NA,705,3744,m,2,3.05,-16.182154,124.464936,Eagle Creek,Eagle Creek,TRUE,2
Lates calcarifer,Gillnet,8/11/2020,BA201108-2,NA,645,3392,m,4,8.02,-16.16572,124.456355,Eagle Creek,Eagle Creek,TRUE,2
Lates calcarifer,Gillnet,8/11/2020,BA201108-3,NA,793,5210,f,2,49.4,-16.16572,124.456355,Eagle Creek,Eagle Creek,TRUE,2
Lates calcarifer,Gillnet,8/11/2020,BA201108-4,NA,837,6520,f,2,83.06,-16.155887,124.4644,Eagle Creek,Eagle Creek,TRUE,2
Lates calcarifer,Gillnet,10/11/2020,BA201110-6,WAF-013309,836,7195,f,2,83.5,-16.580917,124.434908,South Creek,Secure Bay,TRUE,2
Lates calcarifer,Gillnet,10/11/2020,BA201110-9,WAF-013791,751,4648,m,4,4.6,-16.58076,124.438931,South Creek,Secure Bay,TRUE,2
Lates calcarifer,Gillnet,10/11/2020,BA201110-11,WAF-013301,687,3810,m,4,NA,-16.580838,124.439433,South Creek,Secure Bay,TRUE,2
Lates calcarifer,Gillnet,10/11/2020,BA201110-7,WAF-013787,762,4984,m,4,15.56,-16.580838,124.439433,South Creek,Secure Bay,TRUE,2
Lates calcarifer,Gillnet,10/11/2020,BA201110-3,WAF-008560,583,2162,m,4,NA,-16.580838,124.439433,South Creek,Secure Bay,TRUE,2
Lates calcarifer,Gillnet,10/11/2020,BA201110-5,WAF-008555,731,4064,m,2,4.99,-16.580838,124.439433,South Creek,Secure Bay,TRUE,2
Lates calcarifer,Gillnet,10/11/2020,BA201110-2,WAF-008564,819,6240,f,2,61.5,-16.580554,124.437448,South Creek,Secure Bay,TRUE,2
Lates calcarifer,Gillnet,10/11/2020,BA201110-4,WAF-012112,670,3284,m,4,4.08,-16.580554,124.437448,South Creek,Secure Bay,TRUE,2
Lates calcarifer,Gillnet,10/11/2020,BA201110-1,NA,720,4096,m,4,3.95,-16.578499,124.438165,South Creek,Secure Bay,TRUE,2
Lates calcarifer,Gillnet,10/11/2020,BA201110-8,WAF-012110,623,2694,m,2,1.05,-16.578499,124.438165,South Creek,Secure Bay,TRUE,2
Lates calcarifer,Line,10/11/2020,BA201110-10,WAF-013302,620,2730,m,2,NA,-16.575445,124.432659,South Creek,Secure Bay,TRUE,2
Lates calcarifer,Line,11/11/2020,BA201111-11,WAF-008563,625,2670,m,4,7.67,-16.4961,124.48696,Hope Creek,Secure Bay,TRUE,2
Lates calcarifer,Line,11/11/2020,BA201111-5,WAF-013305,542,1724,m,2,0.69,-16.4961,124.48696,Hope Creek,Secure Bay,TRUE,2
Lates calcarifer,Line,11/11/2020,BA201111-1,NA,611,2620,m,4,NA,-16.4961,124.48696,Hope Creek,Secure Bay,TRUE,2
Lates calcarifer,Line,11/11/2020,BA201111-29,WAF-013308,674,3374,m,2,NA,-16.4961,124.48696,Hope Creek,Secure Bay,FALSE,2
Lates calcarifer,Line,11/11/2020,BA201111-30,NA,617,2648,m,4,NA,-16.4961,124.48696,Hope Creek,Secure Bay,FALSE,2
Lates calcarifer,Line,11/11/2020,BA201111-25,NA,650,3054,m,2,NA,-16.4961,124.48696,Hope Creek,Secure Bay,TRUE,2
Lates calcarifer,Line,11/11/2020,BA201111-17,NA,700,3802,m,4,NA,-16.4961,124.48696,Hope Creek,Secure Bay,TRUE,2
Lates calcarifer,Gillnet,11/11/2020,BA201111-7,WAF-013313,968,11420,f,4,158,-16.502336,124.502895,Hope Creek,Secure Bay,TRUE,2
Lates calcarifer,Gillnet,11/11/2020,BA201111-13,NA,750,5128,m,2,NA,-16.502336,124.502895,Hope Creek,Secure Bay,TRUE,2
Lates calcarifer,Gillnet,11/11/2020,BA201111-9,WAF-012114,820,6985,m,4,NA,-16.502336,124.502895,Hope Creek,Secure Bay,TRUE,2
Lates calcarifer,Gillnet,11/11/2020,BA201111-15,NA,665,3188,m,4,NA,-16.502336,124.502895,Hope Creek,Secure Bay,TRUE,2
Lates calcarifer,Gillnet,11/11/2020,BA201111-24,NA,659,3320,m,4,NA,-16.502336,124.502895,Hope Creek,Secure Bay,TRUE,2
Lates calcarifer,Gillnet,11/11/2020,BA201111-18,NA,820,5902,m,4,26,-16.505552,124.49736,Hope Creek,Secure Bay,TRUE,2
Lates calcarifer,Gillnet,11/11/2020,BA201111-22,WAF-008559,625,2684,m,2,NA,-16.505552,124.49736,Hope Creek,Secure Bay,TRUE,2
Lates calcarifer,Gillnet,11/11/2020,BA201111-3,WAF-013303,643,3128,m,2,NA,-16.505552,124.49736,Hope Creek,Secure Bay,TRUE,2
Lates calcarifer,Gillnet,11/11/2020,BA201111-2,NA,615,2586,m,2,NA,-16.505552,124.49736,Hope Creek,Secure Bay,TRUE,2
Lates calcarifer,Gillnet,11/11/2020,BA201111-27,NA,802,5748,m,4,NA,-16.505552,124.49736,Hope Creek,Secure Bay,FALSE,2
Lates calcarifer,Gillnet,11/11/2020,BA201111-19,NA,747,4536,m,2,NA,-16.505552,124.49736,Hope Creek,Secure Bay,TRUE,2
Lates calcarifer,Gillnet,11/11/2020,BA201111-21,WAF-013300,595,2176,m,2,NA,-16.506237,124.497719,Hope Creek,Secure Bay,TRUE,2
Lates calcarifer,Gillnet,11/11/2020,BA201111-8,WAF-012111,690,3436,m,4,NA,-16.506859,124.496687,Hope Creek,Secure Bay,TRUE,2
Lates calcarifer,Gillnet,11/11/2020,BA201111-14,NA,660,3144,m,2,NA,-16.506859,124.496687,Hope Creek,Secure Bay,TRUE,2
Lates calcarifer,Gillnet,11/11/2020,BA201111-28,NA,697,3682,m,4,NA,-16.506859,124.496687,Hope Creek,Secure Bay,FALSE,2
Lates calcarifer,Gillnet,11/11/2020,BA201111-24,NA,680,3522,m,2,4.17,-16.505552,124.49736,Hope Creek,Secure Bay,TRUE,2
Lates calcarifer,Gillnet,11/11/2020,BA201111-4,WAF-008554,652,2998,m,2,4.1,-16.505552,124.49736,Hope Creek,Secure Bay,TRUE,2
Lates calcarifer,Gillnet,11/11/2020,BA201111-12,NA,688,3640,m,2,2.8,-16.505552,124.49736,Hope Creek,Secure Bay,TRUE,2
Lates calcarifer,Gillnet,11/11/2020,BA201111-16,NA,683,3846,m,4,6.3,-16.505552,124.49736,Hope Creek,Secure Bay,TRUE,2
Lates calcarifer,Gillnet,11/11/2020,BA201111-23,NA,692,3628,m,2,1.7,-16.507505,124.498385,Hope Creek,Secure Bay,FALSE,2
Lates calcarifer,Gillnet,11/11/2020,BA201111-20,WAF-013790,712,4200,m,2,2.41,-16.507505,124.498385,Hope Creek,Secure Bay,TRUE,2
Lates calcarifer,Gillnet,11/11/2020,BA201111-26,NA,649,3010,m,4,1.98,-16.506859,124.496687,Hope Creek,Secure Bay,FALSE,2
Lates calcarifer,Gillnet,11/11/2020,BA201111-10,WAF-012113,660,3118,m,2,1.1,-16.506859,124.496687,Hope Creek,Secure Bay,TRUE,2
Lates calcarifer,Line,12/11/2020,BA201112-12,NA,559,1922,m,2,NA,-16.4961,124.48696,Hope Creek,Secure Bay,TRUE,2
Lates calcarifer,Line,12/11/2020,BA201112-14,NA,650,2880,m,2,NA,-16.4961,124.48696,Hope Creek,Secure Bay,FALSE,2
Lates calcarifer,Line,12/11/2020,BA201112-11,NA,683,3370,m,4,9.95,-16.4961,124.48696,Hope Creek,Secure Bay,FALSE,2
Lates calcarifer,Gillnet,12/11/2020,BA201112-5,NA,735,4208,m,4,NA,-16.544919,124.50033,Humbert Creek,Secure Bay,FALSE,2
Lates calcarifer,Gillnet,12/11/2020,BA201112-7,NA,689,3564,m,4,NA,-16.544919,124.50033,Humbert Creek,Secure Bay,FALSE,2
Lates calcarifer,Gillnet,12/11/2020,BA201112-13,NA,739,4460,m,4,NA,-16.544919,124.50033,Humbert Creek,Secure Bay,FALSE,2
Lates calcarifer,Gillnet,12/11/2020,BA201112-22,NA,673,3296,m,2,NA,-16.544919,124.50033,Humbert Creek,Secure Bay,FALSE,2
Lates calcarifer,Gillnet,12/11/2020,BA201112-8,NA,710,4072,m,4,NA,-16.544919,124.50033,Humbert Creek,Secure Bay,FALSE,2
Lates calcarifer,Gillnet,12/11/2020,BA201112-17,NA,793,5516,m,4,NA,-16.544919,124.50033,Humbert Creek,Secure Bay,FALSE,2
Lates calcarifer,Gillnet,12/11/2020,BA201112-19,NA,684,3702,m,4,NA,-16.544919,124.50033,Humbert Creek,Secure Bay,FALSE,2
Lates calcarifer,Gillnet,12/11/2020,BA201112-21,NA,NA,3090,m,2,NA,-16.544919,124.50033,Humbert Creek,Secure Bay,FALSE,2
Lates calcarifer,Gillnet,12/11/2020,BA201112-18,NA,685,3306,m,4,NA,-16.544919,124.50033,Humbert Creek,Secure Bay,FALSE,2
Lates calcarifer,Gillnet,12/11/2020,BA201112-9,NA,788,5778,f,4,72,-16.544665,124.500449,Humbert Creek,Secure Bay,FALSE,2
Lates calcarifer,Gillnet,12/11/2020,BA201112-10,NA,620,2728,m,2,NA,-16.543478,124.498742,Humbert Creek,Secure Bay,TRUE,2
Lates calcarifer,Gillnet,12/11/2020,BA201112-4,NA,695,3614,m,4,NA,-16.543478,124.498742,Humbert Creek,Secure Bay,FALSE,2
Lates calcarifer,Gillnet,12/11/2020,NA,NA,621,2910,m,4,NA,-16.543478,124.498742,Humbert Creek,Secure Bay,FALSE,2
Lates calcarifer,Gillnet,12/11/2020,BA201112-2,NA,732,4244,m,4,NA,-16.543478,124.498742,Humbert Creek,Secure Bay,TRUE,2
Lates calcarifer,Gillnet,12/11/2020,BA201112-6,NA,690,3704,m,4,NA,-16.543478,124.498742,Humbert Creek,Secure Bay,FALSE,2
Lates calcarifer,Gillnet,12/11/2020,BA201112-16,NA,800,6280,f,2,32,-16.546682,124.505919,Humbert Creek,Secure Bay,FALSE,2
Lates calcarifer,Gillnet,12/11/2020,BA201112-15,NA,1056,11435,f,4,186,-16.546682,124.505919,Humbert Creek,Secure Bay,FALSE,2
Lates calcarifer,Gillnet,12/11/2020,BA201112-3,NA,700,3790,m,2,NA,-16.546208,124.503704,Humbert Creek,Secure Bay,TRUE,2
Lates calcarifer,Gillnet,12/11/2020,BA201112-1,NA,342,488,m,1,0.01,-16.543447,124.497748,Humbert Creek,Secure Bay,TRUE,2
Lates calcarifer,Gillnet,12/11/2020,BA201112-20,NA,709,4128,f,4,84,-16.538513,124.495093,Humbert Creek,Secure Bay,FALSE,2
Lates calcarifer,Gillnet,13/11/2020,BA201113-10,NA,671,3532,m,2,NA,-16.323179,123.838297,Manta Ray Cove,Talbot Bay,TRUE,2
Lates calcarifer,Gillnet,13/11/2020,BA201113-7,NA,790,6190,m,2,NA,-16.323179,123.838297,Manta Ray Cove,Talbot Bay,TRUE,2
Lates calcarifer,Gillnet,13/11/2020,BA201113-13,NA,710,4004,m,2,NA,-16.323179,123.838297,Manta Ray Cove,Talbot Bay,TRUE,2
Lates calcarifer,Gillnet,13/11/2020,BA201113-3,NA,726,4156,m,4,NA,-16.323179,123.838297,Manta Ray Cove,Talbot Bay,TRUE,2
Lates calcarifer,Gillnet,13/11/2020,BA201113-6,NA,676,3416,m,2,NA,-16.323179,123.838297,Manta Ray Cove,Talbot Bay,TRUE,2
Lates calcarifer,Gillnet,13/11/2020,BA201113-5,NA,721,4146,m,2,NA,-16.323179,123.838297,Manta Ray Cove,Talbot Bay,TRUE,2
Lates calcarifer,Gillnet,13/11/2020,BA201113-2,NA,691,3404,m,2,NA,-16.321434,123.835858,Manta Ray Cove,Talbot Bay,TRUE,2
Lates calcarifer,Gillnet,13/11/2020,BA201113-8,NA,639,2882,m,2,NA,-16.321434,123.835858,Manta Ray Cove,Talbot Bay,TRUE,2
Lates calcarifer,Gillnet,13/11/2020,BA201113-11,NA,685,3506,m,2,NA,-16.321434,123.835858,Manta Ray Cove,Talbot Bay,TRUE,2
Lates calcarifer,Gillnet,13/11/2020,BA201113-15,NA,735,4594,m,2,NA,-16.321434,123.835858,Manta Ray Cove,Talbot Bay,TRUE,2
Lates calcarifer,Gillnet,13/11/2020,BA201113-12,NA,643,2756,m,2,NA,-16.321434,123.835858,Manta Ray Cove,Talbot Bay,TRUE,2
Lates calcarifer,Gillnet,13/11/2020,BA201113-1,NA,764,4428,m,2,NA,-16.321434,123.835858,Manta Ray Cove,Talbot Bay,TRUE,2
Lates calcarifer,Gillnet,13/11/2020,BA201113-9,NA,688,3694,m,2,NA,-16.321434,123.835858,Manta Ray Cove,Talbot Bay,TRUE,2
Lates calcarifer,Gillnet,13/11/2020,BA320113-14,NA,831,6680,m,4,NA,-16.320001,123.834202,Manta Ray Cove,Talbot Bay,TRUE,2
Lates calcarifer,Gillnet,13/11/2020,BA201113-4,NA,696,3364,m,2,NA,-16.332362,123.820746,Manta Ray Cove,Talbot Bay,TRUE,2
Lates calcarifer,Gillnet,4/12/2020,BA201204-1,NA,737,NA,f,4,190.2,-18.656795,121.782707,Jabalu Beach,Lagrange Bay,TRUE,2
Lates calcarifer,Gillnet,27/5/2021,BA210527-1,WAF-012148,766,5706,f,2,47.48,-18.627208,121.785221,Mud Creek,Lagrange Bay,TRUE,2
Lates calcarifer,Gillnet,27/5/2021,BA210527-2,WAF-012143,596,2642.5,m,2,3.56,-18.627208,121.785221,Mud Creek,Lagrange Bay,TRUE,2
Lates calcarifer,Gillnet,27/5/2021,BA210527-3,WAF-012153,562,2077.5,m,2,1.29,-18.627208,121.785221,Mud Creek,Lagrange Bay,TRUE,2
Lates calcarifer,Gillnet,27/5/2021,BA210527-4,WAF-012138,770,5708,f,4,95.93,-18.627208,121.785221,Mud Creek,Lagrange Bay,TRUE,2
Lates calcarifer,Gillnet,23/6/2021,BA210623-9,WAF-012147,698,3622,f,2,8.44,-16.5201,123.675357,Cone Bay Creek,Cone Bay,TRUE,2
Lates calcarifer,Gillnet,23/6/2021,BA210623-1,WAF-012149,516,1407,m,2,NA,-16.51989,123.675547,Cone Bay Creek,Cone Bay,TRUE,2
Lates calcarifer,Gillnet,23/6/2021,BA210623-2,WAF-012154,517,1603,m,2,0.86,-16.51989,123.675547,Cone Bay Creek,Cone Bay,TRUE,2
Lates calcarifer,Gillnet,23/6/2021,BA210623-16,WAF-012155,474,1073,m,2,0.2,-16.51989,123.675547,Cone Bay Creek,Cone Bay,TRUE,2
Lates calcarifer,Gillnet,23/6/2021,BA210623-15,WAF-012125,475,1181,m,1,NA,-16.51989,123.675547,Cone Bay Creek,Cone Bay,TRUE,2
Lates calcarifer,Gillnet,23/6/2021,BA210623-12,WAF-012126,527,1493,m,2,0.22,-16.51989,123.675547,Cone Bay Creek,Cone Bay,TRUE,2
Lates calcarifer,Gillnet,23/6/2021,BA210623-14,WAF-012131,429,900,m,1,NA,-16.51989,123.675547,Cone Bay Creek,Cone Bay,TRUE,2
Lates calcarifer,Gillnet,23/6/2021,BA210623-13,WAF-012121,531,1655,m,2,NA,-16.51989,123.675547,Cone Bay Creek,Cone Bay,TRUE,2
Lates calcarifer,Gillnet,23/6/2021,BA210623-11,WAF-012102,511,1558,f,2,4.3,-16.51989,123.675547,Cone Bay Creek,Cone Bay,TRUE,2
Lates calcarifer,Gillnet,23/6/2021,BA210623-10,WAF-012116,657,3298,m,2,1.8,-16.522732,123.676268,Cone Bay Creek,Cone Bay,TRUE,2
Lates calcarifer,Gillnet,23/6/2021,BA210623-17,NA,452,1040,m,1,NA,-16.524539,123.677022,Cone Bay Creek,Cone Bay,TRUE,2
Lates calcarifer,Gillnet,23/6/2021,BA210623-18,NA,503,1364,m,1,NA,-16.524539,123.677022,Cone Bay Creek,Cone Bay,TRUE,2
Lates calcarifer,Line,23/6/2021,BA210623-7,WAF-012133,468,1057,m,1,NA,-16.528747,123.657578,Cone Bay Creek,Cone Bay,TRUE,2
Lates calcarifer,Line,23/6/2021,BA210623-4,WAF-012118,525,1690,m,2,0.29,-16.528747,123.657578,Cone Bay Creek,Cone Bay,TRUE,2
Lates calcarifer,Line,23/6/2021,BA210623-6,WAF-012128,499,1552,m,1,NA,-16.528747,123.657578,Cone Bay Creek,Cone Bay,TRUE,2
Lates calcarifer,Line,23/6/2021,BA210623-8,WAF-012144,547,NA,m,2,NA,-16.528747,123.657578,Cone Bay Creek,Cone Bay,TRUE,2
Lates calcarifer,Line,23/6/2021,BA210623-5,WAF-012123,490,1322,m,1,NA,-16.528747,123.657578,Cone Bay Creek,Cone Bay,TRUE,2
Lates calcarifer,Line,23/6/2021,BA210623-3,WAF-012159,460,1058.5,m,1,0.2,-16.528747,123.657578,Cone Bay Creek,Cone Bay,TRUE,2
Lates calcarifer,Gillnet,24/6/2021,BA210624-1,WAF-012100,647,3065,m,2,0.88,-16.574542,123.64533,Trent River,Inland Sea,TRUE,2
Lates calcarifer,Gillnet,24/6/2021,BA210624-2,WAF-012132,862,7565,f,2,36.8,-16.575917,123.638946,Trent River,Inland Sea,TRUE,2
Lates calcarifer,Gillnet,25/6/2021,BA210625-3,WAF-012129,699,4125,f,2,19,-16.565677,123.626262,Trent River,Inland Sea,TRUE,2
Lates calcarifer,Gillnet,25/6/2021,BA210625-2,WAF-012124,688,3485,m,2,2.56,-16.565677,123.626262,Trent River,Inland Sea,TRUE,2
Lates calcarifer,Gillnet,25/6/2021,BA210625-4,WAF-012134,666,3535,m,2,3.6,-16.565677,123.626262,Trent River,Inland Sea,TRUE,2
Lates calcarifer,Gillnet,25/6/2021,BA210625-1,WAF-012119,701,3799,m,2,1.2,-16.565677,123.626262,Trent River,Inland Sea,TRUE,2
Lates calcarifer,Gillnet,25/6/2021,BA210625-5,WAF-012139,709,3936,m,2,2.5,-16.564681,123.62529,Trent River,Inland Sea,TRUE,2
Lates calcarifer,Gillnet,26/6/2021,BA210626-2,WAF-012150,692,3569,m,2,2.36,-16.54701,123.526353,Western Inland Sea,Inland Sea,TRUE,2
Lates calcarifer,Gillnet,26/6/2021,BA210626-1,WAF-012130,845,7462,m,2,7.58,-16.54701,123.526353,Western Inland Sea,Inland Sea,TRUE,2
Lates calcarifer,Gillnet,26/6/2021,BA210626-9,WAF-012135,700,3744,m,2,1.75,-16.54701,123.526353,Western Inland Sea,Inland Sea,TRUE,2
Lates calcarifer,Gillnet,26/6/2021,NA,NA,706,3683,m,2,1.48,-16.545798,123.528883,Western Inland Sea,Inland Sea,FALSE,2
Lates calcarifer,Gillnet,26/6/2021,BA210626-4,WAF-012140,652,3198,f,2,12.06,-16.545798,123.528883,Western Inland Sea,Inland Sea,TRUE,2
Lates calcarifer,Gillnet,26/6/2021,BA210626-14,WAF-012146,630,3007,f,2,13.42,-16.545798,123.528883,Western Inland Sea,Inland Sea,TRUE,2
Lates calcarifer,Gillnet,26/6/2021,BA210626-7,WAF-012157,721,4425,m,2,2.45,-16.545798,123.528883,Western Inland Sea,Inland Sea,TRUE,2
Lates calcarifer,Gillnet,26/6/2021,BA210626-3,WAF-012156,681,3650,m,2,2.48,-16.545798,123.528883,Western Inland Sea,Inland Sea,TRUE,2
Lates calcarifer,Gillnet,26/6/2021,BA210626-5,WAF-012145,695,3748,m,2,2.66,-16.545798,123.528883,Western Inland Sea,Inland Sea,TRUE,2
Lates calcarifer,Gillnet,26/6/2021,BA210626-12,WAF-012136,716,4070,f,2,19.96,-16.546,123.531679,Western Inland Sea,Inland Sea,TRUE,2
Lates calcarifer,Gillnet,26/6/2021,BA210626-11,WAF-012141,694,3514,m,2,1.74,-16.546,123.531679,Western Inland Sea,Inland Sea,TRUE,2
Lates calcarifer,Gillnet,26/6/2021,BA210626-15,WAF-012137,745,4481,m,2,3.92,-16.546,123.531679,Western Inland Sea,Inland Sea,TRUE,2
Lates calcarifer,Gillnet,26/6/2021,BA210626-10,WAF-012103,695,3801,m,2,2.96,-16.546,123.531679,Western Inland Sea,Inland Sea,TRUE,2
Lates calcarifer,Gillnet,26/6/2021,BA210626-8,WAF-012115,713,3959,f,2,23.84,-16.546,123.531679,Western Inland Sea,Inland Sea,TRUE,2
Lates calcarifer,Gillnet,26/6/2021,BA210626-6,WAF-012151,665,3366,m,2,2.19,-16.546,123.531679,Western Inland Sea,Inland Sea,TRUE,2
Lates calcarifer,Gillnet,26/6/2021,BA210626-13,WAF-012152,935,9773,f,2,46.8,-16.546588,123.518386,Western Inland Sea,Inland Sea,TRUE,2
Lates calcarifer,Gillnet,29/6/2021,BA210629-1,WAF-012127,754,5455,m,2,2.25,-16.80592,123.751438,Kimbolton Creek,Kimbolton,TRUE,2
Lates calcarifer,Gillnet,29/6/2021,BA210629-2,WAF-012122,676,3880,m,2,3.5,-16.80592,123.751438,Kimbolton Creek,Kimbolton,TRUE,2
Lates calcarifer,Gillnet,29/6/2021,BA210629-3,WAF-012101,724,4243,m,2,1.09,-16.80592,123.751438,Kimbolton Creek,Kimbolton,TRUE,2
Lates calcarifer,Gillnet,29/6/2021,BA210629-4,WAF-012117,720,4592,m,2,1.7,-16.80592,123.751438,Kimbolton Creek,Kimbolton,TRUE,2
Lates calcarifer,Gillnet,29/6/2021,BA210629-5,WAF-012158,822,6482,m,2,3.98,-16.80592,123.751438,Kimbolton Creek,Kimbolton,TRUE,2
Lates calcarifer,Line,25/9/2021,BA210925-01,WAF-000106,595,NA,m,2,NA,-14.955612,125.389515,Porosus Creek,Prince Fredrick Harbour,TRUE,2
Lates calcarifer,Gillnet,27/9/2021,BA210927-1,NA,880,NA,NA,NA,NA,-15.064921,125.077202,Cape Torrens Bay,Prince Fredrick Harbour,FALSE,2
Lates calcarifer,Gillnet,27/9/2021,BA210927-2,NA,890,NA,NA,NA,NA,-15.064921,125.077202,Cape Torrens Bay,Prince Fredrick Harbour,FALSE,2
Lates calcarifer,Gillnet,27/9/2021,BA210927-3,NA,750,NA,NA,NA,NA,-15.064921,125.077202,Cape Torrens Bay,Prince Fredrick Harbour,FALSE,2
Lates calcarifer,Gillnet,27/9/2021,BA210927-4,NA,790,NA,NA,NA,NA,-15.064921,125.077202,Cape Torrens Bay,Prince Fredrick Harbour,FALSE,2
Lates calcarifer,Gillnet,27/9/2021,BA210927-5,NA,760,NA,NA,NA,NA,-15.064921,125.077202,Cape Torrens Bay,Prince Fredrick Harbour,FALSE,2
Lates calcarifer,Gillnet,27/9/2021,BA210927-6,NA,790,NA,NA,NA,NA,-15.064921,125.077202,Cape Torrens Bay,Prince Fredrick Harbour,FALSE,2
Lates calcarifer,Gillnet,27/9/2021,BA210927-7,NA,730,NA,NA,NA,NA,-15.064921,125.077202,Cape Torrens Bay,Prince Fredrick Harbour,FALSE,2
Lates calcarifer,Gillnet,27/9/2021,BA210927-8,NA,841,NA,NA,NA,NA,-15.064921,125.077202,Cape Torrens Bay,Prince Fredrick Harbour,FALSE,2
Lates calcarifer,Gillnet,27/9/2021,BA210927-9,NA,765,NA,NA,NA,NA,-15.064921,125.077202,Cape Torrens Bay,Prince Fredrick Harbour,FALSE,2
Lates calcarifer,Gillnet,27/9/2021,BA210927-10,NA,708,NA,NA,NA,NA,-15.064921,125.077202,Cape Torrens Bay,Prince Fredrick Harbour,FALSE,2
Lates calcarifer,Gillnet,27/9/2021,BA210927-13,NA,750,NA,NA,NA,NA,-15.064921,125.077202,Cape Torrens Bay,Prince Fredrick Harbour,FALSE,2
Lates calcarifer,Gillnet,27/9/2021,BA210927-14,NA,750,NA,NA,NA,NA,-15.064921,125.077202,Cape Torrens Bay,Prince Fredrick Harbour,FALSE,2
Lates calcarifer,Gillnet,27/9/2021,BA210927-15,NA,872,NA,NA,NA,NA,-15.064921,125.077202,Cape Torrens Bay,Prince Fredrick Harbour,FALSE,2
Lates calcarifer,Gillnet,27/9/2021,BA210927-16,NA,860,NA,NA,NA,NA,-15.064921,125.077202,Cape Torrens Bay,Prince Fredrick Harbour,FALSE,2
Lates calcarifer,Gillnet,27/9/2021,BA210927-17,NA,761,NA,NA,NA,NA,-15.064921,125.077202,Cape Torrens Bay,Prince Fredrick Harbour,FALSE,2
Lates calcarifer,Gillnet,28/9/2021,BA210928-1,NA,775,NA,m,2,NA,-15.1016005,125.37456275000001,Tanpanmirri Island Flats,Prince Fredrick Harbour,FALSE,2
Lates calcarifer,Gillnet,28/9/2021,BA210928-2,NA,720,NA,m,2,NA,-15.1016005,125.37456275000001,Tanpanmirri Island Flats,Prince Fredrick Harbour,FALSE,2
Lates calcarifer,Gillnet,28/9/2021,BA210928-3,NA,700,NA,m,2,NA,-15.1016005,125.37456275000001,Tanpanmirri Island Flats,Prince Fredrick Harbour,FALSE,2
Lates calcarifer,Gillnet,28/9/2021,BA210928-4,NA,720,NA,m,2,NA,-15.1016005,125.37456275000001,Tanpanmirri Island Flats,Prince Fredrick Harbour,FALSE,2
Lates calcarifer,Gillnet,28/9/2021,BA210928-5,NA,730,NA,m,2,NA,-15.1016005,125.37456275000001,Tanpanmirri Island Flats,Prince Fredrick Harbour,FALSE,2
Lates calcarifer,Gillnet,28/9/2021,BA210928-6,NA,730,NA,m,2,NA,-15.1016005,125.37456275000001,Tanpanmirri Island Flats,Prince Fredrick Harbour,FALSE,2
Lates calcarifer,Gillnet,28/9/2021,BA210928-7,NA,740,NA,m,2,NA,-15.1016005,125.37456275000001,Tanpanmirri Island Flats,Prince Fredrick Harbour,FALSE,2
Lates calcarifer,Gillnet,28/9/2021,BA210928-8,NA,780,NA,m,2,NA,-15.1016005,125.37456275000001,Tanpanmirri Island Flats,Prince Fredrick Harbour,FALSE,2
Lates calcarifer,Gillnet,28/9/2021,BA210928-9,NA,730,NA,m,2,NA,-15.1016005,125.37456275000001,Tanpanmirri Island Flats,Prince Fredrick Harbour,FALSE,2
Lates calcarifer,Gillnet,28/9/2021,BA210928-10,NA,700,NA,m,2,NA,-15.1016005,125.37456275000001,Tanpanmirri Island Flats,Prince Fredrick Harbour,FALSE,2
Lates calcarifer,Gillnet,28/9/2021,BA210928-11,NA,720,NA,m,2,NA,-15.1016005,125.37456275000001,Tanpanmirri Island Flats,Prince Fredrick Harbour,FALSE,2
Lates calcarifer,Gillnet,28/9/2021,BA210928-12,NA,880,NA,f,2,NA,-15.1016005,125.37456275000001,Tanpanmirri Island Flats,Prince Fredrick Harbour,FALSE,2
Lates calcarifer,Gillnet,28/9/2021,BA210928-13,NA,780,NA,m,2,NA,-15.1016005,125.37456275000001,Tanpanmirri Island Flats,Prince Fredrick Harbour,FALSE,2
Lates calcarifer,Gillnet,28/9/2021,BA210928-14,NA,740,NA,m,2,NA,-15.1016005,125.37456275000001,Tanpanmirri Island Flats,Prince Fredrick Harbour,FALSE,2
Lates calcarifer,Gillnet,28/9/2021,BA210928-15,NA,720,NA,m,2,NA,-15.1016005,125.37456275000001,Tanpanmirri Island Flats,Prince Fredrick Harbour,FALSE,2
Lates calcarifer,Gillnet,28/9/2021,BA210928-16,NA,800,NA,m,2,NA,-15.1016005,125.37456275000001,Tanpanmirri Island Flats,Prince Fredrick Harbour,FALSE,2
Lates calcarifer,Gillnet,28/9/2021,BA210928-17,NA,750,NA,m,2,NA,-15.1016005,125.37456275000001,Tanpanmirri Island Flats,Prince Fredrick Harbour,FALSE,2
Lates calcarifer,Gillnet,28/9/2021,BA210928-18,NA,720,NA,m,2,NA,-15.1016005,125.37456275000001,Tanpanmirri Island Flats,Prince Fredrick Harbour,FALSE,2
Lates calcarifer,Gillnet,28/9/2021,BA210928-19,NA,800,NA,m,2,NA,-15.1016005,125.37456275000001,Tanpanmirri Island Flats,Prince Fredrick Harbour,FALSE,2
Lates calcarifer,Gillnet,28/9/2021,BA210928-20,NA,730,NA,m,2,NA,-15.1016005,125.37456275000001,Tanpanmirri Island Flats,Prince Fredrick Harbour,FALSE,2
Lates calcarifer,Gillnet,28/9/2021,BA210928-21,NA,780,NA,m,2,NA,-15.1016005,125.37456275000001,Tanpanmirri Island Flats,Prince Fredrick Harbour,FALSE,2
Lates calcarifer,Gillnet,28/9/2021,BA210928-22,NA,760,NA,m,2,NA,-15.1016005,125.37456275000001,Tanpanmirri Island Flats,Prince Fredrick Harbour,FALSE,2
Lates calcarifer,Gillnet,28/9/2021,BA210928-23,NA,815,NA,m,2,NA,-15.1016005,125.37456275000001,Tanpanmirri Island Flats,Prince Fredrick Harbour,FALSE,2
Lates calcarifer,Gillnet,28/9/2021,BA210928-24,NA,720,NA,m,2,NA,-15.1016005,125.37456275000001,Tanpanmirri Island Flats,Prince Fredrick Harbour,FALSE,2
Lates calcarifer,Gillnet,28/9/2021,BA210928-25,NA,788,NA,m,2,NA,-15.1016005,125.37456275000001,Tanpanmirri Island Flats,Prince Fredrick Harbour,FALSE,2
Lates calcarifer,Gillnet,28/9/2021,BA210928-26,NA,625,NA,NA,2,NA,-15.1016005,125.37456275000001,Tanpanmirri Island Flats,Prince Fredrick Harbour,FALSE,NA
Lates calcarifer,Gillnet,28/9/2021,BA210928-27,NA,755,NA,m,2,NA,-15.1016005,125.37456275000001,Tanpanmirri Island Flats,Prince Fredrick Harbour,FALSE,2
Lates calcarifer,Gillnet,28/9/2021,BA210928-28,NA,746,NA,m,2,NA,-15.1016005,125.37456275000001,Tanpanmirri Island Flats,Prince Fredrick Harbour,FALSE,2
Lates calcarifer,Gillnet,28/9/2021,BA210928-29,NA,759,NA,m,2,NA,-15.1016005,125.37456275000001,Tanpanmirri Island Flats,Prince Fredrick Harbour,FALSE,2
Lates calcarifer,Gillnet,28/9/2021,BA210928-30,NA,760,NA,m,2,NA,-15.1016005,125.37456275000001,Tanpanmirri Island Flats,Prince Fredrick Harbour,FALSE,2
Lates calcarifer,Line,28/9/2021,LC210928-1,WAF-000193,550,NA,m,1,NA,-15.194245,125.539394,Roe River,Prince Fredrick Harbour,TRUE,2
Lates calcarifer,Line,28/9/2021,LC210928-2,WAF-000195,630,NA,m,1,NA,-15.194245,125.539394,Roe River,Prince Fredrick Harbour,TRUE,2
Lates calcarifer,Gillnet,29/9/2021,BA210929-8,NA,689,3760,m,4,8,-15.150279,125.365341,Roe River Mouth,Prince Fredrick Harbour,FALSE,2
Lates calcarifer,Gillnet,29/9/2021,BA210929-1,NA,800,6260,m,4,35.45,-15.150679,125.365617,Roe River Mouth,Prince Fredrick Harbour,FALSE,2
Lates calcarifer,Gillnet,29/9/2021,BA210929-6,NA,765,5709,m,4,38.76,-15.150679,125.365617,Roe River Mouth,Prince Fredrick Harbour,FALSE,2
Lates calcarifer,Gillnet,29/9/2021,BA210929-3,NA,730,5116,m,4,36.05,-15.153902,125.366977,Roe River Mouth,Prince Fredrick Harbour,FALSE,2
Lates calcarifer,Gillnet,29/9/2021,BA210929-9,NA,680,3919,m,4,5,-15.157371,125.369667,Roe River Mouth,Prince Fredrick Harbour,FALSE,2
Lates calcarifer,Gillnet,29/9/2021,BA210929-5,NA,630,3100,m,4,7.2,-15.157371,125.369667,Roe River Mouth,Prince Fredrick Harbour,FALSE,2
Lates calcarifer,Gillnet,29/9/2021,BA210929-2,NA,665,3876,m,4,NA,-15.157371,125.369667,Roe River Mouth,Prince Fredrick Harbour,FALSE,2
Lates calcarifer,Gillnet,29/9/2021,BA210929-7,NA,590,2481,m,2,1.42,-15.157371,125.369667,Roe River Mouth,Prince Fredrick Harbour,FALSE,2
Lates calcarifer,Gillnet,29/9/2021,BA210929-4,NA,694,3675,m,2,11.78,-15.155273,125.367893,Roe River Mouth,Prince Fredrick Harbour,FALSE,2
Lates calcarifer,Gillnet,30/9/2021,BA210930-5,NA,750,5101,m,2,NA,-15.176522,125.543709,Roe River,Prince Fredrick Harbour,FALSE,2
Lates calcarifer,Gillnet,30/9/2021,BA210930-2,NA,830,6357,f,2,78,-15.1758,125.528205,Roe River,Prince Fredrick Harbour,FALSE,2
Lates calcarifer,Gillnet,30/9/2021,BA210930-1,NA,850,6666,f,2,102,-15.1758,125.528205,Roe River,Prince Fredrick Harbour,FALSE,2
Lates calcarifer,Gillnet,30/9/2021,BA210930-3,NA,720,4346,m,2,NA,-15.1758,125.528205,Roe River,Prince Fredrick Harbour,FALSE,2
Lates calcarifer,Gillnet,30/9/2021,NA,WAF-000306,770,5232,m,4,28.4,-15.176522,125.543709,Roe River,Prince Fredrick Harbour,TRUE,2
Lates calcarifer,Gillnet,30/9/2021,NA,WAF-000308,870,7833,f,6,129,-15.176522,125.543709,Roe River,Prince Fredrick Harbour,TRUE,2
Lates calcarifer,Gillnet,30/9/2021,NA,WAF-000305,850,7191,f,6,102,-15.178818,125.529704,Roe River,Prince Fredrick Harbour,TRUE,2
Lates calcarifer,Gillnet,30/9/2021,NA,WAF-000307,670,3491,m,2,NA,-15.177372,125.524868,Roe River,Prince Fredrick Harbour,TRUE,2
Lates calcarifer,Gillnet,1/10/2021,BA211001-6,WAF-000353,810,6805,f,NA,NA,-15.240349,125.548569,Roe River,Prince Fredrick Harbour,TRUE,2
Lates calcarifer,Gillnet,1/10/2021,BA211001-8,WAF-000355,820,6500,f,NA,NA,-15.240349,125.548569,Roe River,Prince Fredrick Harbour,TRUE,2
Lates calcarifer,Gillnet,1/10/2021,BA211001-4,NA,780,5780,m,NA,NA,-15.240349,125.548569,Roe River,Prince Fredrick Harbour,FALSE,2
Lates calcarifer,Gillnet,1/10/2021,BA211001-1,WAF-000336,860,7210,f,NA,NA,-15.243356,125.5463,Roe River,Prince Fredrick Harbour,TRUE,2
Lates calcarifer,Gillnet,1/10/2021,BA211001-3,NA,715,4250,m,NA,NA,-15.243356,125.5463,Roe River,Prince Fredrick Harbour,FALSE,2
Lates calcarifer,Gillnet,1/10/2021,BA211001-5,WAF-000352,830,6350,m,NA,NA,-15.232441,125.546709,Roe River,Prince Fredrick Harbour,TRUE,2
Lates calcarifer,Gillnet,1/10/2021,BA211001-7,WAF-000354,740,4977,m,NA,NA,-15.232441,125.546709,Roe River,Prince Fredrick Harbour,TRUE,2
Lates calcarifer,Gillnet,1/10/2021,BA211001-9,WAF-000356,690,4230,m,NA,NA,-15.224207,125.543727,Roe River,Prince Fredrick Harbour,TRUE,2
Lates calcarifer,Gillnet,1/10/2021,BA211001-2,NA,780,5704,f,NA,NA,-15.224207,125.543727,Roe River,Prince Fredrick Harbour,FALSE,2
Lates calcarifer,Gillnet,2/10/2021,BA211002-1,WAF-000385,692,3819,m,2,7.2,-15.265456,125.556872,Roe River,Prince Fredrick Harbour,TRUE,2
Lates calcarifer,Gillnet,2/10/2021,BA211002-3,WAF-000387,757,5493,m,4,46,-15.265456,125.556872,Roe River,Prince Fredrick Harbour,TRUE,2
Lates calcarifer,Gillnet,2/10/2021,BA211002-6,WAF-000390,615,3577,m,2,2.1,-15.265456,125.556872,Roe River,Prince Fredrick Harbour,TRUE,2
Lates calcarifer,Gillnet,2/10/2021,BA211002-9,WAF-000393,815,7358,f,2,73.96,-15.265456,125.556872,Roe River,Prince Fredrick Harbour,TRUE,1
Lates calcarifer,Gillnet,2/10/2021,BA211002-11,WAF-000395,580,2261,m,2,1.52,-15.265456,125.556872,Roe River,Prince Fredrick Harbour,TRUE,2
Lates calcarifer,Gillnet,2/10/2021,BA211002-7,WAF-000391,812,6657,f,2,92,-15.264763,125.557577,Roe River,Prince Fredrick Harbour,TRUE,2
Lates calcarifer,Gillnet,2/10/2021,BA211002-8,WAF-000392,870,7947,f,2,63.89,-15.264763,125.557577,Roe River,Prince Fredrick Harbour,TRUE,2
Lates calcarifer,Gillnet,2/10/2021,BA211002-2,WAF-000386,860,7756,f,2,94,-15.261417,125.55467,Roe River,Prince Fredrick Harbour,TRUE,2
Lates calcarifer,Gillnet,2/10/2021,BA211002-5,WAF-000389,845,6190,f,2,97.2,-15.261417,125.55467,Roe River,Prince Fredrick Harbour,TRUE,2
Lates calcarifer,Gillnet,2/10/2021,BA211002-4,WAF-000388,782,5677,m,2,22.9,-15.259908,125.553935,Roe River,Prince Fredrick Harbour,TRUE,2
Lates calcarifer,Gillnet,2/10/2021,BA211002-10,WAF-000394,1030,12900,f,6,76,-15.256864,125.551337,Roe River,Prince Fredrick Harbour,TRUE,2
Lates calcarifer,Gillnet,3/10/2021,BA211003-1,WAF-000397,835,6308,f,2,89,-14.994634,125.496131,Hunter River,Prince Fredrick Harbour,TRUE,2
Lates calcarifer,Gillnet,3/10/2021,BA211003-2,WAF-000398,935,9964,f,2,147,-14.994634,125.496131,Hunter River,Prince Fredrick Harbour,TRUE,2
Lates calcarifer,Gillnet,3/10/2021,BA211003-5,WAF-000401,750,4961,m,4,22.56,-14.994634,125.496131,Hunter River,Prince Fredrick Harbour,TRUE,2
Lates calcarifer,Gillnet,3/10/2021,BA211003-9,WAF-000404,760,6396,f,4,115,-14.994634,125.496131,Hunter River,Prince Fredrick Harbour,TRUE,2
Lates calcarifer,Gillnet,3/10/2021,BA211003-11,WAF-000406,940,9619,f,2,86,-14.994634,125.496131,Hunter River,Prince Fredrick Harbour,TRUE,2
Lates calcarifer,Gillnet,3/10/2021,BA211003-15,WAF-000410,984,12534,f,2,168.64,-14.994634,125.496131,Hunter River,Prince Fredrick Harbour,TRUE,2
Lates calcarifer,Gillnet,3/10/2021,BA211003-25,WAF-000419,738,4344,m,4,26.08,-14.994634,125.496131,Hunter River,Prince Fredrick Harbour,TRUE,2
Lates calcarifer,Gillnet,3/10/2021,BA211003-28,WAF-000422,875,7473,f,4,130.13,-14.994634,125.496131,Hunter River,Prince Fredrick Harbour,TRUE,2
Lates calcarifer,Gillnet,3/10/2021,BA211003-4,WAF-000400,802,6433,f,2,106.36,-14.968078,125.495907,Hunter River,Prince Fredrick Harbour,TRUE,2
Lates calcarifer,Gillnet,3/10/2021,BA211003-10,WAF-000405,784,5893,m,2,20.11,-14.968078,125.495907,Hunter River,Prince Fredrick Harbour,TRUE,2
Lates calcarifer,Gillnet,3/10/2021,BA211003-14,WAF-000409,754,5099,m,4,24.7,-14.968078,125.495907,Hunter River,Prince Fredrick Harbour,TRUE,2
Lates calcarifer,Gillnet,3/10/2021,BA211003-24,WAF-000418,562,1914,m,2,0.3,-14.968078,125.495907,Hunter River,Prince Fredrick Harbour,TRUE,2
Lates calcarifer,Gillnet,3/10/2021,BA211003-30,NA,643,3082,m,2,2.24,-14.968078,125.495907,Hunter River,Prince Fredrick Harbour,FALSE,2
Lates calcarifer,Gillnet,3/10/2021,BA211003-17,NA,842,7883,f,4,170.6,-14.9754,125.489541,Hunter River,Prince Fredrick Harbour,FALSE,2
Lates calcarifer,Gillnet,3/10/2021,BA211003-19,WAF-000413,825,6360,f,4,86.55,-14.973981,125.492088,Hunter River,Prince Fredrick Harbour,TRUE,2
Lates calcarifer,Gillnet,3/10/2021,BA211003-27,WAF-000421,771,6140,m,4,42.12,-14.973981,125.492088,Hunter River,Prince Fredrick Harbour,TRUE,2
Lates calcarifer,Gillnet,3/10/2021,BA211003-8,NA,1020,12838,f,2,199,-14.973981,125.492088,Hunter River,Prince Fredrick Harbour,FALSE,2
Lates calcarifer,Gillnet,3/10/2021,BA211003-6,WAF-000402,771,5109,m,2,21.24,-14.97219,125.494417,Hunter River,Prince Fredrick Harbour,TRUE,2
Lates calcarifer,Gillnet,3/10/2021,BA211003-13,WAF-000408,619,2851,m,2,1.17,-14.97219,125.494417,Hunter River,Prince Fredrick Harbour,TRUE,2
Lates calcarifer,Gillnet,3/10/2021,BA211003-16,WAF-000411,656,3066,m,2,NA,-14.97219,125.494417,Hunter River,Prince Fredrick Harbour,TRUE,2
Lates calcarifer,Gillnet,3/10/2021,BA211003-18,NA,751,4943,m,2,13.6,-14.97219,125.494417,Hunter River,Prince Fredrick Harbour,FALSE,2
Lates calcarifer,Gillnet,3/10/2021,BA211003-20,WAF-000414,878,7915,f,4,144.55,-14.97219,125.494417,Hunter River,Prince Fredrick Harbour,TRUE,2
Lates calcarifer,Gillnet,3/10/2021,BA211003-21,WAF-000415,730,4552,m,4,22.01,-14.97219,125.494417,Hunter River,Prince Fredrick Harbour,TRUE,2
Lates calcarifer,Gillnet,3/10/2021,BA211003-22,WAF-000416,875,7873,f,4,142.08,-14.97219,125.494417,Hunter River,Prince Fredrick Harbour,TRUE,2
Lates calcarifer,Gillnet,3/10/2021,BA211003-23,WAF-000417,922,9854,f,4,181.6,-14.97219,125.494417,Hunter River,Prince Fredrick Harbour,TRUE,2
Lates calcarifer,Gillnet,3/10/2021,BA211003-26,WAF-000420,644,3304,m,2,6.48,-14.97219,125.494417,Hunter River,Prince Fredrick Harbour,TRUE,2
Lates calcarifer,Gillnet,3/10/2021,BA211003-3,WAF-000399,781,5551,f,4,74.81,-14.976407,125.490429,Hunter River,Prince Fredrick Harbour,TRUE,2
Lates calcarifer,Gillnet,3/10/2021,BA211003-7,WAF-000403,735,4416,m,2,4.4,-14.976407,125.490429,Hunter River,Prince Fredrick Harbour,TRUE,2
Lates calcarifer,Gillnet,3/10/2021,BA211003-12,WAF-000407,761,5550,f,4,105.2,-14.976407,125.490429,Hunter River,Prince Fredrick Harbour,TRUE,2
Lates calcarifer,Gillnet,3/10/2021,BA211003-29,WAF-000440,641,2798,m,2,2.63,-14.976407,125.490429,Hunter River,Prince Fredrick Harbour,TRUE,2
Lates calcarifer,Gillnet,4/10/2021,BA211004-1,WAF-000445,731,4403,m,2,17.97,-14.954285,125.394948,Porosus Creek,Prince Fredrick Harbour,TRUE,2
Lates calcarifer,Gillnet,4/10/2021,BA211004-34,NA,830,6725,f,2,100,-14.954285,125.394948,Porosus Creek,Prince Fredrick Harbour,FALSE,2
Lates calcarifer,Gillnet,4/10/2021,BA211004-15,NA,803,5897,f,2,102.63,-14.954285,125.394948,Porosus Creek,Prince Fredrick Harbour,FALSE,2
Lates calcarifer,Gillnet,4/10/2021,BA211004-29,NA,756,4850,m,2,11.18,-14.954285,125.394948,Porosus Creek,Prince Fredrick Harbour,FALSE,2
Lates calcarifer,Gillnet,4/10/2021,BA211004-22,NA,751,5030,m,2,20.39,-14.954285,125.394948,Porosus Creek,Prince Fredrick Harbour,FALSE,2
Lates calcarifer,Gillnet,4/10/2021,BA211004-38,NA,591,NA,m,2,1,-14.954285,125.394948,Porosus Creek,Prince Fredrick Harbour,FALSE,2
Lates calcarifer,Gillnet,4/10/2021,BA211004-28,NA,662,3266,m,2,2.4,-14.954285,125.394948,Porosus Creek,Prince Fredrick Harbour,FALSE,2
Lates calcarifer,Gillnet,4/10/2021,BA211004-27,NA,625,3090,m,2,1.23,-14.954285,125.394948,Porosus Creek,Prince Fredrick Harbour,FALSE,2
Lates calcarifer,Gillnet,4/10/2021,BA211004-31,NA,661,3280,m,2,1.36,-14.954285,125.394948,Porosus Creek,Prince Fredrick Harbour,FALSE,2
Lates calcarifer,Gillnet,4/10/2021,BA211004-30,NA,680,4267,m,2,3.52,-14.954285,125.394948,Porosus Creek,Prince Fredrick Harbour,FALSE,2
Lates calcarifer,Gillnet,4/10/2021,BA211004-17,NA,715,4549,m,2,15.6,-14.954285,125.394948,Porosus Creek,Prince Fredrick Harbour,FALSE,2
Lates calcarifer,Gillnet,4/10/2021,BA211004-18,NA,712,4100,m,2,10.5,-14.954285,125.394948,Porosus Creek,Prince Fredrick Harbour,FALSE,2
Lates calcarifer,Gillnet,4/10/2021,BA211004-36,NA,739,NA,NA,NA,NA,-14.954285,125.394948,Porosus Creek,Prince Fredrick Harbour,FALSE,2
Lates calcarifer,Gillnet,4/10/2021,BA211004-4,WAF-000448,626,2421,m,2,0.85,-14.954468,125.394792,Porosus Creek,Prince Fredrick Harbour,TRUE,2
Lates calcarifer,Gillnet,4/10/2021,BA211004-5,WAF-000449,575,2110,m,2,0.63,-14.954468,125.394792,Porosus Creek,Prince Fredrick Harbour,TRUE,2
Lates calcarifer,Gillnet,4/10/2021,BA211004-6,WAF-000450,634,2940,m,2,1.6,-14.954468,125.394792,Porosus Creek,Prince Fredrick Harbour,TRUE,2
Lates calcarifer,Gillnet,4/10/2021,BA211004-7,WAF-000451,515,1530,m,2,1,-14.954468,125.394792,Porosus Creek,Prince Fredrick Harbour,TRUE,2
Lates calcarifer,Gillnet,4/10/2021,BA211004-8,WAF-000452,638,2830,m,2,0.6,-14.954468,125.394792,Porosus Creek,Prince Fredrick Harbour,TRUE,2
Lates calcarifer,Gillnet,4/10/2021,BA211004-9,WAF-000453,369,609,m,1,NA,-14.954468,125.394792,Porosus Creek,Prince Fredrick Harbour,TRUE,2
Lates calcarifer,Gillnet,4/10/2021,BA211004-10,WAF-000454,529,1490,m,2,NA,-14.954468,125.394792,Porosus Creek,Prince Fredrick Harbour,TRUE,2
Lates calcarifer,Gillnet,4/10/2021,BA211004-11,WAF-000455,575,1980,m,2,0.48,-14.954468,125.394792,Porosus Creek,Prince Fredrick Harbour,TRUE,2
Lates calcarifer,Gillnet,4/10/2021,BA211004-12,WAF-000456,631,2870,m,2,0.96,-14.954468,125.394792,Porosus Creek,Prince Fredrick Harbour,TRUE,2
Lates calcarifer,Gillnet,4/10/2021,BA211004-24,NA,702,3909,m,2,NA,-14.954468,125.394792,Porosus Creek,Prince Fredrick Harbour,FALSE,2
Lates calcarifer,Gillnet,4/10/2021,BA211004-25,NA,564,2075,m,2,1,-14.954468,125.394792,Porosus Creek,Prince Fredrick Harbour,FALSE,2
Lates calcarifer,Gillnet,4/10/2021,BA211004-32,NA,590,2520,m,2,1.48,-14.954468,125.394792,Porosus Creek,Prince Fredrick Harbour,FALSE,2
Lates calcarifer,Gillnet,4/10/2021,BA211004-39,NA,645,3148,m,2,NA,-14.954468,125.394792,Porosus Creek,Prince Fredrick Harbour,FALSE,2
Lates calcarifer,Gillnet,4/10/2021,BA211004-14,NA,591,2570,m,2,NA,-14.954468,125.394792,Porosus Creek,Prince Fredrick Harbour,FALSE,2
Lates calcarifer,Gillnet,4/10/2021,BA211004-16,NA,754,4452,m,2,10.6,-14.954468,125.394792,Porosus Creek,Prince Fredrick Harbour,FALSE,2
Lates calcarifer,Gillnet,4/10/2021,BA211004-13,NA,612,2743,m,2,1.8,-14.954468,125.394792,Porosus Creek,Prince Fredrick Harbour,FALSE,2
Lates calcarifer,Gillnet,4/10/2021,BA211004-21,NA,562,1940,m,2,3,-14.954468,125.394792,Porosus Creek,Prince Fredrick Harbour,FALSE,2
Lates calcarifer,Gillnet,4/10/2021,BA211004-26,NA,641,3318,m,2,3,-14.954468,125.394792,Porosus Creek,Prince Fredrick Harbour,FALSE,2
Lates calcarifer,Gillnet,4/10/2021,BA211004-3,WAF-000447,840,6918,f,4,95.78,-14.955109,125.394977,Porosus Creek,Prince Fredrick Harbour,TRUE,2
Lates calcarifer,Gillnet,4/10/2021,BA211004-19,NA,761,5415,m,2,10.2,-14.955109,125.394977,Porosus Creek,Prince Fredrick Harbour,FALSE,2
Lates calcarifer,Gillnet,4/10/2021,BA211004-2,WAF-000446,735,4870,m,2,6.2,-14.957632,125.395685,Porosus Creek,Prince Fredrick Harbour,TRUE,2
Lates calcarifer,Gillnet,4/10/2021,BA211004-20,NA,767,5540,f,2,70,-14.957632,125.395685,Porosus Creek,Prince Fredrick Harbour,FALSE,2
Lates calcarifer,Gillnet,4/10/2021,BA211004-35,NA,773,4800,m,2,9.43,-14.958514,125.396614,Porosus Creek,Prince Fredrick Harbour,FALSE,2
Lates calcarifer,Gillnet,4/10/2021,BA211004-33,NA,796,5760,f,2,61.7,-14.958514,125.396614,Porosus Creek,Prince Fredrick Harbour,FALSE,2
Lates calcarifer,Gillnet,4/10/2021,BA211004-23,NA,635,2816,m,2,1.6,-14.958514,125.396614,Porosus Creek,Prince Fredrick Harbour,FALSE,2
Lates calcarifer,Gillnet,4/10/2021,BA211004-37,NA,770,4721,m,2,17.8,-14.958514,125.396614,Porosus Creek,Prince Fredrick Harbour,FALSE,2
Lates calcarifer,Line,4/10/2021,LC211004-1,WAF-000268,322,NA,m,1,NA,-14.139684,126.322114,Vansittart Bay,Vansittart Bay,TRUE,2
Lates calcarifer,Line,5/10/2021,BA211005-1,NA,751,4907,m,2,20,-15.00725022,125.41195210842164,Porosus Creek,Prince Fredrick Harbour,FALSE,2
Lates calcarifer,Line,5/10/2021,BA211005-16,NA,758,4509,m,2,NA,-15.00725022,125.41195210842164,Porosus Creek,Prince Fredrick Harbour,FALSE,2
Lates calcarifer,Gillnet,5/10/2021,BA211005-14,NA,745,4970,m,2,NA,-15.07706,125.377798,Tanpanmirri Island Flats,Prince Fredrick Harbour,FALSE,2
Lates calcarifer,Gillnet,5/10/2021,BA211005-2,NA,723,4280,m,2,NA,-15.07706,125.377798,Tanpanmirri Island Flats,Prince Fredrick Harbour,FALSE,2
Lates calcarifer,Gillnet,5/10/2021,BA211005-15,NA,732,4230,m,2,NA,-15.07706,125.377798,Tanpanmirri Island Flats,Prince Fredrick Harbour,FALSE,2
Lates calcarifer,Gillnet,5/10/2021,BA211005-20,NA,718,4463,m,2,NA,-15.07706,125.377798,Tanpanmirri Island Flats,Prince Fredrick Harbour,FALSE,2
Lates calcarifer,Gillnet,5/10/2021,BA211005-18,NA,680,3808,m,2,NA,-15.07706,125.377798,Tanpanmirri Island Flats,Prince Fredrick Harbour,FALSE,2
Lates calcarifer,Gillnet,5/10/2021,BA211005-6,NA,730,4240,m,2,NA,-15.07706,125.377798,Tanpanmirri Island Flats,Prince Fredrick Harbour,FALSE,2
Lates calcarifer,Gillnet,5/10/2021,BA211005-12,NA,716,4261,m,2,NA,-15.07706,125.377798,Tanpanmirri Island Flats,Prince Fredrick Harbour,FALSE,2
Lates calcarifer,Gillnet,5/10/2021,BA211005-11,NA,765,5291,m,2,NA,-15.07706,125.377798,Tanpanmirri Island Flats,Prince Fredrick Harbour,FALSE,2
Lates calcarifer,Gillnet,5/10/2021,BA211005-9,NA,745,4696,m,2,NA,-15.07706,125.377798,Tanpanmirri Island Flats,Prince Fredrick Harbour,FALSE,2
Lates calcarifer,Gillnet,5/10/2021,BA211005-10,NA,720,4196,m,2,NA,-15.07706,125.377798,Tanpanmirri Island Flats,Prince Fredrick Harbour,FALSE,2
Lates calcarifer,Gillnet,5/10/2021,BA211005-13,NA,746,4703,m,2,NA,-15.07706,125.377798,Tanpanmirri Island Flats,Prince Fredrick Harbour,FALSE,2
Lates calcarifer,Gillnet,5/10/2021,BA211005-17,NA,773,4870,m,2,NA,-15.075719,125.375034,Tanpanmirri Island Flats,Prince Fredrick Harbour,FALSE,2
Lates calcarifer,Gillnet,5/10/2021,BA211005-19,NA,716,3800,m,2,NA,-15.075719,125.375034,Tanpanmirri Island Flats,Prince Fredrick Harbour,FALSE,2
Lates calcarifer,Gillnet,5/10/2021,BA211005-4,NA,760,4839,m,2,NA,-15.075719,125.375034,Tanpanmirri Island Flats,Prince Fredrick Harbour,FALSE,2
Lates calcarifer,Gillnet,5/10/2021,BA211005-7,NA,770,4960,m,2,NA,-15.075719,125.375034,Tanpanmirri Island Flats,Prince Fredrick Harbour,FALSE,2
Lates calcarifer,Gillnet,5/10/2021,BA211005-5,NA,728,4450,m,2,NA,-15.075719,125.375034,Tanpanmirri Island Flats,Prince Fredrick Harbour,FALSE,2
Lates calcarifer,Gillnet,5/10/2021,BA211005-8,NA,761,4879,m,2,NA,-15.075719,125.375034,Tanpanmirri Island Flats,Prince Fredrick Harbour,FALSE,2
Lates calcarifer,Gillnet,5/10/2021,BA211005-3,NA,775,5201,m,2,NA,-15.075719,125.375034,Tanpanmirri Island Flats,Prince Fredrick Harbour,FALSE,2
Lates calcarifer,Gillnet,6/10/2021,BA211006-22,NA,NA,7390,f,4,142,-15.144542,125.352236,Roe River Mouth,Prince Fredrick Harbour,FALSE,2
Lates calcarifer,Gillnet,6/10/2021,NA,NA,782,5720,m,4,31,-15.143376,125.352583,Roe River Mouth,Prince Fredrick Harbour,FALSE,0
Lates calcarifer,Gillnet,6/10/2021,BA211006-39,NA,704,4125,m,4,23.5,-15.101511,125.374027,Roe River Mouth,Prince Fredrick Harbour,FALSE,2
Lates calcarifer,Gillnet,6/10/2021,BA211006-31,NA,795,6001,m,4,40,-15.101511,125.374027,Roe River Mouth,Prince Fredrick Harbour,FALSE,2
Lates calcarifer,Gillnet,6/10/2021,BA211006-35,NA,818,6331,m,4,54,-15.101511,125.374027,Roe River Mouth,Prince Fredrick Harbour,FALSE,2
Lates calcarifer,Gillnet,6/10/2021,BA211006-32,NA,757,4769,m,4,16.5,-15.101511,125.374027,Roe River Mouth,Prince Fredrick Harbour,FALSE,2
Lates calcarifer,Gillnet,6/10/2021,BA211006-33,NA,835,6783,m,4,26.5,-15.099927,125.374228,Roe River Mouth,Prince Fredrick Harbour,FALSE,2
Lates calcarifer,Gillnet,6/10/2021,BA211006-28,NA,817,6184,m,NA,NA,-15.13252,125.398594,Roe River Mouth,Prince Fredrick Harbour,FALSE,2
Lates calcarifer,Gillnet,6/10/2021,BA211006-4,NA,780,5552,m,NA,NA,-15.13252,125.398594,Roe River Mouth,Prince Fredrick Harbour,FALSE,2
Lates calcarifer,Gillnet,6/10/2021,BA211006-5,NA,791,5678,m,NA,NA,-15.13252,125.398594,Roe River Mouth,Prince Fredrick Harbour,FALSE,2
Lates calcarifer,Gillnet,6/10/2021,BA211006-3,NA,785,5144,m,NA,NA,-15.13252,125.398594,Roe River Mouth,Prince Fredrick Harbour,FALSE,2
Lates calcarifer,Gillnet,6/10/2021,BA211006-9,NA,780,5510,m,NA,NA,-15.13252,125.398594,Roe River Mouth,Prince Fredrick Harbour,FALSE,2
Lates calcarifer,Gillnet,6/10/2021,BA211006-19,NA,795,5392,m,NA,NA,-15.13252,125.398594,Roe River Mouth,Prince Fredrick Harbour,FALSE,2
Lates calcarifer,Gillnet,6/10/2021,NA,NA,776,5548,m,2,NA,-15.13252,125.398594,Roe River Mouth,Prince Fredrick Harbour,FALSE,0
Lates calcarifer,Gillnet,6/10/2021,BA211006-7,NA,779,5128,m,2,NA,-15.13252,125.398594,Roe River Mouth,Prince Fredrick Harbour,FALSE,2
Lates calcarifer,Gillnet,6/10/2021,BA211006-2,NA,760,4890,m,2,NA,-15.13252,125.398594,Roe River Mouth,Prince Fredrick Harbour,FALSE,2
Lates calcarifer,Gillnet,6/10/2021,NA,NA,729,4677,m,2,NA,-15.13252,125.398594,Roe River Mouth,Prince Fredrick Harbour,FALSE,0
Lates calcarifer,Gillnet,6/10/2021,BA211006-6,NA,753,4675,m,2,NA,-15.13252,125.398594,Roe River Mouth,Prince Fredrick Harbour,FALSE,2
Lates calcarifer,Gillnet,6/10/2021,BA211006-8,NA,760,4753,f,4,55,-15.13252,125.398594,Roe River Mouth,Prince Fredrick Harbour,FALSE,2
Lates calcarifer,Gillnet,6/10/2021,BA211006-17,NA,731,3985,m,2,NA,-15.13252,125.398594,Roe River Mouth,Prince Fredrick Harbour,FALSE,2
Lates calcarifer,Gillnet,6/10/2021,BA211006-24,NA,808,6746,m,2,NA,-15.13252,125.398594,Roe River Mouth,Prince Fredrick Harbour,FALSE,2
Lates calcarifer,Gillnet,6/10/2021,BA211006-26,NA,811,NA,NA,NA,NA,-15.13252,125.398594,Roe River Mouth,Prince Fredrick Harbour,FALSE,2
Lates calcarifer,Gillnet,6/10/2021,BA211006-13,NA,738,4428,m,NA,NA,-15.133556,125.405306,Roe River Mouth,Prince Fredrick Harbour,FALSE,2
Lates calcarifer,Gillnet,6/10/2021,BA211006-11,NA,775,5268,m,NA,NA,-15.133556,125.405306,Roe River Mouth,Prince Fredrick Harbour,FALSE,2
Lates calcarifer,Gillnet,6/10/2021,BA211006-10,NA,790,5470,m,NA,NA,-15.133556,125.405306,Roe River Mouth,Prince Fredrick Harbour,FALSE,2
Lates calcarifer,Gillnet,6/10/2021,BA211006-12,NA,772,5520,m,NA,NA,-15.133556,125.405306,Roe River Mouth,Prince Fredrick Harbour,FALSE,2
Lates calcarifer,Gillnet,6/10/2021,BA211006-25,NA,795,5430,m,NA,NA,-15.133556,125.405306,Roe River Mouth,Prince Fredrick Harbour,FALSE,2
Lates calcarifer,Gillnet,6/10/2021,BA211006-16,NA,796,5320,m,NA,NA,-15.133556,125.405306,Roe River Mouth,Prince Fredrick Harbour,FALSE,2
Lates calcarifer,Gillnet,6/10/2021,BA211006-18,NA,801,5890,m,NA,NA,-15.133556,125.405306,Roe River Mouth,Prince Fredrick Harbour,FALSE,2
Lates calcarifer,Gillnet,6/10/2021,BA211006-1,NA,775,5234,m,NA,NA,-15.133556,125.405306,Roe River Mouth,Prince Fredrick Harbour,FALSE,2
Lates calcarifer,Gillnet,6/10/2021,BA211006-15,NA,730,4241,m,2,NA,-15.133556,125.405306,Roe River Mouth,Prince Fredrick Harbour,FALSE,2
Lates calcarifer,Gillnet,6/10/2021,BA211006-14,NA,765,4931,m,2,NA,-15.133556,125.405306,Roe River Mouth,Prince Fredrick Harbour,FALSE,2
Lates calcarifer,Gillnet,6/10/2021,BA211006-23,NA,770,5130,m,2,NA,-15.133556,125.405306,Roe River Mouth,Prince Fredrick Harbour,FALSE,2
Lates calcarifer,Gillnet,6/10/2021,BA211006-20,NA,745,NA,NA,NA,NA,-15.133556,125.405306,Roe River Mouth,Prince Fredrick Harbour,FALSE,2
Lates calcarifer,Gillnet,6/10/2021,BA211006-21,NA,785,NA,NA,NA,NA,-15.133556,125.405306,Roe River Mouth,Prince Fredrick Harbour,FALSE,2
Lates calcarifer,Gillnet,6/10/2021,BA211006-30,NA,782,5376,m,2,NA,-15.133556,125.405306,Roe River Mouth,Prince Fredrick Harbour,FALSE,2
Lates calcarifer,Gillnet,6/10/2021,BA211006-40,NA,760,5330,m,2,NA,-15.133556,125.405306,Roe River Mouth,Prince Fredrick Harbour,FALSE,2
Lates calcarifer,Gillnet,6/10/2021,BA211006-36,NA,755,4942,m,2,NA,-15.133556,125.405306,Roe River Mouth,Prince Fredrick Harbour,FALSE,2
Lates calcarifer,Gillnet,6/10/2021,BA211006-27,NA,768,5404,m,2,NA,-15.133556,125.405306,Roe River Mouth,Prince Fredrick Harbour,FALSE,2
Lates calcarifer,Gillnet,6/10/2021,BA211006-29,NA,779,5728,m,2,NA,-15.133556,125.405306,Roe River Mouth,Prince Fredrick Harbour,FALSE,2
Lates calcarifer,Gillnet,6/10/2021,BA211006-34,NA,817,NA,f,4,NA,-15.133556,125.405306,Roe River Mouth,Prince Fredrick Harbour,FALSE,2
Lates calcarifer,Gillnet,6/10/2021,BA211006-37,NA,745,NA,m,2,NA,-15.133556,125.405306,Roe River Mouth,Prince Fredrick Harbour,FALSE,2
Lates calcarifer,Gillnet,6/10/2021,BA211006-38,NA,750,NA,m,2,NA,-15.133556,125.405306,Roe River Mouth,Prince Fredrick Harbour,FALSE,2
Lates calcarifer,Gillnet,7/10/2021,BA211007-4,NA,721,4552,m,2,10,-15.134661,125.296403,Southern Prince Fredrick Harbour,Prince Fredrick Harbour,FALSE,2
Lates calcarifer,Gillnet,7/10/2021,BA211007-7,NA,780,4478,m,2,NA,-15.134661,125.296403,Southern Prince Fredrick Harbour,Prince Fredrick Harbour,FALSE,2
Lates calcarifer,Gillnet,7/10/2021,BA211007-6,NA,739,4680,f,4,74,-15.134661,125.296403,Southern Prince Fredrick Harbour,Prince Fredrick Harbour,FALSE,2
Lates calcarifer,Gillnet,7/10/2021,BA211007-1,NA,750,5260,m,4,26,-15.134661,125.296403,Southern Prince Fredrick Harbour,Prince Fredrick Harbour,FALSE,2
Lates calcarifer,Gillnet,7/10/2021,BA211007-9,NA,764,4922,m,4,19,-15.134661,125.296403,Southern Prince Fredrick Harbour,Prince Fredrick Harbour,FALSE,2
Lates calcarifer,Gillnet,7/10/2021,BA211007-15,NA,758,5108,m,2,24.5,-15.134661,125.296403,Southern Prince Fredrick Harbour,Prince Fredrick Harbour,FALSE,2
Lates calcarifer,Gillnet,7/10/2021,BA211007-14,NA,759,4830,m,2,17,-15.134661,125.296403,Southern Prince Fredrick Harbour,Prince Fredrick Harbour,FALSE,2
Lates calcarifer,Gillnet,7/10/2021,BA211007-10,NA,771,5765,f,4,133,-15.13446,125.297447,Southern Prince Fredrick Harbour,Prince Fredrick Harbour,FALSE,2
Lates calcarifer,Gillnet,7/10/2021,BA211007-2,NA,756,4922,m,2,20,-15.13446,125.297447,Southern Prince Fredrick Harbour,Prince Fredrick Harbour,FALSE,2
Lates calcarifer,Gillnet,7/10/2021,BA211007-13,NA,745,4628,m,2,14,-15.13446,125.297447,Southern Prince Fredrick Harbour,Prince Fredrick Harbour,FALSE,2
Lates calcarifer,Gillnet,7/10/2021,BA211007-5,NA,706,3994,m,4,14.5,-15.13446,125.297447,Southern Prince Fredrick Harbour,Prince Fredrick Harbour,FALSE,2
Lates calcarifer,Gillnet,7/10/2021,BA211007-8,NA,737,5237,m,2,13,-15.13446,125.297447,Southern Prince Fredrick Harbour,Prince Fredrick Harbour,FALSE,2
Lates calcarifer,Gillnet,7/10/2021,BA211007-3,NA,826,6280,f,4,126,-15.134264,125.298646,Southern Prince Fredrick Harbour,Prince Fredrick Harbour,FALSE,2
Lates calcarifer,Gillnet,7/10/2021,BA211007-12,NA,844,6762,m,2,34,-15.134264,125.298646,Southern Prince Fredrick Harbour,Prince Fredrick Harbour,FALSE,2
Lates calcarifer,Gillnet,7/10/2021,BA211007-11,NA,687,3905,m,2,NA,-15.135024,125.30086,Southern Prince Fredrick Harbour,Prince Fredrick Harbour,FALSE,2
Lates calcarifer,Gillnet,7/10/2021,NA,NA,785,NA,NA,NA,NA,-15.10125,125.243964,Boongaree Island,Prince Fredrick Harbour,FALSE,0
Lates calcarifer,Gillnet,7/10/2021,NA,NA,755,NA,NA,NA,NA,-15.10125,125.243964,Boongaree Island,Prince Fredrick Harbour,FALSE,0
Lates calcarifer,Gillnet,7/10/2021,NA,NA,819,NA,NA,NA,NA,-15.10125,125.243964,Boongaree Island,Prince Fredrick Harbour,FALSE,0
Lates calcarifer,Gillnet,7/10/2021,NA,NA,730,NA,NA,NA,NA,-15.10125,125.243964,Boongaree Island,Prince Fredrick Harbour,FALSE,0
Lates calcarifer,Gillnet,7/10/2021,NA,NA,782,NA,NA,NA,NA,-15.101379,125.242593,Boongaree Island,Prince Fredrick Harbour,FALSE,0
Lates calcarifer,Gillnet,7/10/2021,NA,NA,756,NA,NA,NA,NA,-15.101379,125.242593,Boongaree Island,Prince Fredrick Harbour,FALSE,0
Lates calcarifer,Gillnet,7/10/2021,NA,NA,723,NA,NA,NA,NA,-15.101379,125.242593,Boongaree Island,Prince Fredrick Harbour,FALSE,0
Lates calcarifer,Gillnet,7/10/2021,NA,NA,782,NA,NA,NA,NA,-15.101379,125.242593,Boongaree Island,Prince Fredrick Harbour,FALSE,0
Lates calcarifer,Gillnet,7/10/2021,NA,NA,781,NA,NA,NA,NA,-15.101379,125.242593,Boongaree Island,Prince Fredrick Harbour,FALSE,0
Lates calcarifer,Gillnet,7/10/2021,NA,NA,722,NA,NA,NA,NA,-15.101379,125.242593,Boongaree Island,Prince Fredrick Harbour,FALSE,0
Lates calcarifer,Gillnet,7/10/2021,NA,NA,780,NA,NA,NA,NA,-15.101379,125.242593,Boongaree Island,Prince Fredrick Harbour,FALSE,0
Lates calcarifer,Gillnet,7/10/2021,NA,NA,749,NA,NA,NA,NA,-15.101379,125.242593,Boongaree Island,Prince Fredrick Harbour,FALSE,0
Lates calcarifer,Gillnet,7/10/2021,NA,NA,756,NA,NA,NA,NA,-15.101379,125.242593,Boongaree Island,Prince Fredrick Harbour,FALSE,0
Lates calcarifer,Gillnet,7/10/2021,NA,NA,770,NA,NA,NA,NA,-15.101379,125.242593,Boongaree Island,Prince Fredrick Harbour,FALSE,0
Lates calcarifer,Gillnet,7/10/2021,NA,NA,785,NA,NA,NA,NA,-15.101379,125.242593,Boongaree Island,Prince Fredrick Harbour,FALSE,0
Lates calcarifer,Gillnet,8/10/2021,NA,NA,670,NA,NA,NA,NA,-15.106419,125.21864,Boongaree Island,Prince Fredrick Harbour,FALSE,0
Lates calcarifer,Gillnet,8/10/2021,NA,NA,735,NA,NA,NA,NA,-15.106419,125.21864,Boongaree Island,Prince Fredrick Harbour,FALSE,0
Lates calcarifer,Gillnet,8/10/2021,NA,NA,745,NA,NA,NA,NA,-15.117342,125.210217,Boongaree Island,Prince Fredrick Harbour,FALSE,0
Lates calcarifer,Gillnet,8/10/2021,NA,NA,830,NA,NA,NA,NA,-15.117342,125.210217,Boongaree Island,Prince Fredrick Harbour,FALSE,0
Lates calcarifer,Gillnet,8/10/2021,NA,NA,780,NA,NA,NA,NA,-15.117342,125.210217,Boongaree Island,Prince Fredrick Harbour,FALSE,0
Lates calcarifer,Gillnet,8/10/2021,NA,NA,810,NA,NA,NA,NA,-15.117342,125.210217,Boongaree Island,Prince Fredrick Harbour,FALSE,0
Lates calcarifer,Gillnet,8/10/2021,NA,NA,765,NA,NA,NA,NA,-15.117342,125.210217,Boongaree Island,Prince Fredrick Harbour,FALSE,0
Lates calcarifer,Gillnet,8/10/2021,NA,NA,870,NA,NA,NA,NA,-15.117342,125.210217,Boongaree Island,Prince Fredrick Harbour,FALSE,0
Lates calcarifer,Gillnet,8/10/2021,NA,NA,900,NA,NA,NA,NA,-15.117342,125.210217,Boongaree Island,Prince Fredrick Harbour,FALSE,0
Lates calcarifer,Gillnet,8/10/2021,NA,NA,815,NA,NA,NA,NA,-15.117342,125.210217,Boongaree Island,Prince Fredrick Harbour,FALSE,0
Lates calcarifer,Gillnet,8/10/2021,NA,NA,780,NA,NA,NA,NA,-15.12098,125.204576,Boongaree Island,Prince Fredrick Harbour,FALSE,0
Lates calcarifer,Line,9/10/2021,BA211009-1,WAF-000474,845,NA,f,2,NA,-15.103754,125.224424,Boongaree Island,Prince Fredrick Harbour,TRUE,2
Lates calcarifer,Line,9/10/2021,BA211009-2,WAF-000475,762,NA,NA,NA,NA,-15.103754,125.224424,Boongaree Island,Prince Fredrick Harbour,TRUE,2
Lates calcarifer,Line,9/10/2021,BA211009-3,WAF-000476,780,NA,NA,NA,NA,-15.103754,125.224424,Boongaree Island,Prince Fredrick Harbour,TRUE,2
Lates calcarifer,Line,21/9/2022,BA220921-1,NA,668,3600,m,2,NA,-14.98840415,125.33577155420856,Naturalists Island,Prince Fredrick Harbour,FALSE,2
Lates calcarifer,Line,21/9/2022,BA220921-2,NA,685,3650,m,2,NA,-14.98840415,125.33577155420856,Naturalists Island,Prince Fredrick Harbour,FALSE,2
Lates calcarifer,Gillnet,22/9/2022,BA220922-1,NA,749,5200,m,2,NA,-14.994832,125.337691,Naturalists Island,Prince Fredrick Harbour,FALSE,2
Lates calcarifer,Gillnet,22/9/2022,BA220922-2,NA,734,4700,m,2,NA,-14.994832,125.337691,Naturalists Island,Prince Fredrick Harbour,FALSE,2
Lates calcarifer,Gillnet,23/9/2022,BA220923-2,NA,555,1950,m,2,NA,-15.140417,125.284932,Southern Prince Fredrick Harbour,Prince Fredrick Harbour,TRUE,2
Lates calcarifer,Gillnet,23/9/2022,BA220923-1,WAF-000918,756,4900,m,2,NA,-15.13996,125.284759,Southern Prince Fredrick Harbour,Prince Fredrick Harbour,TRUE,2
Lates calcarifer,Gillnet,16/11/2022,NA,NA,580,NA,NA,NA,NA,-18.611293,121.781035,Mud Creek,Lagrange Bay,FALSE,0
Lates calcarifer,Gillnet,16/11/2022,NA,NA,780,NA,NA,NA,NA,-18.611293,121.781035,Mud Creek,Lagrange Bay,FALSE,0
Lates calcarifer,Gillnet,16/11/2022,NA,NA,722,NA,NA,NA,NA,-18.611293,121.781035,Mud Creek,Lagrange Bay,FALSE,0
Lates calcarifer,Gillnet,16/11/2022,BA221116-1,NA,850,8240,NA,NA,NA,-18.611293,121.781035,Mud Creek,Lagrange Bay,FALSE,2
Lates calcarifer,Gillnet,16/11/2022,NA,NA,600,NA,NA,NA,NA,-18.611293,121.781035,Mud Creek,Lagrange Bay,FALSE,0
Lates calcarifer,Gillnet,16/11/2022,NA,NA,773,NA,NA,NA,NA,-18.611293,121.781035,Mud Creek,Lagrange Bay,FALSE,0
Lates calcarifer,Gillnet,16/11/2022,NA,NA,702,NA,NA,NA,NA,-18.611293,121.781035,Mud Creek,Lagrange Bay,FALSE,0
Lates calcarifer,Gillnet,16/11/2022,NA,NA,735,NA,NA,NA,NA,-18.611293,121.781035,Mud Creek,Lagrange Bay,FALSE,0
Lates calcarifer,Gillnet,17/11/2022,NA,NA,700,NA,NA,NA,NA,-18.615897,121.779477,Mud Creek,Lagrange Bay,FALSE,0
Lates calcarifer,Gillnet,5/5/2023,BA230505-5,WAF-000685,940,10525,f,2,31,-16.423981,123.727691,Kammargoorh River,Strickland Bay,TRUE,2
Lates calcarifer,Gillnet,5/5/2023,BA230505-9,WAF-000689,665,3092,f,2,16,-16.423981,123.727691,Kammargoorh River,Strickland Bay,TRUE,2
Lates calcarifer,Gillnet,5/5/2023,BA230505-3,WAF-000683,862,6835,f,2,29,-16.425618,123.725224,Kammargoorh River,Strickland Bay,TRUE,2
Lates calcarifer,Gillnet,5/5/2023,BA230505-10,WAF-000690,456,1073,m,2,NA,-16.425332,123.725194,Kammargoorh River,Strickland Bay,TRUE,2
Lates calcarifer,Gillnet,5/5/2023,BA230505-4,WAF-000684,717,3828,f,2,16,-16.42534,123.72477,Kammargoorh River,Strickland Bay,TRUE,2
Lates calcarifer,Gillnet,5/5/2023,BA230505-2,WAF-000682,541,1772,f,2,4,-16.4235867,123.722878,Kammargoorh River,Strickland Bay,TRUE,2
Lates calcarifer,Gillnet,5/5/2023,BA230505-6,WAF-000686,538,1644,m,2,3,-16.4235867,123.722878,Kammargoorh River,Strickland Bay,TRUE,2
Lates calcarifer,Gillnet,5/5/2023,BA230505-13,WAF-000698,528,1637,m,2,1.5,-16.4235867,123.722878,Kammargoorh River,Strickland Bay,TRUE,2
Lates calcarifer,Gillnet,5/5/2023,BA230505-14,WAF-000702,579,1735,m,2,0.5,-16.4235867,123.722878,Kammargoorh River,Strickland Bay,TRUE,2
Lates calcarifer,Gillnet,5/5/2023,BA230505-1,WAF-000681,641,2734,f,2,13,-16.423259,123.723085,Kammargoorh River,Strickland Bay,TRUE,2
Lates calcarifer,Gillnet,5/5/2023,BA230505-7,WAF-000687,605,2279,f,2,7,-16.423259,123.723085,Kammargoorh River,Strickland Bay,TRUE,2
Lates calcarifer,Gillnet,5/5/2023,BA230505-11,WAF-000694,553,2080,f,2,14,-16.423259,123.723085,Kammargoorh River,Strickland Bay,TRUE,2
Lates calcarifer,Gillnet,5/5/2023,BA230505-12,WAF-000697,555,1976,m,2,1,-16.423259,123.723085,Kammargoorh River,Strickland Bay,TRUE,2
Lates calcarifer,Gillnet,5/5/2023,BA230505-15,WAF-000703,529,1086,m,2,3,-16.423259,123.723085,Kammargoorh River,Strickland Bay,TRUE,2
Lates calcarifer,Gillnet,5/5/2023,BA230505-8,WAF-000688,755,4758,f,2,21,-16.421595,123.722988,Kammargoorh River,Strickland Bay,TRUE,2
Lates calcarifer,Line,6/5/2023,NA,WAF-000720,485,1158,m,2,NA,-16.5123617,123.608367,Southeastern Cone Bay,Cone Bay,TRUE,2
Lates calcarifer,Line,6/5/2023,NA,WAF-000721,523,1158,m,2,NA,-16.5123617,123.608367,Southeastern Cone Bay,Cone Bay,TRUE,2
Lates calcarifer,Gillnet,7/5/2023,BA230507-2,WAF-000727,722,4600,f,2,24,-16.527668,123.63298,Southeastern Cone Bay,Cone Bay,TRUE,2
Lates calcarifer,Gillnet,7/5/2023,BA230507-24,WAF-000752,458,1001,m,2,NA,-16.527942,123.634993,Southeastern Cone Bay,Cone Bay,TRUE,2
Lates calcarifer,Gillnet,7/5/2023,BA230507-25,WAF-000753,375,560,m,1,NA,-16.527942,123.634993,Southeastern Cone Bay,Cone Bay,TRUE,2
Lates calcarifer,Gillnet,7/5/2023,BA230507-26,WAF-000755,490,1314,m,2,NA,-16.527942,123.634993,Southeastern Cone Bay,Cone Bay,TRUE,2
Lates calcarifer,Gillnet,7/5/2023,BA230507-27,WAF-000756,513,1730,m,2,NA,-16.527942,123.634993,Southeastern Cone Bay,Cone Bay,TRUE,2
Lates calcarifer,Gillnet,7/5/2023,BA230507-28,WAF-000757,523,1505,m,1,NA,-16.527942,123.634993,Southeastern Cone Bay,Cone Bay,TRUE,2
Lates calcarifer,Gillnet,7/5/2023,BA230507-29,WAF-000758,452,1004,m,1,NA,-16.527942,123.634993,Southeastern Cone Bay,Cone Bay,TRUE,2
Lates calcarifer,Gillnet,7/5/2023,BA230507-30,WAF-000759,428,875,m,1,NA,-16.527942,123.634993,Southeastern Cone Bay,Cone Bay,TRUE,2
Lates calcarifer,Gillnet,7/5/2023,BA230507-31,WAF-000760,408,828,m,1,NA,-16.527942,123.634993,Southeastern Cone Bay,Cone Bay,TRUE,2
Lates calcarifer,Gillnet,7/5/2023,BA230507-32,WAF-000761,428,840,m,1,NA,-16.527942,123.634993,Southeastern Cone Bay,Cone Bay,TRUE,2
Lates calcarifer,Gillnet,7/5/2023,BA230507-33,WAF-000762,444,874,m,1,NA,-16.527942,123.634993,Southeastern Cone Bay,Cone Bay,TRUE,2
Lates calcarifer,Gillnet,7/5/2023,BA230507-34,WAF-000763,383,649,m,1,NA,-16.527942,123.634993,Southeastern Cone Bay,Cone Bay,TRUE,2
Lates calcarifer,Gillnet,7/5/2023,BA230507-35,WAF-000764,411,764,m,1,NA,-16.527942,123.634993,Southeastern Cone Bay,Cone Bay,TRUE,2
Lates calcarifer,Gillnet,7/5/2023,BA230507-36,WAF-000765,394,716,m,1,NA,-16.527942,123.634993,Southeastern Cone Bay,Cone Bay,TRUE,2
Lates calcarifer,Gillnet,7/5/2023,BA230507-37,WAF-000766,445,889,m,1,NA,-16.527942,123.634993,Southeastern Cone Bay,Cone Bay,TRUE,2
Lates calcarifer,Gillnet,7/5/2023,BA230507-38,WAF-000767,371,621,m,1,NA,-16.527942,123.634993,Southeastern Cone Bay,Cone Bay,TRUE,2
Lates calcarifer,Gillnet,7/5/2023,BA230507-39,WAF-000768,370,522,m,1,NA,-16.527942,123.634993,Southeastern Cone Bay,Cone Bay,TRUE,2
Lates calcarifer,Gillnet,7/5/2023,BA230507-40,WAF-001638,373,560,m,1,NA,-16.527942,123.634993,Southeastern Cone Bay,Cone Bay,TRUE,2
Lates calcarifer,Gillnet,7/5/2023,BA230507-41,WAF-001639,346,491,m,1,NA,-16.527942,123.634993,Southeastern Cone Bay,Cone Bay,TRUE,2
Lates calcarifer,Gillnet,7/5/2023,BA230507-42,WAF-001640,364,496,m,1,NA,-16.527942,123.634993,Southeastern Cone Bay,Cone Bay,TRUE,2
Lates calcarifer,Gillnet,7/5/2023,BA230507-43,WAF-001641,375,574,m,1,NA,-16.527942,123.634993,Southeastern Cone Bay,Cone Bay,TRUE,2
Lates calcarifer,Gillnet,7/5/2023,NA,NA,374,NA,NA,NA,NA,-16.527942,123.634993,Southeastern Cone Bay,Cone Bay,FALSE,0
Lates calcarifer,Gillnet,7/5/2023,NA,NA,333,NA,NA,NA,NA,-16.527942,123.634993,Southeastern Cone Bay,Cone Bay,FALSE,0
Lates calcarifer,Gillnet,7/5/2023,NA,NA,340,NA,NA,NA,NA,-16.527942,123.634993,Southeastern Cone Bay,Cone Bay,FALSE,0
Lates calcarifer,Gillnet,7/5/2023,NA,NA,580,NA,NA,NA,NA,-16.527942,123.634993,Southeastern Cone Bay,Cone Bay,FALSE,0
Lates calcarifer,Gillnet,7/5/2023,NA,NA,371,NA,NA,NA,NA,-16.527942,123.634993,Southeastern Cone Bay,Cone Bay,FALSE,0
Lates calcarifer,Gillnet,7/5/2023,NA,NA,365,NA,NA,NA,NA,-16.527942,123.634993,Southeastern Cone Bay,Cone Bay,FALSE,0
Lates calcarifer,Gillnet,7/5/2023,NA,NA,358,NA,NA,NA,NA,-16.527942,123.634993,Southeastern Cone Bay,Cone Bay,FALSE,0
Lates calcarifer,Gillnet,7/5/2023,NA,NA,393,NA,NA,NA,NA,-16.527942,123.634993,Southeastern Cone Bay,Cone Bay,FALSE,0
Lates calcarifer,Gillnet,7/5/2023,NA,NA,298,NA,NA,NA,NA,-16.527942,123.634993,Southeastern Cone Bay,Cone Bay,FALSE,0
Lates calcarifer,Gillnet,7/5/2023,NA,NA,358,NA,NA,NA,NA,-16.527942,123.634993,Southeastern Cone Bay,Cone Bay,FALSE,0
Lates calcarifer,Gillnet,7/5/2023,NA,NA,389,NA,NA,NA,NA,-16.527942,123.634993,Southeastern Cone Bay,Cone Bay,FALSE,0
Lates calcarifer,Gillnet,7/5/2023,NA,NA,464,NA,NA,NA,NA,-16.527942,123.634993,Southeastern Cone Bay,Cone Bay,FALSE,0
Lates calcarifer,Gillnet,7/5/2023,NA,NA,298,NA,NA,NA,NA,-16.527942,123.634993,Southeastern Cone Bay,Cone Bay,FALSE,0
Lates calcarifer,Gillnet,7/5/2023,NA,NA,420,NA,NA,NA,NA,-16.527942,123.634993,Southeastern Cone Bay,Cone Bay,FALSE,0
Lates calcarifer,Gillnet,7/5/2023,NA,NA,380,NA,NA,NA,NA,-16.527942,123.634993,Southeastern Cone Bay,Cone Bay,FALSE,0
Lates calcarifer,Gillnet,7/5/2023,NA,NA,440,NA,NA,NA,NA,-16.527942,123.634993,Southeastern Cone Bay,Cone Bay,FALSE,0
Lates calcarifer,Gillnet,7/5/2023,NA,NA,359,NA,NA,NA,NA,-16.527942,123.634993,Southeastern Cone Bay,Cone Bay,FALSE,0
Lates calcarifer,Gillnet,7/5/2023,NA,NA,333,NA,NA,NA,NA,-16.527942,123.634993,Southeastern Cone Bay,Cone Bay,FALSE,0
Lates calcarifer,Gillnet,7/5/2023,NA,NA,357,530,NA,NA,NA,-16.527942,123.634993,Southeastern Cone Bay,Cone Bay,FALSE,0
Lates calcarifer,Gillnet,7/5/2023,NA,NA,333,370,NA,NA,NA,-16.527942,123.634993,Southeastern Cone Bay,Cone Bay,FALSE,0
Lates calcarifer,Gillnet,7/5/2023,NA,NA,362,500,NA,NA,NA,-16.527942,123.634993,Southeastern Cone Bay,Cone Bay,FALSE,0
Lates calcarifer,Gillnet,7/5/2023,NA,NA,284,250,NA,NA,NA,-16.527942,123.634993,Southeastern Cone Bay,Cone Bay,FALSE,0
Lates calcarifer,Gillnet,7/5/2023,NA,NA,395,630,NA,NA,NA,-16.527942,123.634993,Southeastern Cone Bay,Cone Bay,FALSE,0
Lates calcarifer,Gillnet,7/5/2023,NA,NA,370,530,NA,NA,NA,-16.527942,123.634993,Southeastern Cone Bay,Cone Bay,FALSE,0
Lates calcarifer,Gillnet,7/5/2023,NA,NA,366,580,NA,NA,NA,-16.527942,123.634993,Southeastern Cone Bay,Cone Bay,FALSE,0
Lates calcarifer,Gillnet,7/5/2023,NA,NA,341,430,NA,NA,NA,-16.527942,123.634993,Southeastern Cone Bay,Cone Bay,FALSE,0
Lates calcarifer,Gillnet,7/5/2023,NA,NA,365,516,NA,NA,NA,-16.527942,123.634993,Southeastern Cone Bay,Cone Bay,FALSE,0
Lates calcarifer,Gillnet,7/5/2023,NA,NA,338,460,NA,NA,NA,-16.527942,123.634993,Southeastern Cone Bay,Cone Bay,FALSE,0
Lates calcarifer,Gillnet,7/5/2023,BA230507-16,WAF-000743,739,3900,f,2,NA,-16.527721,123.635267,Southeastern Cone Bay,Cone Bay,TRUE,2
Lates calcarifer,Gillnet,7/5/2023,BA230507-52,WAF-001649,540,1653,m,2,NA,-16.528097,123.637421,Southeastern Cone Bay,Cone Bay,TRUE,2
Lates calcarifer,Gillnet,7/5/2023,BA230507-53,WAF-001650,430,969,m,1,NA,-16.528097,123.637421,Southeastern Cone Bay,Cone Bay,TRUE,2
Lates calcarifer,Gillnet,7/5/2023,BA230507-54,WAF-001651,584,2390,f,2,NA,-16.528097,123.637421,Southeastern Cone Bay,Cone Bay,TRUE,2
Lates calcarifer,Gillnet,7/5/2023,BA230507-55,WAF-001652,530,1689,m,2,NA,-16.528097,123.637421,Southeastern Cone Bay,Cone Bay,TRUE,2
Lates calcarifer,Gillnet,7/5/2023,BA230507-56,WAF-001653,500,1504,m,2,NA,-16.528097,123.637421,Southeastern Cone Bay,Cone Bay,TRUE,2
Lates calcarifer,Gillnet,7/5/2023,BA230507-57,WAF-001654,528,1789,f,2,NA,-16.528097,123.637421,Southeastern Cone Bay,Cone Bay,TRUE,2
Lates calcarifer,Gillnet,7/5/2023,BA230507-58,WAF-001655,532,1709,m,2,NA,-16.528097,123.637421,Southeastern Cone Bay,Cone Bay,TRUE,2
Lates calcarifer,Gillnet,7/5/2023,BA230507-59,WAF-001656,550,1821,m,2,NA,-16.528097,123.637421,Southeastern Cone Bay,Cone Bay,TRUE,2
Lates calcarifer,Gillnet,7/5/2023,BA230507-66,WAF-001681,523,1620,m,1,0.4,-16.528097,123.637421,Southeastern Cone Bay,Cone Bay,TRUE,2
Lates calcarifer,Gillnet,7/5/2023,BA230507-67,WAF-001682,508,1451,m,2,0.7,-16.528097,123.637421,Southeastern Cone Bay,Cone Bay,TRUE,2
Lates calcarifer,Gillnet,7/5/2023,BA230507-68,WAF-001683,501,1254,m,1,0.6,-16.528097,123.637421,Southeastern Cone Bay,Cone Bay,TRUE,2
Lates calcarifer,Gillnet,7/5/2023,BA230507-69,WAF-001684,515,1604,f,2,6.3,-16.528097,123.637421,Southeastern Cone Bay,Cone Bay,TRUE,2
Lates calcarifer,Gillnet,7/5/2023,BA230507-70,WAF-001685,373,626,m,2,NA,-16.528097,123.637421,Southeastern Cone Bay,Cone Bay,TRUE,0
Lates calcarifer,Gillnet,7/5/2023,BA230507-71,WAF-001686,444,1051,m,2,NA,-16.528097,123.637421,Southeastern Cone Bay,Cone Bay,TRUE,2
Lates calcarifer,Gillnet,7/5/2023,BA230507-72,WAF-004100,461,1004,m,2,NA,-16.528097,123.637421,Southeastern Cone Bay,Cone Bay,TRUE,2
Lates calcarifer,Gillnet,7/5/2023,BA230507-73,WAF-004101,390,712,m,2,NA,-16.528097,123.637421,Southeastern Cone Bay,Cone Bay,TRUE,2
Lates calcarifer,Gillnet,7/5/2023,BA230507-74,WAF-004102,389,634,m,2,NA,-16.528097,123.637421,Southeastern Cone Bay,Cone Bay,TRUE,2
Lates calcarifer,Gillnet,7/5/2023,BA230507-75,WAF-004103,400,758,m,2,NA,-16.528097,123.637421,Southeastern Cone Bay,Cone Bay,TRUE,2
Lates calcarifer,Gillnet,7/5/2023,BA230507-76,WAF-004104,423,945,m,2,NA,-16.528097,123.637421,Southeastern Cone Bay,Cone Bay,TRUE,2
Lates calcarifer,Gillnet,7/5/2023,BA230507-77,WAF-004105,439,874,m,2,NA,-16.528097,123.637421,Southeastern Cone Bay,Cone Bay,TRUE,2
Lates calcarifer,Gillnet,7/5/2023,BA230507-78,WAF-004106,500,1372,m,2,NA,-16.528097,123.637421,Southeastern Cone Bay,Cone Bay,TRUE,2
Lates calcarifer,Gillnet,7/5/2023,BA230507-79,WAF-004107,475,1092,f,2,NA,-16.528097,123.637421,Southeastern Cone Bay,Cone Bay,TRUE,2
Lates calcarifer,Gillnet,7/5/2023,BA230507-80,WAF-004108,480,1349,m,2,NA,-16.528097,123.637421,Southeastern Cone Bay,Cone Bay,TRUE,2
Lates calcarifer,Gillnet,7/5/2023,BA230507-81,WAF-004109,500,1422,m,2,NA,-16.528097,123.637421,Southeastern Cone Bay,Cone Bay,TRUE,2
Lates calcarifer,Gillnet,7/5/2023,NA,NA,385,NA,NA,NA,NA,-16.528097,123.637421,Southeastern Cone Bay,Cone Bay,FALSE,0
Lates calcarifer,Gillnet,7/5/2023,NA,NA,440,NA,NA,NA,NA,-16.528097,123.637421,Southeastern Cone Bay,Cone Bay,FALSE,0
Lates calcarifer,Gillnet,7/5/2023,NA,NA,451,NA,NA,NA,NA,-16.528097,123.637421,Southeastern Cone Bay,Cone Bay,FALSE,0
Lates calcarifer,Gillnet,7/5/2023,NA,NA,460,NA,NA,NA,NA,-16.528097,123.637421,Southeastern Cone Bay,Cone Bay,FALSE,0
Lates calcarifer,Gillnet,7/5/2023,NA,NA,390,NA,NA,NA,NA,-16.528097,123.637421,Southeastern Cone Bay,Cone Bay,FALSE,0
Lates calcarifer,Gillnet,7/5/2023,NA,NA,434,NA,NA,NA,NA,-16.528097,123.637421,Southeastern Cone Bay,Cone Bay,FALSE,0
Lates calcarifer,Gillnet,7/5/2023,NA,NA,355,NA,NA,NA,NA,-16.528097,123.637421,Southeastern Cone Bay,Cone Bay,FALSE,0
Lates calcarifer,Gillnet,7/5/2023,NA,NA,399,NA,NA,NA,NA,-16.528097,123.637421,Southeastern Cone Bay,Cone Bay,FALSE,0
Lates calcarifer,Gillnet,7/5/2023,NA,NA,465,NA,NA,NA,NA,-16.528097,123.637421,Southeastern Cone Bay,Cone Bay,FALSE,0
Lates calcarifer,Gillnet,7/5/2023,NA,NA,453,NA,NA,NA,NA,-16.528097,123.637421,Southeastern Cone Bay,Cone Bay,FALSE,0
Lates calcarifer,Gillnet,7/5/2023,NA,NA,392,NA,NA,NA,NA,-16.528097,123.637421,Southeastern Cone Bay,Cone Bay,FALSE,0
Lates calcarifer,Gillnet,7/5/2023,NA,NA,534,NA,NA,NA,NA,-16.528097,123.637421,Southeastern Cone Bay,Cone Bay,FALSE,0
Lates calcarifer,Gillnet,7/5/2023,NA,NA,438,NA,NA,NA,NA,-16.528097,123.637421,Southeastern Cone Bay,Cone Bay,FALSE,0
Lates calcarifer,Gillnet,7/5/2023,NA,NA,525,NA,NA,NA,NA,-16.528097,123.637421,Southeastern Cone Bay,Cone Bay,FALSE,0
Lates calcarifer,Gillnet,7/5/2023,NA,NA,528,NA,NA,NA,NA,-16.528097,123.637421,Southeastern Cone Bay,Cone Bay,FALSE,0
Lates calcarifer,Gillnet,7/5/2023,NA,NA,417,NA,NA,NA,NA,-16.528097,123.637421,Southeastern Cone Bay,Cone Bay,FALSE,0
Lates calcarifer,Gillnet,7/5/2023,NA,NA,507,NA,NA,NA,NA,-16.528097,123.637421,Southeastern Cone Bay,Cone Bay,FALSE,0
Lates calcarifer,Gillnet,7/5/2023,NA,NA,418,NA,NA,NA,NA,-16.528097,123.637421,Southeastern Cone Bay,Cone Bay,FALSE,0
Lates calcarifer,Gillnet,7/5/2023,NA,NA,429,NA,NA,NA,NA,-16.528097,123.637421,Southeastern Cone Bay,Cone Bay,FALSE,0
Lates calcarifer,Gillnet,7/5/2023,NA,NA,449,NA,NA,NA,NA,-16.528097,123.637421,Southeastern Cone Bay,Cone Bay,FALSE,0
Lates calcarifer,Gillnet,7/5/2023,NA,NA,460,NA,NA,NA,NA,-16.528097,123.637421,Southeastern Cone Bay,Cone Bay,FALSE,0
Lates calcarifer,Gillnet,7/5/2023,NA,NA,472,NA,NA,NA,NA,-16.528097,123.637421,Southeastern Cone Bay,Cone Bay,FALSE,0
Lates calcarifer,Gillnet,7/5/2023,NA,NA,495,1450,NA,NA,NA,-16.528097,123.637421,Southeastern Cone Bay,Cone Bay,FALSE,0
Lates calcarifer,Gillnet,7/5/2023,NA,NA,411,820,NA,NA,NA,-16.528097,123.637421,Southeastern Cone Bay,Cone Bay,FALSE,0
Lates calcarifer,Gillnet,7/5/2023,NA,NA,435,830,NA,NA,NA,-16.528097,123.637421,Southeastern Cone Bay,Cone Bay,FALSE,0
Lates calcarifer,Gillnet,7/5/2023,NA,NA,448,1060,NA,NA,NA,-16.528097,123.637421,Southeastern Cone Bay,Cone Bay,FALSE,0
Lates calcarifer,Gillnet,7/5/2023,NA,NA,461,1060,NA,NA,NA,-16.528097,123.637421,Southeastern Cone Bay,Cone Bay,FALSE,0
Lates calcarifer,Gillnet,7/5/2023,NA,NA,454,1020,NA,NA,NA,-16.528097,123.637421,Southeastern Cone Bay,Cone Bay,FALSE,0
Lates calcarifer,Gillnet,7/5/2023,NA,NA,402,720,NA,NA,NA,-16.528097,123.637421,Southeastern Cone Bay,Cone Bay,FALSE,0
Lates calcarifer,Gillnet,7/5/2023,NA,NA,483,1250,NA,NA,NA,-16.528097,123.637421,Southeastern Cone Bay,Cone Bay,FALSE,0
Lates calcarifer,Gillnet,7/5/2023,BA230507-1,WAF-000726,590,2360,m,2,NA,-16.52141,123.63188,Southeastern Cone Bay,Cone Bay,TRUE,2
Lates calcarifer,Gillnet,7/5/2023,BA230507-3,WAF-000728,697,3510,f,2,31,-16.52141,123.63188,Southeastern Cone Bay,Cone Bay,TRUE,2
Lates calcarifer,Gillnet,7/5/2023,BA230507-6,WAF-000731,724,3480,m,2,NA,-16.52141,123.63188,Southeastern Cone Bay,Cone Bay,TRUE,2
Lates calcarifer,Gillnet,7/5/2023,BA230507-7,WAF-000732,545,2110,f,2,NA,-16.52141,123.63188,Southeastern Cone Bay,Cone Bay,TRUE,2
Lates calcarifer,Gillnet,7/5/2023,BA230507-13,WAF-000740,540,1770,f,2,NA,-16.52141,123.63188,Southeastern Cone Bay,Cone Bay,TRUE,2
Lates calcarifer,Gillnet,7/5/2023,BA230507-14,WAF-000741,515,1640,NA,NA,NA,-16.52141,123.63188,Southeastern Cone Bay,Cone Bay,TRUE,2
Lates calcarifer,Gillnet,7/5/2023,BA230507-17,WAF-000744,727,3650,f,2,NA,-16.52141,123.63188,Southeastern Cone Bay,Cone Bay,TRUE,2
Lates calcarifer,Gillnet,7/5/2023,BA230507-18,WAF-000746,532,1659,f,2,NA,-16.52141,123.63188,Southeastern Cone Bay,Cone Bay,TRUE,2
Lates calcarifer,Gillnet,7/5/2023,BA230507-19,WAF-000747,537,1785,f,2,NA,-16.52141,123.63188,Southeastern Cone Bay,Cone Bay,TRUE,2
Lates calcarifer,Gillnet,7/5/2023,BA230507-20,WAF-000748,424,844,m,1,NA,-16.52141,123.63188,Southeastern Cone Bay,Cone Bay,TRUE,2
Lates calcarifer,Gillnet,7/5/2023,BA230507-21,WAF-000749,445,929,m,1,NA,-16.52141,123.63188,Southeastern Cone Bay,Cone Bay,TRUE,2
Lates calcarifer,Gillnet,7/5/2023,BA230507-22,WAF-000750,530,1660,m,1,NA,-16.52141,123.63188,Southeastern Cone Bay,Cone Bay,TRUE,2
Lates calcarifer,Gillnet,7/5/2023,BA230507-23,WAF-000751,522,1630,m,1,NA,-16.52141,123.63188,Southeastern Cone Bay,Cone Bay,TRUE,1
Lates calcarifer,Gillnet,7/5/2023,BA230507-60,WAF-001674,569,2137,f,2,5,-16.52141,123.63188,Southeastern Cone Bay,Cone Bay,TRUE,2
Lates calcarifer,Gillnet,7/5/2023,BA230507-61,WAF-001675,662,3135,f,2,6,-16.52141,123.63188,Southeastern Cone Bay,Cone Bay,TRUE,2
Lates calcarifer,Gillnet,7/5/2023,BA230507-62,WAF-001676,559,1964,f,2,5.65,-16.52141,123.63188,Southeastern Cone Bay,Cone Bay,TRUE,2
Lates calcarifer,Gillnet,7/5/2023,BA230507-63,WAF-001677,587,2543,m,2,1.5,-16.52141,123.63188,Southeastern Cone Bay,Cone Bay,TRUE,2
Lates calcarifer,Gillnet,7/5/2023,BA230507-64,WAF-001678,576,2209,m,2,2.2,-16.52141,123.63188,Southeastern Cone Bay,Cone Bay,TRUE,2
Lates calcarifer,Gillnet,7/5/2023,BA230507-65,WAF-001679,569,2155,f,2,5,-16.52141,123.63188,Southeastern Cone Bay,Cone Bay,TRUE,2
Lates calcarifer,Gillnet,7/5/2023,BA230507-4,WAF-000729,544,1690,f,2,NA,-16.522339,123.632743,Southeastern Cone Bay,Cone Bay,TRUE,2
Lates calcarifer,Gillnet,7/5/2023,BA230507-5,WAF-000730,610,3220,m,2,NA,-16.522339,123.632743,Southeastern Cone Bay,Cone Bay,TRUE,2
Lates calcarifer,Gillnet,7/5/2023,BA230507-9,WAF-000735,770,5000,f,2,30,-16.522339,123.632743,Southeastern Cone Bay,Cone Bay,TRUE,2
Lates calcarifer,Gillnet,7/5/2023,BA230507-11,WAF-000738,655,3080,f,2,15,-16.522339,123.632743,Southeastern Cone Bay,Cone Bay,TRUE,2
Lates calcarifer,Gillnet,7/5/2023,BA230507-44,WAF-001642,400,750,m,1,NA,-16.521204,123.629043,Southeastern Cone Bay,Cone Bay,TRUE,2
Lates calcarifer,Gillnet,7/5/2023,BA230507-45,WAF-001643,633,2150,f,2,NA,-16.521204,123.629043,Southeastern Cone Bay,Cone Bay,TRUE,2
Lates calcarifer,Gillnet,7/5/2023,BA230507-46,WAF-001644,575,2260,m,2,NA,-16.521204,123.629043,Southeastern Cone Bay,Cone Bay,TRUE,2
Lates calcarifer,Gillnet,7/5/2023,BA230507-49,WAF-001646,483,1296,f,2,NA,-16.521204,123.629043,Southeastern Cone Bay,Cone Bay,TRUE,2
Lates calcarifer,Gillnet,7/5/2023,BA230507-50,WAF-001647,440,900,m,1,NA,-16.521204,123.629043,Southeastern Cone Bay,Cone Bay,TRUE,2
Lates calcarifer,Gillnet,7/5/2023,BA230507-51,WAF-001648,377,605,m,1,NA,-16.521204,123.629043,Southeastern Cone Bay,Cone Bay,TRUE,2
Lates calcarifer,Gillnet,7/5/2023,BA230507-47,NA,544,1900,f,2,NA,-16.521204,123.629043,Southeastern Cone Bay,Cone Bay,FALSE,2
Lates calcarifer,Gillnet,7/5/2023,BA230507-48,NA,416,826,m,1,NA,-16.521204,123.629043,Southeastern Cone Bay,Cone Bay,TRUE,1
Lates calcarifer,Gillnet,7/5/2023,NA,NA,435,850,NA,NA,NA,-16.521204,123.629043,Southeastern Cone Bay,Cone Bay,FALSE,0
Lates calcarifer,Gillnet,7/5/2023,NA,NA,394,690,NA,NA,NA,-16.521204,123.629043,Southeastern Cone Bay,Cone Bay,FALSE,0
Lates calcarifer,Gillnet,7/5/2023,NA,NA,398,650,NA,NA,NA,-16.521204,123.629043,Southeastern Cone Bay,Cone Bay,FALSE,0
Lates calcarifer,Gillnet,7/5/2023,NA,NA,406,740,NA,NA,NA,-16.521204,123.629043,Southeastern Cone Bay,Cone Bay,FALSE,0
Lates calcarifer,Gillnet,7/5/2023,NA,NA,436,830,NA,NA,NA,-16.521204,123.629043,Southeastern Cone Bay,Cone Bay,FALSE,0
Lates calcarifer,Gillnet,7/5/2023,BA230507-8,WAF-000733,686,NA,f,2,15,-16.522104,123.628776,Southeastern Cone Bay,Cone Bay,TRUE,2
Lates calcarifer,Gillnet,7/5/2023,BA230507-10,WAF-000737,722,NA,NA,NA,NA,-16.522104,123.628776,Southeastern Cone Bay,Cone Bay,TRUE,2
Lates calcarifer,Gillnet,7/5/2023,BA230507-12,WAF-000739,675,3680,f,2,NA,-16.522104,123.628776,Southeastern Cone Bay,Cone Bay,TRUE,2
Lates calcarifer,Gillnet,7/5/2023,BA230507-15,WAF-000742,600,2126,NA,NA,NA,-16.522104,123.628776,Southeastern Cone Bay,Cone Bay,TRUE,2
Lates calcarifer,Gillnet,8/5/2023,BA230508-1,WAF-001657,930,8300,m,2,10,-16.978866,123.859354,Meda River Mouth,Meda River,TRUE,2
Lates calcarifer,Gillnet,9/5/2023,BA230509-10,WAF-001710,649,3136,m,2,NA,-17.077269,123.861827,May River Eastern Creek,May River,TRUE,2
Lates calcarifer,Gillnet,9/5/2023,NA,NA,579,2419,f,2,NA,-17.077269,123.861827,May River Eastern Creek,May River,FALSE,0
Lates calcarifer,Gillnet,9/5/2023,BA230509-13,NA,594,2360,m,2,NA,-17.077269,123.861827,May River Eastern Creek,May River,TRUE,2
Lates calcarifer,Gillnet,9/5/2023,BA230509-1,WAF-001702,846,6044,m,2,9,-17.066664,123.848278,May River Eastern Creek,May River,TRUE,2
Lates calcarifer,Gillnet,9/5/2023,BA230509-3,WAF-001705,638,2900,m,2,NA,-17.066664,123.848278,May River Eastern Creek,May River,TRUE,2
Lates calcarifer,Gillnet,9/5/2023,BA230509-5,WAF-001706,647,3201,m,2,4,-17.066664,123.848278,May River Eastern Creek,May River,TRUE,2
Lates calcarifer,Gillnet,9/5/2023,BA230509-6,WAF-001707,765,4713,m,2,4,-17.066664,123.848278,May River Eastern Creek,May River,TRUE,2
Lates calcarifer,Gillnet,9/5/2023,BA230509-12,WAF-001712,629,2894,m,2,NA,-17.066664,123.848278,May River Eastern Creek,May River,TRUE,2
Lates calcarifer,Gillnet,9/5/2023,BA230509-16,WAF-001715,620,2660,m,2,NA,-17.066664,123.848278,May River Eastern Creek,May River,TRUE,2
Lates calcarifer,Gillnet,9/5/2023,BA230509-17,WAF-001716,679,3399,m,2,NA,-17.066664,123.848278,May River Eastern Creek,May River,TRUE,2
Lates calcarifer,Gillnet,9/5/2023,BA230509-18,WAF-001717,645,2684,m,2,NA,-17.066664,123.848278,May River Eastern Creek,May River,TRUE,2
Lates calcarifer,Gillnet,9/5/2023,BA230509-20,WAF-001718,782,4768,m,2,NA,-17.066664,123.848278,May River Eastern Creek,May River,TRUE,2
Lates calcarifer,Gillnet,9/5/2023,BAR230509-21,WAF-001719,818,5999,m,2,13,-17.066664,123.848278,May River Eastern Creek,May River,TRUE,2
Lates calcarifer,Gillnet,9/5/2023,BA230509-27,NA,608,2769,m,2,NA,-17.066664,123.848278,May River Eastern Creek,May River,TRUE,2
Lates calcarifer,Gillnet,9/5/2023,BA230509-19,NA,643,2847,m,2,NA,-17.066664,123.848278,May River Eastern Creek,May River,FALSE,2
Lates calcarifer,Gillnet,9/5/2023,BA230509-8,WAF-001704,721,4556,m,2,2.2,-17.064896,123.84585,May River Eastern Creek,May River,TRUE,2
Lates calcarifer,Gillnet,9/5/2023,BA230509-7,WAF-001708,960,10704,f,2,53,-17.064896,123.84585,May River Eastern Creek,May River,TRUE,2
Lates calcarifer,Gillnet,9/5/2023,BA230509-9,WAF-001709,1002,10716,f,2,59,-17.064896,123.84585,May River Eastern Creek,May River,TRUE,2
Lates calcarifer,Gillnet,9/5/2023,BA230509-11,WAF-001711,641,3294,m,1,NA,-17.064896,123.84585,May River Eastern Creek,May River,TRUE,2
Lates calcarifer,Gillnet,9/5/2023,BA230509-22,WAF-001746,1010,13020,f,2,82,-17.064896,123.84585,May River Eastern Creek,May River,TRUE,2
Lates calcarifer,Gillnet,9/5/2023,BA230509-23,WAF-001755,708,3944,m,2,3.04,-17.064896,123.84585,May River Eastern Creek,May River,TRUE,2
Lates calcarifer,Gillnet,9/5/2023,BA230509-2,WAF-001701,890,7986,f,2,25.9,-17.065911,123.835545,May River Eastern Creek,May River,TRUE,2
Lates calcarifer,Gillnet,9/5/2023,BA230509-4,WAF-001703,661,3120,m,2,NA,-17.065911,123.835545,May River Eastern Creek,May River,TRUE,2
Lates calcarifer,Gillnet,9/5/2023,BA230509-14,WAF-001713,549,1825,m,1,NA,-17.065911,123.835545,May River Eastern Creek,May River,TRUE,2
Lates calcarifer,Gillnet,9/5/2023,BA230509-15,WAF-001714,540,2012,m,2,0.6,-17.065911,123.835545,May River Eastern Creek,May River,TRUE,2
Lates calcarifer,Gillnet,9/5/2023,BA230509-24,WAF-001763,659,3308,f,2,4.9,-17.065911,123.835545,May River Eastern Creek,May River,TRUE,2
Lates calcarifer,Gillnet,9/5/2023,BA230509-25,WAF-001773,683,3828,m,2,1.5,-17.065911,123.835545,May River Eastern Creek,May River,TRUE,2
Lates calcarifer,Gillnet,9/5/2023,BA230509-26,NA,540,1908,m,2,0.9,-17.065911,123.835545,May River Eastern Creek,May River,TRUE,2
Lates calcarifer,Gillnet,10/5/2023,BA230510-15,WAF-001756,640,2881,m,2,4.13,-17.065794,123.835726,May River Eastern Creek,May River,TRUE,2
Lates calcarifer,Gillnet,10/5/2023,BA230510-17,WAF-001762,666,3892,m,2,9,-17.065794,123.835726,May River Eastern Creek,May River,TRUE,2
Lates calcarifer,Gillnet,10/5/2023,BA230510-21,WAF-001772,640,3095,m,2,NA,-17.065794,123.835726,May River Eastern Creek,May River,TRUE,2
Lates calcarifer,Gillnet,10/5/2023,BA230510-23,NA,726,4195,m,2,NA,-17.065794,123.835726,May River Eastern Creek,May River,TRUE,2
Lates calcarifer,Gillnet,10/5/2023,BA230510-5,WAF-001723,928,9279,f,2,71.3,-17.06491,123.846022,May River Eastern Creek,May River,TRUE,2
Lates calcarifer,Gillnet,10/5/2023,BA230510-8,WAF-001735,760,4598,m,2,6,-17.06491,123.846022,May River Eastern Creek,May River,TRUE,2
Lates calcarifer,Gillnet,10/5/2023,BA230510-9,WAF-001738,678,3626,m,2,NA,-17.06491,123.846022,May River Eastern Creek,May River,TRUE,2
Lates calcarifer,Gillnet,10/5/2023,BA230510-10,WAF-001739,804,5157,m,2,NA,-17.06491,123.846022,May River Eastern Creek,May River,TRUE,2
Lates calcarifer,Gillnet,10/5/2023,BA230510-16,WAF-001761,678,3398,m,2,1.5,-17.06491,123.846022,May River Eastern Creek,May River,TRUE,2
Lates calcarifer,Gillnet,10/5/2023,BA230510-6,WAF-001726,715,NA,m,2,11.6,-17.066682,123.848552,May River Eastern Creek,May River,TRUE,2
Lates calcarifer,Gillnet,10/5/2023,BA230510-11,WAF-001747,639,2839,m,2,NA,-17.066682,123.848552,May River Eastern Creek,May River,TRUE,2
Lates calcarifer,Gillnet,10/5/2023,BA230510-18,WAF-001767,828,NA,m,2,NA,-17.066682,123.848552,May River Eastern Creek,May River,TRUE,2
Lates calcarifer,Gillnet,10/5/2023,BA230510-19,WAF-001768,654,2807,m,2,NA,-17.066682,123.848552,May River Eastern Creek,May River,TRUE,2
Lates calcarifer,Gillnet,10/5/2023,BA230510-22,NA,793,5695,m,2,10.8,-17.066682,123.848552,May River Eastern Creek,May River,TRUE,2
Lates calcarifer,Gillnet,10/5/2023,BA230510-24,NA,614,2526,m,2,1.1,-17.066682,123.848552,May River Eastern Creek,May River,TRUE,2
Lates calcarifer,Gillnet,10/5/2023,BA230510-27,WAF-001720,595,2800,m,2,NA,-17.079261,123.859739,May River Eastern Creek,May River,TRUE,2
Lates calcarifer,Gillnet,10/5/2023,BA230510-13,WAF-001752,742,4410,m,2,2.8,-17.083199,123.855267,May River Eastern Creek,May River,TRUE,2
Lates calcarifer,Gillnet,10/5/2023,BA230510-7,WAF-001733,634,2844,m,2,3.2,-17.077906,123.862367,May River Eastern Creek,May River,TRUE,2
Lates calcarifer,Gillnet,10/5/2023,BA230510-14,WAF-001754,658,3019,m,2,NA,-17.077906,123.862367,May River Eastern Creek,May River,TRUE,2
Lates calcarifer,Gillnet,10/5/2023,BA230510-20,WAF-001771,653,2997,m,2,0.9,-17.077906,123.862367,May River Eastern Creek,May River,TRUE,2
Lates calcarifer,Gillnet,10/5/2023,BA230510-25,NA,539,1627,m,1,0.5,-17.077906,123.862367,May River Eastern Creek,May River,TRUE,2
Lates calcarifer,Line,10/5/2023,BA230510-12,WAF-001751,650,3044,f,2,7.7,-17.079445,123.859733,May River Eastern Creek,May River,TRUE,2
Lates calcarifer,Gillnet,11/5/2023,BA230511-1,WAF-001724,745,5079,m,2,NA,-16.892832,123.836859,Robinson River Mangroves,Robinson River,TRUE,2
Lates calcarifer,Gillnet,11/5/2023,BA230511-5,WAF-001729,630,2824,m,2,NA,-16.892832,123.836859,Robinson River Mangroves,Robinson River,TRUE,2
Lates calcarifer,Gillnet,11/5/2023,BA230511-13,WAF-001742,700,3888,m,2,NA,-16.892832,123.836859,Robinson River Mangroves,Robinson River,TRUE,2
Lates calcarifer,Gillnet,11/5/2023,BA230511-25,WAF-001764,565,2126,m,2,NA,-16.892832,123.836859,Robinson River Mangroves,Robinson River,TRUE,2
Lates calcarifer,Gillnet,11/5/2023,BA230511-28,WAF-001769,690,3390,m,2,NA,-16.892832,123.836859,Robinson River Mangroves,Robinson River,TRUE,2
Lates calcarifer,Gillnet,11/5/2023,BA230511-29,WAF-001770,696,3664,m,2,6,-16.892832,123.836859,Robinson River Mangroves,Robinson River,TRUE,2
Lates calcarifer,Gillnet,11/5/2023,BA230511-30,WAF-001774,531,1932,m,2,NA,-16.892832,123.836859,Robinson River Mangroves,Robinson River,TRUE,2
Lates calcarifer,Gillnet,11/5/2023,BA230511-2,WAF-001725,771,5188,m,2,7,-16.894229,123.835188,Robinson River Mangroves,Robinson River,TRUE,2
Lates calcarifer,Gillnet,11/5/2023,BA230511-3,WAF-001727,844,7408,m,2,7,-16.894229,123.835188,Robinson River Mangroves,Robinson River,TRUE,2
Lates calcarifer,Gillnet,11/5/2023,BA230511-6,WAF-001730,820,6329,m,2,NA,-16.894229,123.835188,Robinson River Mangroves,Robinson River,TRUE,2
Lates calcarifer,Gillnet,11/5/2023,BA230511-11,WAF-001740,880,7432,f,2,30,-16.894229,123.835188,Robinson River Mangroves,Robinson River,TRUE,2
Lates calcarifer,Gillnet,11/5/2023,BA230511-12,WAF-001741,700,3955,m,2,NA,-16.894229,123.835188,Robinson River Mangroves,Robinson River,TRUE,2
Lates calcarifer,Gillnet,11/5/2023,BA230511-14,WAF-001743,892,8007,m,2,NA,-16.894229,123.835188,Robinson River Mangroves,Robinson River,TRUE,2
Lates calcarifer,Gillnet,11/5/2023,BA230511-15,WAF-001744,850,6698,m,2,NA,-16.894229,123.835188,Robinson River Mangroves,Robinson River,TRUE,2
Lates calcarifer,Gillnet,11/5/2023,BA230511-16,WAF-001745,870,7970,f,2,34,-16.894229,123.835188,Robinson River Mangroves,Robinson River,TRUE,2
Lates calcarifer,Gillnet,11/5/2023,BA230511-18,WAF-001749,882,8541,f,2,50,-16.894229,123.835188,Robinson River Mangroves,Robinson River,TRUE,2
Lates calcarifer,Gillnet,11/5/2023,BA230511-19,WAF-001750,865,6995,m,2,NA,-16.894229,123.835188,Robinson River Mangroves,Robinson River,TRUE,2
Lates calcarifer,Gillnet,11/5/2023,BA230511-24,WAF-001760,820,6160,m,2,11,-16.894229,123.835188,Robinson River Mangroves,Robinson River,TRUE,2
Lates calcarifer,Gillnet,11/5/2023,BA230511-27,WAF-001766,863,6686,m,2,NA,-16.894229,123.835188,Robinson River Mangroves,Robinson River,TRUE,2
Lates calcarifer,Gillnet,11/5/2023,BA230511-32,NA,752,5798,m,2,7,-16.894229,123.835188,Robinson River Mangroves,Robinson River,FALSE,2
Lates calcarifer,Gillnet,11/5/2023,BA230511-31,WAF-001775,799,5266,m,2,NA,-16.899132,123.827595,Robinson River Mangroves,Robinson River,TRUE,2
Lates calcarifer,Gillnet,11/5/2023,BA230511-4,WAF-001728,862,7338,m,2,7,-16.903068,123.82304,Robinson River Mangroves,Robinson River,TRUE,2
Lates calcarifer,Gillnet,11/5/2023,BA230511-7,WAF-001731,780,5009,m,2,NA,-16.903068,123.82304,Robinson River Mangroves,Robinson River,TRUE,2
Lates calcarifer,Gillnet,11/5/2023,BA230511-34,WAF-001734,860,6987,m,2,9,-16.903068,123.82304,Robinson River Mangroves,Robinson River,TRUE,2
Lates calcarifer,Gillnet,11/5/2023,BA230511-10,WAF-001737,780,5610,m,2,NA,-16.903068,123.82304,Robinson River Mangroves,Robinson River,TRUE,2
Lates calcarifer,Gillnet,11/5/2023,BA230511-17,WAF-001748,811,5292,m,2,6,-16.903068,123.82304,Robinson River Mangroves,Robinson River,TRUE,2
Lates calcarifer,Gillnet,11/5/2023,BA230511-21,WAF-001757,732,4689,m,2,NA,-16.903068,123.82304,Robinson River Mangroves,Robinson River,TRUE,2
Lates calcarifer,Gillnet,11/5/2023,BA230511-22,WAF-001758,785,5370,m,2,NA,-16.903068,123.82304,Robinson River Mangroves,Robinson River,TRUE,2
Lates calcarifer,Gillnet,11/5/2023,BA230511-23,WAF-001759,880,8107,m,2,9,-16.903068,123.82304,Robinson River Mangroves,Robinson River,TRUE,2
Lates calcarifer,Gillnet,11/5/2023,BA230511-26,WAF-001765,691,3820,m,2,NA,-16.903068,123.82304,Robinson River Mangroves,Robinson River,TRUE,2
Lates calcarifer,Gillnet,11/5/2023,BA230511-8,WAF-001732,875,9296,f,2,40,-16.907855,123.818565,Robinson River Mangroves,Robinson River,TRUE,2
Lates calcarifer,Gillnet,11/5/2023,BA230511-9,WAF-001736,875,8206,f,2,33,-16.907855,123.818565,Robinson River Mangroves,Robinson River,TRUE,2
Lates calcarifer,Gillnet,11/5/2023,BA230511-20,WAF-001753,840,7337,m,2,9,-16.907855,123.818565,Robinson River Mangroves,Robinson River,TRUE,2
Lates calcarifer,Gillnet,11/5/2023,BA230511-33,NA,851,7133,m,2,NA,-16.907855,123.818565,Robinson River Mangroves,Robinson River,FALSE,2
Lates calcarifer,Line,30/8/2023,BAR230830-1,WAF-003398,770,5100,m,2,NA,-16.36275,124.182056,Call Back Creek,Collier Bay,TRUE,2
Lates calcarifer,Line,30/8/2023,BAR230830-2,WAF-003399,645,2700,m,2,NA,-16.36275,124.182056,Call Back Creek,Collier Bay,TRUE,2
Lates calcarifer,Line,30/8/2023,BAR230830-3,WAF-003638,640,2850,m,2,NA,-16.36275,124.182056,Call Back Creek,Collier Bay,TRUE,2
Lates calcarifer,Line,30/8/2023,BAR230830-4,WAF-003639,733,4050,m,2,NA,-16.36275,124.182056,Call Back Creek,Collier Bay,TRUE,2
Lates calcarifer,Line,30/8/2023,BAR230830-5,WAF-003640,720,3600,m,2,NA,-16.36275,124.182056,Call Back Creek,Collier Bay,TRUE,2
Lates calcarifer,Line,30/8/2023,BAR230830-6,WAF-003641,525,1500,m,1,NA,-16.36275,124.182056,Call Back Creek,Collier Bay,TRUE,2
Lates calcarifer,Line,30/8/2023,BAR230830-7,WAF-003642,650,2800,m,2,NA,-16.36275,124.182056,Call Back Creek,Collier Bay,TRUE,2
Lates calcarifer,Line,30/8/2023,BAR230830-8,WAF-003643,641,2800,m,2,NA,-16.36275,124.182056,Call Back Creek,Collier Bay,TRUE,2
Lates calcarifer,Line,30/8/2023,BAR230830-9,WAF-003644,985,10200,f,2,NA,-16.36275,124.182056,Call Back Creek,Collier Bay,TRUE,2
Lates calcarifer,Line,13/10/2023,BA231013-1,NA,762,NA,m,NA,NA,-17.986625,124.255562,Uralla Creek,Camballin,FALSE,2
Lates calcarifer,Line,15/10/2023,BA231015-6,WAF-004014,649,NA,m,NA,NA,-17.986625,124.255562,Uralla Creek,Camballin,TRUE,2
Lates calcarifer,Line,15/10/2023,BA231015-5,WAF-004012,647,NA,m,NA,NA,-17.986625,124.255562,Uralla Creek,Camballin,TRUE,2
Lates calcarifer,Line,15/10/2023,BA231015-1,WAF-004004,685,NA,m,1,NA,-17.986625,124.255562,Uralla Creek,Camballin,TRUE,2
Lates calcarifer,unknown,15/10/2023,BA231015-2,WAF-004005,731,NA,m,NA,NA,-14.02421333,126.59025033333333,Carronade Island,Napier Broome Bay,TRUE,2
Lates calcarifer,unknown,15/10/2023,BA231015-3,WAF-004006,664,NA,m,NA,NA,-14.02421333,126.59025033333333,Carronade Island,Napier Broome Bay,TRUE,2
Lates calcarifer,unknown,15/10/2023,BA231015-4,WAF-004007,752,NA,m,NA,NA,-14.02421333,126.59025033333333,Carronade Island,Napier Broome Bay,TRUE,2
Lates calcarifer,Line,28/11/2023,BA231128-1,NA,355,485,NA,NA,NA,-18.083479,124.235721,Poloney (school camp),Fitzroy River,FALSE,2
Lates calcarifer,Line,28/11/2023,BA231128-2,WAF-004000,715,4000,f,2,16,-18.083479,124.235721,Poloney (school camp),Fitzroy River,TRUE,2
Lates calcarifer,Line,28/11/2023,BA231128-3,WAF-004001,680,3426,m,1,4,-18.083479,124.235721,Poloney (school camp),Fitzroy River,TRUE,2
Lates calcarifer,Line,28/11/2023,BA231128-4,WAF-004002,785,5862,f,2,19,-18.083479,124.235721,Poloney (school camp),Fitzroy River,TRUE,2
Lates calcarifer,Line,28/11/2023,BA231128-5,WAF-004003,735,4013,m,2,2,-18.083479,124.235721,Poloney (school camp),Fitzroy River,TRUE,2
Lates calcarifer,Line,29/11/2023,BA231129-1,WAF-004008,277,197,i,NA,NA,-18.083479,124.235721,Poloney (school camp),Fitzroy River,TRUE,2
Lates calcarifer,Line,29/11/2023,BA231129-2,WAF-004009,415,713,m,1,NA,-18.083479,124.235721,Poloney (school camp),Fitzroy River,TRUE,2
Lates calcarifer,Line,29/11/2023,BA231129-3,WAF-004010,825,6360,m,2,3,-18.083479,124.235721,Poloney (school camp),Fitzroy River,TRUE,2
Lates calcarifer,Line,29/11/2023,BA231129-4,WAF-004011,380,482,m,1,NA,-18.083479,124.235721,Poloney (school camp),Fitzroy River,TRUE,2
Lates calcarifer,Line,30/11/2023,BA231130-1,WAF-004013,675,3630,m,NA,NA,-18.083479,124.235721,Poloney (school camp),Fitzroy River,TRUE,2
Lates calcarifer,Line,30/11/2023,BA231130-2,WAF-004015,590,2000,m,1,NA,-18.083479,124.235721,Poloney (school camp),Fitzroy River,TRUE,2
Lates calcarifer,Gillnet,12/6/2024,BA240612-1,WAF-004022,746,5625,f,2,35,-18.135386,122.322393,Thangoo,Roebuck Bay,TRUE,2
Lates calcarifer,Gillnet,12/6/2024,BA240612-2,WAF-004026,640,3234,m,2,NA,-18.135386,122.322393,Thangoo,Roebuck Bay,TRUE,2
Lates calcarifer,Gillnet,12/6/2024,BA240612-3,WAF-004027,642,3920,f,2,25,-18.135386,122.322393,Thangoo,Roebuck Bay,TRUE,2
Lates calcarifer,Gillnet,12/6/2024,BA240612-4,WAF-004028,684,4265,f,2,25,-18.135386,122.322393,Thangoo,Roebuck Bay,TRUE,2
Lates calcarifer,Gillnet,12/6/2024,BA240612-5,WAF-004031,674,4060,m,2,NA,-18.141655,122.32826833333333,Thangoo,Roebuck Bay,TRUE,2
Lates calcarifer,Gillnet,12/6/2024,BA240612-6,WAF-004032,605,3190,m,2,NA,-18.141655,122.32826833333333,Thangoo,Roebuck Bay,TRUE,2
Lates calcarifer,Gillnet,13/6/2024,BA240613-1,WAF-004054,645,3130,m,2,NA,-18.158145,122.283515,Thangoo,Roebuck Bay,TRUE,2
Lates calcarifer,Gillnet,13/6/2024,BA240613-2,WAF-004055,651,3260,m,2,NA,-18.158145,122.283515,Thangoo,Roebuck Bay,TRUE,2
Lates calcarifer,Gillnet,13/6/2024,BA240613-3,WAF-004056,655,3360,f,2,10,-18.158145,122.283515,Thangoo,Roebuck Bay,TRUE,2
Lates calcarifer,Gillnet,13/6/2024,BA240613-4,WAF-004057,640,3070,m,2,NA,-18.158145,122.283515,Thangoo,Roebuck Bay,TRUE,2
Lates calcarifer,Gillnet,13/6/2024,BA240613-5,WAF-004058,615,2850,m,2,NA,-18.158145,122.283515,Thangoo,Roebuck Bay,TRUE,2
Lates calcarifer,Gillnet,13/6/2024,BA240613-6,WAF-004062,650,3480,f,2,NA,-18.16343833,122.28626,Thangoo,Roebuck Bay,TRUE,2
Lates calcarifer,Gillnet,13/6/2024,BA240613-7,WAF-004075,645,3330,m,2,NA,-18.16371833,122.286475,Thangoo,Roebuck Bay,TRUE,2
Lates calcarifer,Gillnet,15/7/2024,NA,NA,751,NA,NA,NA,NA,-18.10341667,122.350375,Thangoo,Roebuck Bay,FALSE,0
Lates calcarifer,Gillnet,15/7/2024,NA,NA,685,NA,NA,NA,NA,-18.10341667,122.350375,Thangoo,Roebuck Bay,FALSE,0
Lates calcarifer,Gillnet,15/7/2024,NA,NA,629,NA,NA,NA,NA,-18.10341667,122.350375,Thangoo,Roebuck Bay,FALSE,0
Lates calcarifer,Gillnet,15/7/2024,NA,NA,649,NA,NA,NA,NA,-18.10341667,122.350375,Thangoo,Roebuck Bay,FALSE,0
Lates calcarifer,Gillnet,15/7/2024,NA,NA,631,NA,NA,NA,NA,-18.10341667,122.350375,Thangoo,Roebuck Bay,FALSE,0
Lates calcarifer,Gillnet,15/7/2024,NA,NA,628,NA,NA,NA,NA,-18.10341667,122.350375,Thangoo,Roebuck Bay,FALSE,0
Lates calcarifer,Gillnet,15/7/2024,BA240715-1,WAF-004089,741,5205,f,2,41.089999999999996,-18.10341667,122.350375,Thangoo,Roebuck Bay,TRUE,2
Lates calcarifer,Gillnet,15/7/2024,BA240715-2,WAF-004087,486,1290,m,2,0.6699999999999999,-18.10366833,122.35082166666666,Thangoo,Roebuck Bay,TRUE,2
Lates calcarifer,Gillnet,15/7/2024,BA240715-3,WAF-004086,648,3425,m,2,8.39,-18.10366833,122.35082166666666,Thangoo,Roebuck Bay,TRUE,2
Lates calcarifer,Gillnet,15/7/2024,NA,NA,624,NA,NA,NA,NA,-18.10396667,122.35133333333333,Thangoo,Roebuck Bay,FALSE,0
Lates calcarifer,Gillnet,15/7/2024,NA,NA,708,NA,NA,NA,NA,-18.10396667,122.35133333333333,Thangoo,Roebuck Bay,FALSE,0
Lates calcarifer,Gillnet,15/7/2024,NA,NA,616,NA,NA,NA,NA,-18.10396667,122.35133333333333,Thangoo,Roebuck Bay,FALSE,0
Lates calcarifer,Gillnet,15/7/2024,NA,NA,691,NA,NA,NA,NA,-18.107235,122.3503,Thangoo,Roebuck Bay,FALSE,0
Lates calcarifer,Gillnet,15/7/2024,NA,NA,695,NA,NA,NA,NA,-18.107235,122.3503,Thangoo,Roebuck Bay,FALSE,0
Lates calcarifer,Gillnet,15/7/2024,NA,NA,694,NA,NA,NA,NA,-18.107235,122.3503,Thangoo,Roebuck Bay,FALSE,0
Lates calcarifer,Gillnet,15/7/2024,NA,NA,659,NA,NA,NA,NA,-18.107235,122.3503,Thangoo,Roebuck Bay,FALSE,0
Lates calcarifer,Gillnet,15/7/2024,NA,NA,679,NA,NA,NA,NA,-18.107235,122.3503,Thangoo,Roebuck Bay,FALSE,0
Lates calcarifer,Gillnet,15/7/2024,NA,NA,673,NA,NA,NA,NA,-18.107235,122.3503,Thangoo,Roebuck Bay,FALSE,0
Lates calcarifer,Gillnet,15/7/2024,NA,NA,631,NA,NA,NA,NA,-18.107235,122.3503,Thangoo,Roebuck Bay,FALSE,0
Lates calcarifer,Gillnet,15/7/2024,NA,NA,690,NA,NA,NA,NA,-18.107235,122.3503,Thangoo,Roebuck Bay,FALSE,0
Lates calcarifer,Gillnet,15/7/2024,NA,NA,688,NA,NA,NA,NA,-18.107235,122.3503,Thangoo,Roebuck Bay,FALSE,0
Lates calcarifer,Gillnet,15/7/2024,NA,NA,645,NA,NA,NA,NA,-18.107235,122.3503,Thangoo,Roebuck Bay,FALSE,0
Lates calcarifer,Gillnet,15/7/2024,NA,NA,624,NA,NA,NA,NA,-18.107235,122.3503,Thangoo,Roebuck Bay,FALSE,0
Lates calcarifer,Gillnet,15/7/2024,BA240715-4,WAF-004082,807,7065,f,2,44.73,-18.107235,122.3503,Thangoo,Roebuck Bay,TRUE,2
Lates calcarifer,Gillnet,15/7/2024,NA,NA,618,NA,NA,NA,NA,-18.10752,122.35100166666666,Thangoo,Roebuck Bay,FALSE,0
Lates calcarifer,Gillnet,15/7/2024,NA,NA,720,NA,NA,NA,NA,-18.10752,122.35100166666666,Thangoo,Roebuck Bay,FALSE,0
Lates calcarifer,Gillnet,15/7/2024,NA,NA,NA,NA,NA,NA,NA,-18.10752,122.35100166666666,Thangoo,Roebuck Bay,FALSE,0
Lates calcarifer,Gillnet,15/7/2024,NA,NA,NA,NA,NA,NA,NA,-18.10752,122.35100166666666,Thangoo,Roebuck Bay,FALSE,0
Lates calcarifer,Gillnet,15/7/2024,NA,NA,663,NA,NA,NA,NA,-18.10752,122.35100166666666,Thangoo,Roebuck Bay,FALSE,0
Lates calcarifer,Gillnet,15/7/2024,NA,NA,585,NA,NA,NA,NA,-18.10752,122.35100166666666,Thangoo,Roebuck Bay,FALSE,0
Lates calcarifer,Gillnet,15/7/2024,NA,NA,753,NA,NA,NA,NA,-18.10752,122.35100166666666,Thangoo,Roebuck Bay,FALSE,0
Lates calcarifer,Gillnet,15/7/2024,NA,NA,713,NA,NA,NA,NA,-18.10752,122.35100166666666,Thangoo,Roebuck Bay,FALSE,0
Lates calcarifer,Gillnet,20/7/2024,BA240720-1,WAF-004095,639,3620,m,2,3.73,-18.137542,122.3497,Thangoo,Roebuck Bay,TRUE,2
Lates calcarifer,Gillnet,21/7/2024,BA240721-4,WAF-006416,674,3830,m,2,NA,-17.98714,122.31751666666666,Gurbinwilla,Roebuck Bay,TRUE,2
Lates calcarifer,Gillnet,21/7/2024,NA,NA,598,NA,NA,NA,NA,-17.98637,122.31783,Gurbinwilla,Roebuck Bay,FALSE,0
Lates calcarifer,Gillnet,21/7/2024,NA,NA,604,NA,NA,NA,NA,-17.98637,122.31783,Gurbinwilla,Roebuck Bay,FALSE,0
Lates calcarifer,Gillnet,21/7/2024,BA240721-1,WAF-006408,640,3145,m,2,NA,-17.98637,122.31783,Gurbinwilla,Roebuck Bay,TRUE,2
Lates calcarifer,Gillnet,21/7/2024,NA,NA,585,NA,NA,NA,NA,-17.978315,122.32042333333334,Gurbinwilla,Roebuck Bay,FALSE,0
Lates calcarifer,Gillnet,21/7/2024,NA,NA,631,NA,NA,NA,NA,-17.978315,122.32042333333334,Gurbinwilla,Roebuck Bay,FALSE,0
Lates calcarifer,Gillnet,21/7/2024,NA,NA,672,NA,NA,NA,NA,-17.978315,122.32042333333334,Gurbinwilla,Roebuck Bay,FALSE,0
Lates calcarifer,Gillnet,21/7/2024,NA,NA,800,NA,NA,NA,NA,-17.978315,122.32042333333334,Gurbinwilla,Roebuck Bay,FALSE,0
Lates calcarifer,Gillnet,21/7/2024,NA,NA,800,NA,NA,NA,NA,-17.978315,122.32042333333334,Gurbinwilla,Roebuck Bay,FALSE,0
Lates calcarifer,Gillnet,21/7/2024,NA,NA,685,NA,NA,NA,NA,-17.978315,122.32042333333334,Gurbinwilla,Roebuck Bay,FALSE,0
Lates calcarifer,Gillnet,21/7/2024,NA,NA,612,NA,NA,NA,NA,-17.978315,122.32042333333334,Gurbinwilla,Roebuck Bay,FALSE,0
Lates calcarifer,Gillnet,21/7/2024,BA240721-3,WAF-006415,825,8080,f,2,45,-17.978315,122.32042333333334,Gurbinwilla,Roebuck Bay,TRUE,2
Lates calcarifer,Gillnet,21/7/2024,NA,NA,660,NA,NA,NA,NA,-17.979,122.32043333333333,Gurbinwilla,Roebuck Bay,FALSE,0
Lates calcarifer,Gillnet,21/7/2024,BA240721-2,WAF-006414,592,2490,m,2,NA,-17.979,122.32043333333333,Gurbinwilla,Roebuck Bay,TRUE,2
Lates calcarifer,Gillnet,22/7/2024,NA,NA,740,NA,NA,NA,NA,-17.98576167,122.31335833333333,Gurbinwilla,Roebuck Bay,FALSE,0
Lates calcarifer,Gillnet,22/7/2024,BA240722-3,WAF-006425,742,5140,f,2,NA,-17.98576167,122.31335833333333,Gurbinwilla,Roebuck Bay,TRUE,2
Lates calcarifer,Gillnet,22/7/2024,BA240722-4,WAF-006426,663,3850,f,2,NA,-17.98576167,122.31335833333333,Gurbinwilla,Roebuck Bay,TRUE,2
Lates calcarifer,Gillnet,22/7/2024,NA,NA,810,NA,NA,NA,NA,-17.986585,122.31355166666667,Gurbinwilla,Roebuck Bay,FALSE,0
Lates calcarifer,Gillnet,22/7/2024,BA240722-1,WAF-006423,668,3385,m,2,NA,-17.986585,122.31355166666667,Gurbinwilla,Roebuck Bay,TRUE,2
Lates calcarifer,Gillnet,22/7/2024,BA240722-2,WAF-006424,695,4480,f,2,NA,-17.986585,122.31355166666667,Gurbinwilla,Roebuck Bay,TRUE,2
Lates calcarifer,Gillnet,24/7/2024,BA240724-1,NA,656,3160,f,2,NA,-17.98139167,122.26766666666667,Dampier Creek,Roebuck Bay,FALSE,2
Lates calcarifer,Gillnet,24/7/2024,BA240724-2,NA,586,2365,m,2,NA,-17.98139167,122.26766666666667,Dampier Creek,Roebuck Bay,FALSE,2
Lates calcarifer,Gillnet,24/7/2024,BA240724-3,NA,605,2875,f,2,NA,-17.98139167,122.26766666666667,Dampier Creek,Roebuck Bay,FALSE,2
Lates calcarifer,Gillnet,25/7/2024,NA,NA,708,NA,NA,NA,NA,-18.020415,122.33865166666666,Crab Creek,Roebuck Bay,FALSE,0
Lates calcarifer,Gillnet,25/7/2024,NA,NA,719,NA,NA,NA,NA,-18.020415,122.33865166666666,Crab Creek,Roebuck Bay,FALSE,0
Lates calcarifer,Gillnet,25/7/2024,NA,NA,644,NA,NA,NA,NA,-18.020415,122.33865166666666,Crab Creek,Roebuck Bay,FALSE,0
Lates calcarifer,Gillnet,25/7/2024,NA,NA,674,NA,NA,NA,NA,-18.020415,122.33865166666666,Crab Creek,Roebuck Bay,FALSE,0
Lates calcarifer,Gillnet,25/7/2024,BA240725-1,NA,654,3465,m,2,NA,-18.020415,122.33865166666666,Crab Creek,Roebuck Bay,FALSE,2
Lates calcarifer,Gillnet,25/7/2024,BA240725-2,NA,793,6320,f,2,NA,-18.020415,122.33865166666666,Crab Creek,Roebuck Bay,FALSE,2
Lates calcarifer,Gillnet,25/7/2024,BA240725-3,NA,684,4140,m,2,NA,-18.020415,122.33865166666666,Crab Creek,Roebuck Bay,FALSE,2
Lates calcarifer,Gillnet,25/7/2024,NA,NA,662,NA,NA,NA,NA,-18.02098,122.33932,Crab Creek,Roebuck Bay,FALSE,0
Lates calcarifer,Gillnet,25/7/2024,NA,NA,723,NA,NA,NA,NA,-18.02098,122.33932,Crab Creek,Roebuck Bay,FALSE,0
Lates calcarifer,Gillnet,25/7/2024,NA,NA,655,NA,NA,NA,NA,-18.01816667,122.35461833333333,Crab Creek,Roebuck Bay,FALSE,0
Lates calcarifer,Gillnet,25/7/2024,NA,NA,658,NA,NA,NA,NA,-18.01816667,122.35461833333333,Crab Creek,Roebuck Bay,FALSE,0
Lates calcarifer,Gillnet,7/9/2024,BA240907-1,WAF-006487,750,5390,f,2,17.45,-17.996428,122.2162983,Simpson Beach,Roebuck Bay,TRUE,NA
Lates calcarifer,Gillnet,7/9/2024,BA240907-2,WAF-006488,556,2020,m,2,1.45,-17.996428,122.2162983,Simpson Beach,Roebuck Bay,TRUE,NA
Lates calcarifer,Gillnet,8/9/2024,BAR240908-1,WAF-006494,644,NA,m,2,6.57,-17.989979,122.358863,Crab Creek,Roebuck Bay,TRUE,2
Lates calcarifer,Gillnet,8/9/2024,BAR240908-2,WAF-006495,674,NA,m,2,7.64,-17.989979,122.358863,Crab Creek,Roebuck Bay,TRUE,2
Lates calcarifer,Gillnet,9/9/2024,BAR240909-1,WAF-007605,750,5377,f,2,44.04,-18.052791,122.354899,The Fingers,Roebuck Bay,TRUE,2
Lates calcarifer,Gillnet,10/9/2024,BAR240910-1,WAF-007623,761,NA,f,2,50,-17.980626,122.298888,Black Ledge,Roebuck Bay,TRUE,2
Lates calcarifer,Gillnet,16/9/2024,BAR240916-1,WAF-007634,645,NA,m,2,3.15,-18.18212833,122.26515333333333,Thangoo,Roebuck Bay,TRUE,2
Lates calcarifer,Gillnet,16/9/2024,BAR240916-2,WAF-007635,634,3150,m,2,3.76,-18.18212833,122.26515333333333,Thangoo,Roebuck Bay,TRUE,2
Lates calcarifer,Gillnet,18/9/2024,BAR240918-1,WAF-007642,769,5400,f,2,71.3,-18.161981,122.147001,Bush Point,Roebuck Bay,TRUE,2
Lates calcarifer,Gillnet,18/9/2024,BAR240918-2,WAF-007643,733,4650,f,2,47.09,-18.161981,122.147001,Bush Point,Roebuck Bay,TRUE,2
Lates calcarifer,Gillnet,18/9/2024,BAR240918-3,WAF-007649,804,6150,f,2,79,-18.162124,122.147322,Bush Point,Roebuck Bay,TRUE,2
Lates calcarifer,Gillnet,18/9/2024,BAR240918-4,WAF-007652,712,4550,f,2,52,-18.162124,122.147322,Bush Point,Roebuck Bay,TRUE,2
Lates calcarifer,Gillnet,18/9/2024,BAR240918-5,WAF-007653,742,5150,f,2,67,-18.162124,122.147322,Bush Point,Roebuck Bay,TRUE,2
Lates calcarifer,Gillnet,18/9/2024,BAR240918-7,WAF-007655,719,4750,f,2,59,-18.162124,122.147322,Bush Point,Roebuck Bay,TRUE,2
Lates calcarifer,Gillnet,18/9/2024,BAR240918-8,WAF-007656,682,3600,m,2,3.25,-18.162124,122.147322,Bush Point,Roebuck Bay,TRUE,2
Lates calcarifer,Gillnet,18/9/2024,BAR240918-6,WAF-007654,727,5060,f,2,67,-18.162689,122.147985,Bush Point,Roebuck Bay,TRUE,2
Lates calcarifer,Line,16/10/2022,NA,WAF-001090,NA,NA,NA,NA,NA,NA,NA,Unknown site King Sound,King Sound,TRUE,NA
Lates calcarifer,Line,15/9/2023,BA230915-1,NA,650,NA,NA,NA,NA,-18.64653726,121.7886623,Bait Creek,Lagrange Bay,FALSE,2
Lates calcarifer,Line,15/9/2023,BA230915-1,NA,650,NA,NA,NA,NA,-18.64653726,121.7886623,Bait Creek,Lagrange Bay,FALSE,2
Lates calcarifer,Line,19/9/2023,BA230919-1,NA,409,720,m,2,NA,-14.986229,128.081871,Thompson River,Cambridge Gulf,FALSE,2
Lates calcarifer,Line,19/9/2023,BA230919-3,NA,560,NA,m,2,NA,-14.986229,128.081871,Thompson River,Cambridge Gulf,FALSE,2
Lates calcarifer,Line,19/9/2023,BA230919-4,NA,560,NA,m,2,NA,-14.986229,128.081871,Thompson River,Cambridge Gulf,FALSE,2
Lates calcarifer,Line,19/9/2023,BA230919-5,NA,542,NA,m,2,NA,-14.986229,128.081871,Thompson River,Cambridge Gulf,FALSE,2
Lates calcarifer,Line,19/9/2023,BA230919-2,NA,479,1415,m,2,NA,-15.072757,128.065591,Malcolm Creek,Cambridge Gulf,FALSE,2
Lates calcarifer,Line,20/9/2023,BA230920-1,WAF-003767,658,2970,m,2,NA,-14.86774019,128.0892916,Lynne River,Cambridge Gulf,TRUE,2
Lates calcarifer,Line,20/9/2023,BA230920-2,WAF-003768,463,1169,m,2,NA,-14.86774019,128.0892916,Lynne River,Cambridge Gulf,TRUE,2
Lates calcarifer,Line,20/9/2023,BA230920-3,WAF-003769,515,1410,m,2,NA,-14.86774019,128.0892916,Lynne River,Cambridge Gulf,TRUE,2
Lates calcarifer,Line,20/9/2023,BA230920-4,WAF-003770,420,820,m,2,NA,-14.86774019,128.0892916,Lynne River,Cambridge Gulf,TRUE,2
Lates calcarifer,Line,20/9/2023,BA230920-5,WAF-003771,531,1683,m,2,NA,-14.86774019,128.0892916,Lynne River,Cambridge Gulf,TRUE,2
Lates calcarifer,Line,20/9/2023,BA230920-6,WAF-003772,476,1220,m,2,NA,-14.86774019,128.0892916,Lynne River,Cambridge Gulf,TRUE,2
Lates calcarifer,Line,20/9/2023,BA230920-7,WAF-003773,609,2500,m,2,NA,-14.86774019,128.0892916,Lynne River,Cambridge Gulf,TRUE,2
Lates calcarifer,Line,20/9/2023,BA230920-8,WAF-003774,410,765,m,1,NA,-14.86774019,128.0892916,Lynne River,Cambridge Gulf,TRUE,2
Lates calcarifer,Line,20/9/2023,BA230920-9,WAF-003775,396,615,m,1,NA,-14.86774019,128.0892916,Lynne River,Cambridge Gulf,TRUE,2
Lates calcarifer,Line,25/9/2023,BA230925-1,WAF-003777,520,1526,m,2,NA,-14.745258,128.15582,Helby River,Cambridge Gulf,TRUE,2
Lates calcarifer,Line,25/9/2023,BA230925-2,WAF-003034,374,NA,m,1,NA,-14.745258,128.15582,Helby River,Cambridge Gulf,TRUE,2
Lates calcarifer,Line,25/9/2023,BA230925-3,WAF-003035,305,290,m,1,NA,-14.745258,128.15582,Helby River,Cambridge Gulf,TRUE,2
Lates calcarifer,Line,25/9/2023,BA230925-4,WAF-003036,770,NA,m,2,NA,-14.745258,128.15582,Helby River,Cambridge Gulf,TRUE,2
Lates calcarifer,Gillnet,7/7/2025,BAR250707-01,WAF-013490,796,6100,m,2,5.94,-16.383437,123.843884,Dugong Bay,Talbot Bay,TRUE,2
Lates calcarifer,Gillnet,7/7/2025,BAR250707-02,WAF-013491,725,4650,m,2,3.68,-16.383437,123.843884,Dugong Bay,Talbot Bay,TRUE,2
Lates calcarifer,Gillnet,7/7/2025,BAR250707-04,WAF-013400,735,3950,m,2,1.49,-16.38417,123.841703,Dugong Bay,Talbot Bay,TRUE,2
Lates calcarifer,Gillnet,7/7/2025,BAR250707-05,WAF-013401,684,3300,f,2,14.27,-16.38417,123.841703,Dugong Bay,Talbot Bay,TRUE,2
Lates calcarifer,Gillnet,7/7/2025,BAR250707-06,WAF-013402,604,2150,m,2,1.89,-16.38417,123.841703,Dugong Bay,Talbot Bay,TRUE,2
Lates calcarifer,Gillnet,7/7/2025,BAR250707-03,WAF-013497,698,3650,m,2,1.31,-16.384545,123.838802,Dugong Bay,Talbot Bay,TRUE,2
Lates calcarifer,Gillnet,8/7/2025,BAR250708-01,WAF-013493,824,5550,m,2,3.65,-16.356185,123.838413,Dugong Bay,Talbot Bay,TRUE,2
Lates calcarifer,Gillnet,8/7/2025,BAR250708-02,WAF-013494,676,3250,m,2,3.35,-16.356185,123.838413,Dugong Bay,Talbot Bay,TRUE,2
Lates calcarifer,Line,8/7/2025,BAR250708-03,WAF-013495,578,2100,m,2,0.4,-16.388321,123.86468,Dugong Bay,Talbot Bay,TRUE,2
Lates calcarifer,Line,8/7/2025,BAR250708-04,WAF-013496,716,4150,f,2,9.78,-16.388321,123.86468,Dugong Bay,Talbot Bay,TRUE,2
Lates calcarifer,Gillnet,8/7/2025,BAR250708-05,WAF-013498,732,4850,f,2,14.44,-16.356185,123.838413,Dugong Bay,Talbot Bay,TRUE,2
Lates calcarifer,Gillnet,8/7/2025,BAR250708-06,WAF-013499,805,5850,m,2,5.18,-16.362053,123.840248,Dugong Bay,Talbot Bay,TRUE,2
Lates calcarifer,Line,9/7/2025,BAR250709-01,WAF-013492,739,4350,m,2,3.22,-16.392282,123.898815,Dugong Bay,Talbot Bay,TRUE,2
Lates calcarifer,Gillnet,10/7/2025,BA250710-1,WAF-013422,560,2390,m,2,0.29,-16.52811667,123.63661333333333,Southeastern Cone Bay,Cone Bay,TRUE,2
Lates calcarifer,Gillnet,10/7/2025,BA250710-2,WAF-013423,688,3810,f,2,6.55,-16.52811667,123.63661333333333,Southeastern Cone Bay,Cone Bay,TRUE,2
Lates calcarifer,Gillnet,10/7/2025,BA250710-3,WAF-013424,624,2750,f,2,6.42,-16.52811667,123.63661333333333,Southeastern Cone Bay,Cone Bay,TRUE,2
Lates calcarifer,Gillnet,10/7/2025,BA250710-4,WAF-013425,515,1970,m,2,0.51,-16.52811667,123.63661333333333,Southeastern Cone Bay,Cone Bay,TRUE,2
Lates calcarifer,Gillnet,10/7/2025,BA250710-5,WAF-013426,679,4210,f,2,16.27,-16.52811667,123.63661333333333,Southeastern Cone Bay,Cone Bay,TRUE,2
Lates calcarifer,Gillnet,10/7/2025,BA250710-6,WAF-013427,701,4770,f,2,22.36,-16.52811667,123.63661333333333,Southeastern Cone Bay,Cone Bay,TRUE,2
Lates calcarifer,Gillnet,10/7/2025,BA250710-7,WAF-013428,546,2060,m,2,0.86,-16.52811667,123.63661333333333,Southeastern Cone Bay,Cone Bay,TRUE,2
Lates calcarifer,Gillnet,10/7/2025,BA250710-8,WAF-013429,560,2650,m,2,1.98,-16.52811667,123.63661333333333,Southeastern Cone Bay,Cone Bay,TRUE,2
Lates calcarifer,Gillnet,10/7/2025,BA250710-9,WAF-013430,557,2260,f,2,2.37,-16.52811667,123.63661333333333,Southeastern Cone Bay,Cone Bay,TRUE,2
Lates calcarifer,Gillnet,10/7/2025,BA250710-10,WAF-013431,652,3590,f,2,8.04,-16.52811667,123.63661333333333,Southeastern Cone Bay,Cone Bay,TRUE,2
Lates calcarifer,Gillnet,10/7/2025,BA250710-11,WAF-013432,531,1900,f,2,2.77,-16.52811667,123.63661333333333,Southeastern Cone Bay,Cone Bay,TRUE,2
Lates calcarifer,Gillnet,10/7/2025,BA250710-12,WAF-013433,513,1620,m,2,0.22,-16.52768667,123.63614166666666,Southeastern Cone Bay,Cone Bay,TRUE,2
Lates calcarifer,Gillnet,10/7/2025,BA250710-13,WAF-013434,684,4210,f,2,11.82,-16.52768667,123.63614166666666,Southeastern Cone Bay,Cone Bay,TRUE,2
Lates calcarifer,Gillnet,10/7/2025,BA250710-14,WAF-013435,650,3180,f,2,15.92,-16.52768667,123.63614166666666,Southeastern Cone Bay,Cone Bay,TRUE,2
Lates calcarifer,Gillnet,10/7/2025,BA250710-15,WAF-013436,683,4560,f,2,7.45,-16.52768667,123.63614166666666,Southeastern Cone Bay,Cone Bay,TRUE,2
Lates calcarifer,Line,10/7/2025,BA250710-16,WAF-013438,534,2110,m,2,0.16,-16.528863,123.656701,Cone Bay Creek,Cone Bay,TRUE,2
Lates calcarifer,Line,10/7/2025,BA250710-17,WAF-013439,439,1220,m,2,0.36,-16.528863,123.656701,Cone Bay Creek,Cone Bay,TRUE,2
Lates calcarifer,Line,10/7/2025,BA250710-18,WAF-013440,532,2290,m,2,0.66,-16.528863,123.656701,Cone Bay Creek,Cone Bay,TRUE,2
Lates calcarifer,Line,10/7/2025,BA250710-19,WAF-013441,633,3320,f,2,4.38,-16.528863,123.656701,Cone Bay Creek,Cone Bay,TRUE,2
Lates calcarifer,Line,10/7/2025,BA250710-20,WAF-013442,491,1740,m,2,0.74,-16.528863,123.656701,Cone Bay Creek,Cone Bay,TRUE,1
Lates calcarifer,Line,10/7/2025,BA250710-21,WAF-013443,514,1690,f,2,2.24,-16.528863,123.656701,Cone Bay Creek,Cone Bay,TRUE,2
Lates calcarifer,Line,10/7/2025,BA250710-22,WAF-013444,511,1680,m,2,0.37,-16.528863,123.656701,Cone Bay Creek,Cone Bay,TRUE,2
Lates calcarifer,Line,10/7/2025,BA250710-23,WAF-013445,465,1280,m,2,0.47,-16.528863,123.656701,Cone Bay Creek,Cone Bay,TRUE,2
Lates calcarifer,Line,10/7/2025,BA250710-24,WAF-013446,401,770,m,2,0.11,-16.528863,123.656701,Cone Bay Creek,Cone Bay,TRUE,2
Lates calcarifer,Line,11/7/2025,BA250711-1,WAF-013449,518,1900,m,2,0.58,-16.4184,123.71776166666666,Kammargoorh River,Strickland Bay,TRUE,2
Lates calcarifer,Gillnet,11/7/2025,BA250711-2,WAF-013450,610,3280,m,2,0.96,-16.4184,123.71776166666666,Kammargoorh River,Strickland Bay,TRUE,2
Lates calcarifer,Gillnet,11/7/2025,BA250711-3,WAF-013451,677,4000,f,2,22.41,-16.4184,123.71776166666666,Kammargoorh River,Strickland Bay,TRUE,2
Lates calcarifer,Gillnet,11/7/2025,BA250711-4,WAF-013483,579,2360,m,2,1.45,-16.41872667,123.71994666666667,Kammargoorh River,Strickland Bay,TRUE,2
Lates calcarifer,Gillnet,11/7/2025,BA250711-5,WAF-013484,541,NA,f,2,17.84,-16.41872667,123.71994666666667,Kammargoorh River,Strickland Bay,TRUE,2
Lates calcarifer,Gillnet,11/7/2025,BA250711-6,WAF-013485,556,2190,m,2,1.7,-16.41872667,123.71994666666667,Kammargoorh River,Strickland Bay,TRUE,2
Lates calcarifer,Cast Net,12/7/2025,BA250712-1,WAF-013486,344,530,m,1,0.2,-16.4216,123.723,Kammargoorh River,Strickland Bay,TRUE,2
Lates calcarifer,Cast Net,12/7/2025,BA250712-2,WAF-013487,320,440,m,1,0.23,-16.4216,123.723,Kammargoorh River,Strickland Bay,TRUE,2
Lates calcarifer,Cast Net,12/7/2025,BA250712-3,WAF-013488,282,310,m,1,0.18,-16.4216,123.723,Kammargoorh River,Strickland Bay,TRUE,2
Lates calcarifer,Cast Net,12/7/2025,BA250712-4,WAF-013489,267,260,m,1,0.18,-16.4216,123.723,Kammargoorh River,Strickland Bay,TRUE,2
Lates calcarifer,Gillnet,12/7/2025,BA250712-5,WAF-011600,687,3700,m,2,1.41,-16.41969,123.71965333333333,Kammargoorh River,Strickland Bay,TRUE,2
Lates calcarifer,Gillnet,12/7/2025,BA250712-6,WAF-011601,544,1760,m,2,1.19,-16.41843333,123.71898,Kammargoorh River,Strickland Bay,TRUE,2
Lates calcarifer,Gillnet,12/7/2025,BA250712-7,WAF-011602,612,NA,f,2,8.73,-16.41843333,123.71898,Kammargoorh River,Strickland Bay,TRUE,2
Lates calcarifer,Gillnet,13/7/2025,BA250713-1,WAF-013481,621,2770,f,2,7.8,-16.44013333,123.620135,South Strickland Bay,Strickland Bay,TRUE,2
Lates calcarifer,Gillnet,13/7/2025,BA250713-2,WAF-013482,570,2090,m,2,0.91,-16.44013333,123.620135,South Strickland Bay,Strickland Bay,TRUE,2
Lates calcarifer,Gillnet,13/7/2025,BA250713-3,NA,720,4560,m,2,1.21,-16.849,123.78611666666667,Dam Creek,Kimbolton,TRUE,2
Lates calcarifer,Gillnet,13/7/2025,BA250713-4,NA,760,4760,m,2,0.78,-16.849,123.78611666666667,Dam Creek,Kimbolton,TRUE,2
Lates calcarifer,Gillnet,13/7/2025,BA250713-5,NA,860,8050,m,2,2.11,-16.849,123.78611666666667,Dam Creek,Kimbolton,TRUE,2
Lates calcarifer,Gillnet,13/7/2025,BA250713-6,NA,775,5730,m,2,0.91,-16.84991667,123.78543666666667,Dam Creek,Kimbolton,TRUE,2
Lates calcarifer,Gillnet,14/7/2025,BA250714-1,WAF-011608,914,9700,m,2,7.87,-16.83453833,123.77529166666666,Dam Creek,Kimbolton,TRUE,2
Lates calcarifer,Gillnet,14/7/2025,BA250714-2,WAF-011609,688,3750,m,2,0.3,-16.83453833,123.77529166666666,Dam Creek,Kimbolton,TRUE,2
Lates calcarifer,Gillnet,14/7/2025,BA250714-3,WAF-011610,725,4570,m,2,1.23,-16.83453833,123.77529166666666,Dam Creek,Kimbolton,TRUE,2
Lates calcarifer,Gillnet,14/7/2025,BA250714-4,WAF-011611,631,3100,m,2,0.67,-16.83453833,123.77529166666666,Dam Creek,Kimbolton,TRUE,2
Lates calcarifer,Gillnet,14/7/2025,BA250714-5,WAF-011612,668,3380,m,2,1.09,-16.83453833,123.77529166666666,Dam Creek,Kimbolton,TRUE,2
Lates calcarifer,Gillnet,14/7/2025,BA250714-6,WAF-011613,680,3770,m,2,1.1,-16.83453833,123.77529166666666,Dam Creek,Kimbolton,TRUE,2
Lates calcarifer,Gillnet,14/7/2025,BA250714-7,WAF-011614,710,4280,m,2,1.7,-16.83453833,123.77529166666666,Dam Creek,Kimbolton,TRUE,2
Lates calcarifer,Gillnet,14/7/2025,BA250714-8,WAF-011615,535,1970,m,2,NA,-16.83453833,123.77529166666666,Dam Creek,Kimbolton,TRUE,2
Lates calcarifer,Gillnet,14/7/2025,BA250714-9,WAF-011621,645,3110,m,2,0.35,-16.83453833,123.77529166666666,Dam Creek,Kimbolton,TRUE,2
Lates calcarifer,Gillnet,14/7/2025,BA250714-10,WAF-011622,580,2550,m,2,0.26,-16.83453833,123.77529166666666,Dam Creek,Kimbolton,TRUE,2
Lates calcarifer,Gillnet,14/7/2025,BA250714-11,WAF-011623,695,4510,m,2,1.29,-16.83453833,123.77529166666666,Dam Creek,Kimbolton,TRUE,2
Lates calcarifer,Gillnet,14/7/2025,BA250714-12,WAF-011624,658,4150,m,2,3.03,-16.83453833,123.77529166666666,Dam Creek,Kimbolton,TRUE,2
Lates calcarifer,Gillnet,14/7/2025,BA250714-13,WAF-011625,760,5220,m,2,1.84,-16.83453833,123.77529166666666,Dam Creek,Kimbolton,TRUE,2
Lates calcarifer,Gillnet,14/7/2025,BA250714-14,WAF-011626,554,2260,m,2,0.87,-16.83453833,123.77529166666666,Dam Creek,Kimbolton,TRUE,2
Lates calcarifer,Gillnet,14/7/2025,BA250714-15,WAF-011627,530,2060,m,2,0.58,-16.83453833,123.77529166666666,Dam Creek,Kimbolton,TRUE,2
Lates calcarifer,Gillnet,14/7/2025,BA250714-16,WAF-011628,641,3290,m,2,1.06,-16.83453833,123.77529166666666,Dam Creek,Kimbolton,TRUE,2
Lates calcarifer,Gillnet,14/7/2025,BA250714-17,WAF-011629,588,2620,m,2,0.58,-16.83453833,123.77529166666666,Dam Creek,Kimbolton,TRUE,2
Lates calcarifer,Gillnet,14/7/2025,BA250714-18,WAF-011634,745,4270,f,2,21.49,-16.82742833,123.77298833333333,Dam Creek,Kimbolton,TRUE,2
Lates calcarifer,Gillnet,4/8/2025,NA,NA,570,NA,NA,NA,NA,-18.174681,122.256284,Bush Point,Roebuck Bay,FALSE,0
Lates calcarifer,Gillnet,4/8/2025,NA,NA,720,NA,NA,NA,NA,-18.17517,122.256698,Bush Point,Roebuck Bay,FALSE,NA
Lates calcarifer,Gillnet,5/8/2025,BA250805-1,WAF-013395,560,2430,m,2,2.81,-18.158712,122.298913,Thangoo,Roebuck Bay,TRUE,2
Lates calcarifer,Gillnet,5/8/2025,BA250805-2,WAF-013396,563,2360,m,2,1.81,-18.158712,122.298913,Thangoo,Roebuck Bay,TRUE,2
Lates calcarifer,Gillnet,5/8/2025,BA250805-3,WAF-013397,512,1910,m,2,2.26,-18.158712,122.298913,Thangoo,Roebuck Bay,TRUE,2
Lates calcarifer,Gillnet,5/8/2025,NA,NA,565,NA,NA,NA,NA,-18.158712,122.298913,Thangoo,Roebuck Bay,FALSE,NA
Lates calcarifer,Gillnet,5/8/2025,NA,NA,631,NA,NA,NA,NA,-18.158712,122.298913,Thangoo,Roebuck Bay,FALSE,NA
Lates calcarifer,Gillnet,5/8/2025,NA,NA,618,NA,NA,NA,NA,-18.158712,122.298913,Thangoo,Roebuck Bay,FALSE,NA
Lates calcarifer,Gillnet,5/8/2025,NA,NA,636,NA,NA,NA,NA,-18.158703,122.298705,Thangoo,Roebuck Bay,FALSE,NA
Lates calcarifer,Gillnet,6/8/2025,BA250806-1,WAF-013388,588,2830,m,2,1.72,-17.985988,122.350104,Gurbinwilla,Roebuck Bay,TRUE,2
Lates calcarifer,Gillnet,6/8/2025,BA250806-2,WAF-013387,702,5350,f,2,33.77,-17.983797,122.351523,Gurbinwilla,Roebuck Bay,TRUE,2
Lates calcarifer,Gillnet,6/8/2025,BA250806-3,WAF-013386,714,5150,f,2,38.27,-17.983797,122.351523,Gurbinwilla,Roebuck Bay,TRUE,2
Lates calcarifer,Gillnet,6/8/2025,BA250806-4,WAF-013385,567,2530,m,2,2.5,-17.983713,122.331932,Gurbinwilla,Roebuck Bay,TRUE,2
Lates calcarifer,Gillnet,6/8/2025,BA250806-5,WAF-013384,645,3780,m,2,5.7,-17.983713,122.331932,Gurbinwilla,Roebuck Bay,TRUE,2
Lates calcarifer,Gillnet,6/8/2025,NA,NA,780,NA,NA,NA,NA,-17.983797,122.351523,Gurbinwilla,Roebuck Bay,FALSE,NA
Lates calcarifer,Gillnet,6/8/2025,NA,NA,698,NA,NA,NA,NA,-17.983713,122.331932,Gurbinwilla,Roebuck Bay,FALSE,NA
Lates calcarifer,Gillnet,7/8/2025,NA,NA,535,NA,NA,NA,NA,-18.148248,122.295168,Thangoo,Roebuck Bay,FALSE,NA
Lates calcarifer,Gillnet,7/8/2025,NA,NA,660,NA,NA,NA,NA,-18.148248,122.295168,Thangoo,Roebuck Bay,FALSE,NA
Lates calcarifer,Gillnet,7/8/2025,NA,NA,643,NA,NA,NA,NA,-18.148248,122.295168,Thangoo,Roebuck Bay,FALSE,NA
Lates calcarifer,Gillnet,7/8/2025,NA,NA,627,NA,NA,NA,NA,-18.148371,122.29573,Thangoo,Roebuck Bay,FALSE,NA
Lates calcarifer,Gillnet,7/8/2025,NA,NA,686,NA,NA,NA,NA,-18.148371,122.29573,Thangoo,Roebuck Bay,FALSE,NA
Lates calcarifer,Gillnet,7/8/2025,NA,NA,647,NA,NA,NA,NA,-18.148371,122.29573,Thangoo,Roebuck Bay,FALSE,NA
Lates calcarifer,Gillnet,7/8/2025,NA,NA,685,NA,NA,NA,NA,-18.148371,122.29573,Thangoo,Roebuck Bay,FALSE,NA
Lates calcarifer,Gillnet,7/8/2025,NA,NA,680,NA,NA,NA,NA,-18.148371,122.29573,Thangoo,Roebuck Bay,FALSE,NA
Lates calcarifer,Gillnet,7/8/2025,BA250807-1,NA,668,4260,f,2,35.27,-18.148371,122.29573,Thangoo,Roebuck Bay,FALSE,2
Lates calcarifer,Gillnet,7/8/2025,BA250807-2,NA,687,4500,f,2,27.45,-18.148371,122.29573,Thangoo,Roebuck Bay,FALSE,2
Lates calcarifer,Gillnet,7/8/2025,NA,NA,703,NA,NA,NA,NA,-18.148371,122.29573,Thangoo,Roebuck Bay,FALSE,NA
Lates calcarifer,Gillnet,8/8/2025,NA,NA,635,NA,NA,NA,NA,-18.134287,122.305718,Fingers,Roebuck Bay,FALSE,0
Lates calcarifer,Gillnet,6/10/2025,BA2501006-1,WAF-013383,669,3570,m,3,6.07,-14.478719,125.803279,Crystal Creek,Admiralty Gulf,TRUE,NA
Lates calcarifer,Gillnet,6/10/2025,BA2501006-2,WAF-013382,717,4470,f,4,34.43,-14.478719,125.803279,Crystal Creek,Admiralty Gulf,TRUE,NA
Lates calcarifer,Gillnet,6/10/2025,BA251006-3,WAF-013380,920,11200,f,3,71.29,-14.478719,125.803279,Crystal Creek,Admiralty Gulf,TRUE,NA
Lates calcarifer,Gillnet,6/10/2025,BA251006-4,WAF-013379,679,4280,m,4,9.54,-14.478719,125.803279,Crystal Creek,Admiralty Gulf,TRUE,NA
Lates calcarifer,Gillnet,6/10/2025,BA251006-5,WAF-013378,772,5310,f,4,53.86,-14.478719,125.803279,Crystal Creek,Admiralty Gulf,TRUE,NA
Lates calcarifer,Gillnet,6/10/2025,BA251006-6,WAF-013377,625,3030,m,2,4.89,-14.477854,125.804058,Crystal Creek,Admiralty Gulf,TRUE,2
Lates calcarifer,Gillnet,6/10/2025,BA251006-7,WAF-013376,692,3780,m,2,3.04,-14.477854,125.804058,Crystal Creek,Admiralty Gulf,TRUE,2
Lates calcarifer,Gillnet,6/10/2025,BA251006-8,WAF-013375,671,3940,m,4,8.82,-14.477854,125.804058,Crystal Creek,Admiralty Gulf,TRUE,2
Lates calcarifer,Gillnet,6/10/2025,BA251006-9,WAF-013374,713,4170,f,4,42.34,-14.477854,125.804058,Crystal Creek,Admiralty Gulf,TRUE,2
Lates calcarifer,Gillnet,6/10/2025,BA251006-10,WAF-013373,607,NA,m,4,9.08,-14.477854,125.804058,Crystal Creek,Admiralty Gulf,TRUE,2
Lates calcarifer,Gillnet,6/10/2025,BA251006-11,WAF-013372,603,2830,m,2,7.32,-14.477854,125.804058,Crystal Creek,Admiralty Gulf,TRUE,2
Lates calcarifer,Gillnet,6/10/2025,BA251006-12,WAF-013371,636,3080,m,4,1.31,-14.477854,125.804058,Crystal Creek,Admiralty Gulf,TRUE,2
Lates calcarifer,Gillnet,6/10/2025,BA251006-13,WAF-013370,614,2890,m,2,1.1,-14.477854,125.804058,Crystal Creek,Admiralty Gulf,TRUE,2
Lates calcarifer,Gillnet,6/10/2025,BA251006-14,WAF-013369,628,3180,m,3,2.29,-14.477854,125.804058,Crystal Creek,Admiralty Gulf,TRUE,2
Lates calcarifer,Gillnet,6/10/2025,BA251006-15,WAF-013368,636,3500,m,4,7.88,-14.477854,125.804058,Crystal Creek,Admiralty Gulf,TRUE,2
Lates calcarifer,Gillnet,6/10/2025,BA251006-16,WAF-013367,675,3970,m,4,11.4,-14.477854,125.804058,Crystal Creek,Admiralty Gulf,TRUE,2
Lates calcarifer,Gillnet,6/10/2025,BA251006-17,WAF-013366,507,1700,m,2,0.3,-14.478273,125.80387,Crystal Creek,Admiralty Gulf,TRUE,2
Lates calcarifer,Gillnet,6/10/2025,BA251006-18,WAF-013365,625,3180,m,4,4.15,-14.478273,125.80387,Crystal Creek,Admiralty Gulf,TRUE,2
Lates calcarifer,Gillnet,6/10/2025,BA251006-19,WAF-013364,586,2400,m,2,0.83,-14.478273,125.80387,Crystal Creek,Admiralty Gulf,TRUE,2
Lates calcarifer,Gillnet,6/10/2025,BA251006-20,WAF-013363,541,2000,m,3,1.1,-14.478273,125.80387,Crystal Creek,Admiralty Gulf,TRUE,2
Lates calcarifer,Line,7/10/2025,BA251007-1,WAF-013315,708,4070,m,4,13.12,-14.418326,125.655687,Walmsley Bay,Admiralty Gulf,TRUE,2
Lates calcarifer,unknown,8/10/2025,BA251008-1,WAF-013332,680,4200,m,4,8.4,-14.342619,125.67568366666666,Ngalyu Island,Admiralty Gulf,TRUE,2
Lates calcarifer,unknown,8/10/2025,BA251008-2,WAF-013331,697,4530,m,4,14.89,-14.37959,125.651914,Kankanmengarri Island,Admiralty Gulf,TRUE,2
Lates calcarifer,unknown,8/10/2025,BA251008-3,WAF-013330,682,3930,m,2,5.9,-14.37959,125.651914,Kankanmengarri Island,Admiralty Gulf,TRUE,2
Lates calcarifer,unknown,8/10/2025,BA251008-4,WAF-013329,723,5170,f,4,70.06,-14.37959,125.651914,Kankanmengarri Island,Admiralty Gulf,TRUE,2
Lates calcarifer,unknown,8/10/2025,BA251008-5,WAF-013328,869,10150,f,4,160.18,-14.342619,125.67568366666666,Ngalyu Island,Admiralty Gulf,TRUE,2
Lates calcarifer,unknown,8/10/2025,BA251008-6,WAF-013319,669,3760,m,4,3.35,-14.37959,125.651914,Kankanmengarri Island,Admiralty Gulf,TRUE,2
Lates calcarifer,unknown,8/10/2025,BA251008-7,WAF-013318,675,3810,m,4,13.55,-14.37959,125.651914,Kankanmengarri Island,Admiralty Gulf,TRUE,2
Lates calcarifer,unknown,8/10/2025,BA251008-8,WAF-013317,662,3560,m,4,12.06,-14.37959,125.651914,Kankanmengarri Island,Admiralty Gulf,TRUE,2
Lates calcarifer,unknown,8/10/2025,BA251008-9,WAF-013316,1070,14220,f,4,265.23,-14.37959,125.651914,Kankanmengarri Island,Admiralty Gulf,TRUE,2
Lates calcarifer,Line,12/5/2025,BA260512-1,WAF-011693,254,248.5,i,NA,NA,-17.923349,122.505638,Roebuck Plains Station,Roebuck Plains,TRUE,2
Lates calcarifer,Line,12/5/2025,BA260512-2,WAF-011692,185,92.5,i,NA,NA,-17.923349,122.505638,Roebuck Plains Station,Roebuck Plains,TRUE,2
Lates calcarifer,Line,12/5/2025,BA260512-3,WAF-011691,245,232.5,i,NA,NA,-17.923349,122.505638,Roebuck Plains Station,Roebuck Plains,TRUE,2
Lates calcarifer,Line,12/5/2025,BA260512-4,WAF-011690,255,269,m,1,NA,-17.923349,122.505638,Roebuck Plains Station,Roebuck Plains,TRUE,2
Lates calcarifer,Line,12/5/2025,BA260512-5,WAF-011689,242,222.5,m,1,NA,-17.923349,122.505638,Roebuck Plains Station,Roebuck Plains,TRUE,2
Lates calcarifer,Line,12/5/2025,BA260512-6,WAF-011688,248,267,m,1,NA,-17.923349,122.505638,Roebuck Plains Station,Roebuck Plains,TRUE,2
Lates calcarifer,Line,12/5/2025,BA260512-7,WAF-011687,252,272,m,1,NA,-17.923349,122.505638,Roebuck Plains Station,Roebuck Plains,TRUE,2
Lates calcarifer,Line,12/5/2025,BA260512-8,WAF-011686,210,138.5,i,NA,NA,-17.923349,122.505638,Roebuck Plains Station,Roebuck Plains,TRUE,2
Lates calcarifer,Line,12/5/2025,BA260512-9,WAF-011685,247,228,m,1,NA,-17.923349,122.505638,Roebuck Plains Station,Roebuck Plains,TRUE,2